# www.meshy.ai
mtllib Meshy_AI_Ethereal_Bow_0919174818_texture.mtl
o Meshy_AI_Ethereal_Bow_0919174818_texture
v -0.065117 0.293746 -0.078644
v -0.062140 0.283882 -0.085103
v -0.068818 0.296192 -0.089593
v -0.059925 0.278764 -0.077122
v -0.058088 0.276451 -0.088998
v -0.068103 0.288983 -0.088040
v 0.004259 0.573010 -0.084542
v 0.001041 0.563069 -0.089331
v -0.001154 0.560479 -0.074503
v -0.007713 0.545362 -0.084601
v -0.000475 0.562501 -0.050768
v -0.005751 0.549983 -0.048772
v -0.001191 -0.559215 -0.077121
v -0.005545 -0.555296 -0.057688
v -0.004794 -0.551021 -0.080147
v -0.004147 -0.556350 -0.047798
v 0.001407 -0.566552 -0.059574
v -0.069587 -0.285290 -0.068547
v -0.070288 -0.290093 -0.079985
v -0.064944 -0.282558 -0.084621
v -0.060102 -0.274956 -0.078622
v -0.064146 -0.277065 -0.087041
v -0.028669 0.485052 -0.052193
v -0.030650 0.478910 -0.068444
v -0.031410 0.472139 -0.054173
v -0.031718 0.467926 -0.082226
v -0.029004 0.478397 -0.083374
v -0.030372 0.466396 -0.084010
v -0.034620 0.456970 -0.077044
v -0.158817 0.498253 -0.077454
v -0.159278 0.502277 -0.080759
v -0.154722 0.506714 -0.075109
v -0.149471 0.511885 -0.083193
v -0.166676 0.495033 -0.080102
v -0.162074 0.496217 -0.069951
v -0.006184 -0.216724 -0.073009
v -0.006204 -0.210678 -0.069413
v -0.002503 -0.212696 -0.058926
v 0.009052 -0.227894 -0.074631
v 0.002529 -0.213891 -0.055114
v -0.054423 0.237598 -0.065951
v -0.064923 0.241574 -0.052649
v -0.069930 0.263620 -0.062939
v -0.059452 0.258176 -0.073716
v -0.042067 -0.204413 -0.050618
v -0.040761 -0.211608 -0.054247
v -0.038162 -0.205227 -0.055362
v -0.035117 0.048217 -0.030769
v -0.041286 0.059325 -0.030419
v -0.029776 0.055703 -0.031523
v -0.028563 0.066989 -0.030635
v -0.029972 0.064387 -0.033702
v 0.162339 -0.813428 -0.001490
v 0.160774 -0.814007 -0.007204
v 0.151864 -0.807427 -0.002564
v 0.152240 -0.821792 0.016473
v 0.250949 0.982080 -0.015400
v 0.251497 0.968982 0.001557
v 0.242826 0.962718 -0.006902
v 0.260717 0.986935 -0.005189
v -0.000069 -0.561911 0.050242
v 0.000145 -0.562951 0.065088
v -0.004382 -0.552521 0.069199
v 0.002304 -0.570875 0.068672
v 0.000885 -0.561934 0.079422
v 0.005949 -0.564102 0.081944
v -0.003888 -0.552036 0.077719
v -0.002755 -0.556046 0.047169
v 0.002598 -0.572327 0.058155
v -0.061038 0.287532 0.085107
v -0.058431 0.280691 0.088028
v -0.059654 0.278225 0.076455
v -0.066211 0.285249 0.064861
v -0.056986 0.274345 0.078340
v -0.066324 0.285830 0.087751
v -0.057465 0.271090 0.087058
v 0.002023 0.551743 -0.088986
v 0.007461 0.560836 -0.089193
v 0.010453 0.229929 0.072970
v -0.006865 0.218305 0.076143
v 0.000397 0.216956 0.067744
v -0.044750 0.099078 0.036058
v -0.058929 0.085928 0.028006
v -0.045724 0.086765 0.035931
v -0.005410 0.483346 -0.028550
v 0.005675 0.491441 -0.001981
v -0.002216 0.476005 -0.015526
v 0.116440 -0.873061 -0.049252
v 0.123956 -0.877674 -0.049306
v 0.135022 -0.891542 -0.047018
v -0.071395 0.631839 0.036175
v -0.062344 0.632184 0.061555
v -0.050932 0.648218 0.049450
v -0.060325 0.012560 0.016390
v -0.065846 0.016626 0.006154
v -0.066155 0.001832 0.006131
v -0.061343 0.001461 0.016372
v 0.025874 0.612464 -0.046023
v 0.025604 0.614127 -0.063311
v 0.018564 0.598277 -0.056296
v 0.018896 0.596867 -0.043648
v 0.038067 -0.661159 -0.068276
v 0.042063 -0.669376 -0.070140
v 0.044240 -0.690295 -0.060968
v -0.063052 -0.027806 -0.011998
v -0.063337 -0.045764 -0.011614
v -0.066348 -0.038272 -0.000292
v -0.087203 -0.127209 -0.019386
v -0.085571 -0.124713 -0.008266
v -0.075619 -0.124985 -0.021890
v -0.051589 0.267155 0.087139
v -0.044981 0.251179 0.086128
v -0.045984 0.255132 0.084104
v -0.145692 -0.559552 0.057197
v -0.124468 -0.580233 0.045716
v -0.119201 -0.580980 0.061374
v 0.023474 -0.596154 -0.081543
v 0.027244 -0.598382 -0.077465
v 0.030302 -0.604534 -0.080518
v -0.030698 -0.219333 -0.073535
v -0.016250 -0.230008 -0.073331
v -0.020614 -0.219981 -0.059460
v -0.249988 -0.398705 0.022101
v -0.251594 -0.411565 -0.002992
v -0.243266 -0.409079 0.031074
v 0.087900 -0.267998 -0.006916
v 0.076178 -0.265854 -0.029380
v 0.088073 -0.264714 -0.014702
v 0.024244 0.168053 0.002348
v 0.027231 0.150496 0.001063
v 0.026670 0.150857 -0.003774
v 0.023938 0.172746 -0.002445
v -0.075438 0.620315 -0.062381
v -0.088261 0.616535 -0.035854
v -0.067717 0.634428 -0.035851
v 0.036630 -0.725639 -0.035405
v 0.035646 -0.711226 -0.036892
v 0.042900 -0.728139 -0.035802
v -0.013304 -0.242343 0.089723
v -0.014547 -0.243396 0.085173
v -0.007510 -0.248071 0.089065
v -0.199826 0.416082 -0.071324
v -0.205987 0.415892 -0.054193
v -0.203239 0.408195 -0.070039
v -0.043896 -0.358974 0.062044
v -0.043746 -0.354013 0.081152
v -0.042575 -0.342209 0.076260
v -0.036940 -0.465889 0.057541
v -0.034133 -0.476370 0.045800
v -0.035858 -0.476333 0.074022
v -0.097222 0.596569 -0.064104
v -0.113947 0.581942 -0.060833
v -0.086918 0.612400 -0.054616
v -0.073048 -0.187955 0.070807
v -0.066237 -0.198872 0.056599
v -0.065734 -0.197373 0.070617
v -0.060904 -0.029232 0.018848
v -0.047735 -0.040835 0.028645
v -0.047879 -0.030938 0.027706
v -0.014279 -0.312572 0.081500
v -0.023964 -0.329656 0.077952
v -0.010605 -0.322148 0.061964
v 0.019547 0.741662 -0.066091
v 0.029209 0.748952 -0.066682
v 0.029434 0.729050 -0.073576
v 0.095108 -0.864761 -0.042987
v 0.093000 -0.848275 -0.054437
v 0.108363 -0.876155 -0.042481
v 0.002585 0.560412 0.086738
v 0.011698 0.562777 0.069920
v 0.017136 0.581264 0.081725
v 0.000695 0.305075 0.067177
v -0.001509 0.296072 0.086439
v 0.009941 0.292021 0.070842
v -0.051854 0.201682 0.070559
v -0.036199 0.210277 0.073527
v -0.040906 0.215016 0.074897
v -0.048877 0.211576 0.070591
v 0.044495 0.617173 0.051425
v 0.037796 0.614980 0.082673
v 0.033707 0.602295 0.070832
v 0.166207 0.831608 0.024317
v 0.201690 0.841600 0.036269
v 0.174821 0.840242 0.042849
v -0.106055 0.172893 -0.001356
v -0.097403 0.185419 -0.007669
v -0.097890 0.171998 -0.013312
v 0.105748 0.855088 0.049757
v 0.107978 0.857388 0.034548
v 0.113623 0.864517 0.047096
v 0.014500 -0.555217 0.037127
v 0.011190 -0.555315 0.062713
v 0.020087 -0.572949 0.054812
v 0.111280 -0.863726 -0.052187
v -0.071843 0.286830 -0.082429
v -0.060860 0.274280 -0.087582
v 0.043781 0.626824 0.075205
v 0.038495 0.635485 0.077907
v -0.007048 0.305218 -0.085021
v 0.011041 0.294117 -0.066731
v 0.001201 0.291252 -0.090593
v -0.100397 -0.325199 -0.062239
v -0.094985 -0.323065 -0.073976
v -0.091864 -0.314086 -0.062352
v 0.099414 -0.883162 0.017222
v 0.092409 -0.880759 -0.002528
v 0.110112 -0.900589 -0.002105
v -0.007991 0.548002 -0.043445
v -0.003181 0.555413 -0.043481
v -0.004475 0.550672 -0.043400
v -0.024095 0.222437 0.058677
v -0.020053 0.227205 0.047239
v -0.025277 0.220913 0.053099
v -0.187401 -0.503785 0.059612
v -0.183968 -0.522936 0.038514
v -0.170708 -0.535300 0.054222
v -0.194747 0.465719 -0.074115
v -0.175372 0.475338 -0.081454
v -0.177897 0.465017 -0.082888
v 0.029296 0.726781 0.075527
v 0.027895 0.717039 0.077308
v 0.033668 0.722514 0.076658
v -0.100332 0.330640 -0.088049
v -0.082452 0.308310 -0.088024
v -0.094308 0.315272 -0.081737
v 0.074868 0.836587 0.046922
v 0.084601 0.848310 0.047514
v 0.086761 0.863264 0.032987
v -0.175052 0.476312 0.044554
v -0.172458 0.482585 0.047522
v -0.180005 0.466187 0.048200
v -0.177537 0.466844 0.044139
v -0.010689 0.219790 -0.071571
v 0.000081 0.218211 -0.063567
v -0.015627 0.212066 -0.071694
v -0.195365 -0.437929 -0.048187
v -0.191281 -0.447969 -0.044208
v -0.189279 -0.456923 -0.061460
v -0.196429 -0.439624 -0.057743
v -0.174990 0.471710 0.071242
v -0.176769 0.464588 0.081710
v 0.035145 -0.590225 0.020684
v 0.041110 -0.613572 0.024091
v 0.042684 -0.599814 0.007415
v 0.098813 0.874719 -0.032206
v 0.081069 0.849558 -0.035245
v 0.075309 0.846708 -0.026346
v -0.021888 0.187877 -0.072178
v -0.015989 0.181767 -0.061871
v -0.022868 0.174954 -0.060900
v -0.029314 0.181742 -0.071920
v -0.215043 -0.345759 0.028208
v -0.211587 -0.354160 0.038869
v -0.188252 -0.344345 0.032115
v -0.135814 0.580791 -0.001893
v -0.154665 0.556067 -0.033302
v -0.165851 0.556941 -0.001541
v -0.073104 0.307525 -0.086084
v -0.071843 0.306165 -0.077480
v 0.049659 0.597134 0.002217
v 0.043552 0.605248 0.031916
v 0.030102 0.575200 0.027909
v 0.132871 0.816402 -0.018740
v 0.143567 0.814036 -0.001693
v 0.127190 0.804851 0.001467
v 0.122845 0.876898 -0.023929
v 0.117142 0.867769 -0.034579
v 0.127700 0.878309 -0.034039
v 0.193609 0.894554 -0.024225
v 0.198822 0.893683 -0.017339
v 0.181609 0.872650 -0.029004
v -0.044289 0.229398 0.048653
v -0.048974 0.237691 0.054198
v -0.042530 0.227918 0.061741
v -0.057782 -0.259821 -0.051965
v -0.060098 -0.260277 -0.044350
v -0.064480 -0.267997 -0.044885
v -0.049521 -0.617337 0.076105
v -0.050475 -0.617125 0.086193
v -0.033128 -0.632258 0.087007
v 0.188357 0.862148 -0.016704
v -0.046988 0.253756 0.075653
v 0.151813 0.908087 0.030641
v 0.165397 0.915142 0.030060
v 0.159382 0.913436 0.035865
v -0.184238 -0.462533 0.051152
v -0.182736 -0.465554 0.067081
v -0.180461 -0.473311 0.047547
v -0.036396 -0.526751 -0.042918
v -0.025310 -0.508081 -0.042714
v -0.020555 -0.517562 -0.042727
v 0.189203 0.933266 0.026742
v 0.188685 0.936985 0.040523
v 0.184203 0.930070 0.029061
v -0.218913 -0.354625 -0.041119
v -0.235338 -0.345799 -0.027383
v -0.213293 -0.340717 -0.019211
v -0.043110 0.653494 0.061204
v -0.031866 0.669852 0.060730
v -0.038494 0.669143 0.034194
v -0.064314 0.596772 -0.083166
v -0.068890 0.594017 -0.086549
v -0.055479 0.606360 -0.086199
v -0.022589 -0.097847 -0.035234
v -0.021907 -0.082480 -0.034800
v -0.015100 -0.096869 -0.032728
v 0.231278 -0.952401 0.019437
v 0.244044 -0.973306 0.022321
v 0.241897 -0.965570 0.012017
v -0.231113 -0.446928 -0.027170
v -0.225469 -0.436012 -0.057746
v -0.218068 -0.464657 -0.039854
v -0.085696 0.134290 0.004575
v -0.080019 0.130631 0.015839
v -0.079985 0.135600 0.019280
v -0.013411 -0.421606 0.014144
v -0.017807 -0.409454 0.024316
v -0.018088 -0.430347 0.030359
v 0.029423 -0.155093 0.003720
v 0.018791 -0.177684 0.029635
v 0.029877 -0.166945 0.001904
v 0.059168 0.655239 0.001095
v 0.053737 0.615449 0.000503
v 0.057060 0.659253 -0.008474
v -0.074433 0.174702 0.066681
v -0.084698 0.166299 0.066141
v -0.068872 0.160169 0.064395
v -0.042673 -0.105720 -0.036338
v -0.024418 -0.105655 -0.038094
v -0.034463 -0.107816 -0.040143
v -0.033291 0.058830 0.031257
v -0.026816 0.043692 0.034589
v -0.018212 0.058852 0.029117
v -0.203498 -0.515308 -0.001648
v -0.187673 -0.536056 -0.001525
v 0.128636 0.842005 -0.036323
v 0.157388 0.845712 -0.035727
v 0.150367 0.845462 -0.046960
v 0.129391 0.843063 -0.048317
v -0.047941 0.065692 0.034154
v -0.054853 0.068422 0.026624
v -0.054654 0.059931 0.025546
v -0.069513 -0.154544 -0.064995
v -0.049889 -0.157109 -0.067285
v -0.061848 -0.161935 -0.067979
v -0.025676 0.198530 0.071345
v -0.018211 0.183783 0.067362
v -0.015199 0.197253 0.069002
v 0.069245 0.710068 0.002544
v 0.061889 0.695346 0.017112
v 0.064438 0.685885 0.001708
v -0.008153 0.328093 -0.060015
v -0.004688 0.334152 -0.044733
v 0.003541 0.311458 -0.054934
v -0.069908 0.302164 0.084060
v -0.068262 0.051514 0.005059
v -0.069037 0.051629 0.001098
v -0.069313 0.032877 -0.002741
v -0.068627 0.027699 0.003395
v -0.066970 0.065596 0.018034
v -0.062843 0.064726 0.021535
v -0.063281 0.068345 0.020075
v 0.032702 -0.638156 -0.047865
v 0.033168 -0.638497 -0.059122
v 0.035014 -0.646609 -0.042627
v -0.010402 -0.401265 -0.002474
v -0.007083 -0.396805 0.002692
v -0.009513 -0.409917 0.001787
v -0.136597 0.369957 0.084646
v -0.138253 0.370369 0.090270
v -0.122600 0.364857 0.090118
v -0.051999 0.607918 0.044585
v -0.051382 0.580636 0.043819
v -0.028888 0.605140 0.043573
v -0.031856 0.333215 0.047250
v -0.031276 0.328037 0.043255
v -0.027866 0.324944 0.043255
v -0.012390 0.185576 0.061720
v -0.015641 0.177505 0.059401
v -0.008824 0.179433 0.053427
v -0.014590 -0.295168 0.044136
v -0.023961 -0.307909 0.054612
v -0.014747 -0.295500 0.060283
v -0.107222 0.138872 0.011044
v -0.095356 0.136574 0.003876
v -0.092758 0.139919 0.026627
v -0.135788 0.452557 0.043673
v -0.158051 0.412259 0.043537
v -0.106110 0.441474 0.043549
v -0.022443 -0.512177 -0.066773
v -0.030330 -0.494320 -0.085732
v -0.021193 -0.512247 -0.083562
v -0.012374 0.196268 -0.065437
v -0.028782 0.219242 -0.088657
v -0.027399 0.213712 -0.077728
v -0.034815 0.205699 -0.078663
v 0.198336 -0.914211 -0.030229
v 0.191118 -0.899280 -0.032021
v 0.195406 -0.902682 -0.032686
v 0.036773 0.724612 0.042625
v 0.036104 0.712569 0.038746
v 0.043231 0.718823 0.041525
v -0.007273 0.415511 -0.014349
v -0.001903 0.406291 -0.003249
v -0.005096 0.385945 -0.018963
v 0.035927 -0.641745 0.075835
v 0.042584 -0.647525 0.074575
v 0.041087 -0.621069 0.078395
v 0.060431 -0.691275 0.008921
v 0.063573 -0.712262 0.010909
v 0.062268 -0.695741 0.001875
v 0.000355 -0.043000 -0.013914
v 0.003621 -0.042854 -0.007232
v 0.004667 -0.057329 -0.007628
v 0.240311 -0.992554 -0.003292
v 0.252676 -0.997821 -0.004718
v 0.251399 -0.996563 0.005467
v -0.011491 -0.144757 -0.059553
v -0.003568 -0.159509 -0.057048
v -0.013291 -0.156812 -0.061255
v 0.157923 0.912854 0.044976
v 0.169150 0.918864 0.044592
v 0.176144 0.929241 0.043150
v 0.027235 0.184712 -0.000724
v 0.020466 0.183086 -0.011127
v 0.031941 0.194697 -0.000694
v -0.006611 0.669047 -0.072047
v -0.008470 0.663045 -0.083181
v 0.004316 0.680624 -0.082564
v 0.001028 0.680023 -0.073050
v 0.105401 0.853945 -0.029506
v 0.111252 0.861340 -0.029730
v 0.110027 0.856498 -0.027210
v 0.117796 0.866616 -0.025809
v -0.160914 0.318130 -0.009955
v -0.149683 0.321550 -0.026713
v -0.134872 0.299864 -0.002134
v 0.133788 -0.851440 -0.024244
v 0.144360 -0.844364 -0.023576
v 0.141203 -0.871133 -0.024763
v -0.160299 0.373046 0.043121
v -0.161593 0.375785 0.050590
v -0.150174 0.368483 0.048767
v -0.146918 0.364899 0.043490
v -0.013721 0.174554 -0.055135
v -0.025629 0.687281 0.034268
v -0.035788 0.679600 -0.000746
v 0.013971 0.725994 0.069654
v 0.014134 0.703682 0.079229
v -0.012181 -0.027005 -0.026721
v -0.007033 -0.023288 -0.020838
v -0.001972 -0.027723 -0.017761
v -0.012865 -0.033286 -0.025714
v -0.056715 -0.613374 0.064060
v -0.046107 -0.622126 0.062050
v 0.015815 -0.264023 0.063811
v 0.012342 -0.266509 0.050738
v 0.015520 -0.268373 0.065646
v -0.062431 0.417700 0.043234
v -0.049230 0.442307 0.043019
v -0.001201 0.440722 0.002670
v -0.002694 0.406686 0.002225
v 0.104348 0.795589 -0.016376
v 0.100496 0.777828 -0.000486
v 0.085371 0.763471 -0.009744
v 0.033651 0.721665 -0.074140
v 0.022581 0.707325 -0.073760
v 0.024774 0.709943 -0.078682
v 0.015765 0.176117 0.018592
v 0.014459 0.158064 0.026431
v 0.022343 0.160279 0.011593
v 0.042525 0.689552 -0.068244
v 0.045066 0.686414 -0.070398
v 0.038622 0.656797 -0.074108
v 0.037797 0.665179 -0.068639
v 0.152267 -0.932773 0.031482
v 0.161879 -0.941624 0.030174
v 0.180295 -0.931557 0.042409
v -0.049580 -0.619591 -0.064435
v -0.043491 -0.627376 -0.045046
v -0.033265 -0.636887 -0.061530
v 0.012719 -0.246167 0.094130
v 0.031530 -0.256722 0.091444
v 0.019857 -0.244818 0.083360
v -0.032854 0.645265 0.082256
v -0.036461 0.629221 0.089698
v -0.016120 0.655448 0.087539
v -0.027276 -0.469082 -0.082573
v -0.028801 -0.442532 -0.077416
v -0.022389 -0.467241 -0.070311
v -0.145313 -0.355354 0.080159
v -0.156726 -0.363075 0.081755
v -0.141618 -0.362916 0.088533
v 0.013218 0.103695 -0.003039
v 0.009600 0.105248 -0.011262
v 0.016431 0.108630 -0.001159
v 0.012681 0.348473 0.002924
v 0.008333 0.332645 0.021156
v 0.025718 0.322646 0.002771
v 0.055580 -0.735517 0.063449
v 0.057710 -0.741564 0.061013
v 0.062799 -0.740988 0.057789
v -0.031442 -0.324818 -0.087389
v -0.023311 -0.311806 -0.087567
v -0.022705 -0.322489 -0.086716
v -0.072246 0.297844 -0.044742
v -0.077600 0.309312 -0.044377
v -0.055428 0.289849 -0.043998
v 0.011037 0.077316 0.000823
v 0.010957 0.082133 0.007047
v 0.008631 0.066470 0.007073
v 0.010296 0.066217 0.000580
v 0.186587 -0.877115 0.032768
v 0.184871 -0.861173 0.025560
v 0.184891 -0.881601 0.026743
v 0.180399 -0.854703 0.022344
v 0.184038 -0.854783 0.023608
v -0.131683 -0.351152 -0.086863
v -0.141334 -0.335293 -0.064063
v -0.113627 -0.338595 -0.086473
v 0.245392 -0.983673 0.025692
v 0.251890 -0.990282 0.020563
v 0.005387 0.368648 -0.002058
v 0.009595 0.355228 -0.002083
v 0.004955 0.346831 -0.012704
v 0.121717 0.903716 -0.031451
v 0.137706 0.916173 -0.032355
v 0.132861 0.894751 -0.041545
v -0.064544 -0.273513 0.044467
v -0.065809 -0.277303 0.049613
v -0.069070 -0.282509 0.044340
v 0.023376 0.710519 0.077928
v 0.023878 0.712098 0.057562
v 0.026986 0.715164 0.070135
v -0.011412 0.538700 0.085491
v -0.012398 0.540442 0.083660
v -0.019905 0.520442 0.083486
v -0.021702 0.510494 0.085423
v -0.066788 0.082603 0.022311
v -0.070603 0.075687 0.006743
v -0.063602 0.075065 0.020059
v 0.009264 -0.584311 0.060517
v 0.202259 0.932687 -0.025795
v 0.207432 0.935559 -0.028123
v 0.204476 0.921834 -0.029945
v 0.196571 0.926294 -0.026045
v 0.168804 -0.947772 -0.019371
v 0.188086 -0.956474 -0.029925
v 0.195415 -0.963047 -0.020574
v -0.009012 -0.042145 0.022117
v -0.008972 -0.054938 0.022630
v -0.006068 -0.050696 0.018823
v -0.011383 -0.145904 0.056313
v -0.016791 -0.147949 0.061366
v -0.010904 -0.152467 0.058958
v 0.203250 -0.835122 -0.000300
v 0.196811 -0.836336 0.018243
v 0.208004 -0.840122 0.024580
v -0.033340 0.066191 0.038308
v -0.018905 0.066045 0.036793
v -0.019360 0.069049 0.034209
v -0.050224 0.258483 -0.088778
v -0.054941 0.270144 -0.080522
v -0.044865 0.251005 -0.085321
v 0.033550 -0.727601 -0.041836
v 0.040296 -0.741893 -0.047148
v 0.032384 -0.729475 -0.051680
v 0.158221 -0.854839 0.022499
v 0.162187 -0.850307 0.025181
v 0.011582 -0.735743 -0.051271
v 0.009638 -0.725382 -0.060836
v 0.019363 -0.739201 -0.063663
v -0.003553 0.001380 0.018605
v 0.001606 0.000897 0.013683
v 0.000926 0.013262 0.012872
v 0.026807 -0.588795 0.076861
v 0.025058 -0.590305 0.082521
v 0.030693 -0.596542 0.081052
v 0.003921 -0.571729 -0.074710
v 0.008634 -0.582982 -0.066064
v 0.028422 -0.709598 0.034288
v 0.035492 -0.723457 0.033078
v 0.035377 -0.714863 0.033528
v -0.142005 0.334200 -0.051201
v -0.129732 0.318228 -0.041652
v -0.232503 0.467860 -0.001980
v -0.228411 0.456209 0.029855
v -0.210127 0.503034 -0.001635
v -0.044329 0.651719 -0.065448
v -0.034978 0.640980 -0.082513
v -0.061107 0.632645 -0.065110
v 0.008181 -0.341091 0.009783
v 0.001454 -0.360272 0.008682
v 0.006912 -0.350699 0.003931
v -0.177063 -0.477697 -0.045374
v -0.148117 -0.471045 -0.043479
v -0.170079 -0.492220 -0.044407
v 0.049298 -0.732518 0.055916
v 0.042653 -0.733342 0.032139
v 0.048663 -0.746793 0.034480
v -0.119384 -0.430035 -0.043504
v -0.175946 -0.420416 -0.043629
v -0.149207 -0.392372 -0.043899
v 0.106876 0.804336 -0.026355
v 0.116312 0.799171 -0.002481
v 0.004164 0.684830 0.082970
v 0.014124 0.697781 0.079827
v 0.008695 0.704882 0.077510
v 0.028277 0.710068 0.040434
v -0.031227 -0.323185 0.047765
v -0.034545 -0.329581 0.044401
v -0.038602 -0.335213 0.054149
v 0.015020 -0.172748 -0.031839
v 0.008576 -0.188470 -0.032125
v 0.004122 -0.180324 -0.041405
v 0.004906 -0.167295 -0.048934
v -0.162804 -0.388771 0.043286
v -0.135866 -0.414973 0.043298
v -0.114188 -0.365644 0.043660
v -0.000087 0.656879 0.041686
v 0.019646 0.624899 0.041879
v 0.011064 0.663608 0.041338
v -0.006196 -0.493340 0.030725
v -0.017157 -0.462688 0.044514
v -0.009016 -0.498744 0.042286
v 0.156888 0.909362 0.045508
v -0.234697 -0.383659 -0.073626
v -0.225452 -0.392060 -0.079991
v -0.235416 -0.400256 -0.066044
v -0.096832 0.235169 0.002463
v -0.093638 0.213087 0.000511
v -0.093804 0.236757 0.006898
v -0.005084 -0.059420 0.021910
v -0.001336 -0.054471 0.016044
v -0.058330 -0.639331 -0.029718
v -0.089785 -0.613241 -0.035982
v -0.060896 -0.634569 -0.051249
v -0.187437 0.333681 0.019335
v -0.188917 0.324062 0.001954
v -0.164602 0.316134 0.002703
v 0.010469 -0.089677 0.000592
v 0.007746 -0.090083 0.010238
v 0.008361 -0.098961 0.008045
v 0.010295 -0.101149 0.001130
v 0.043854 -0.636979 0.073809
v 0.047293 -0.659377 0.071393
v -0.080748 0.115946 0.010515
v -0.075805 0.114313 0.020075
v -0.071935 0.130457 0.026587
v -0.067884 0.292217 -0.060701
v -0.061495 0.612557 0.083276
v -0.051616 0.617660 0.087377
v -0.042134 0.633421 0.082655
v 0.147683 0.815722 0.002467
v -0.013514 0.230806 0.053381
v -0.017107 0.231179 0.067508
v -0.003819 0.240571 0.066794
v -0.002171 0.238841 0.051729
v -0.026831 0.500584 0.083775
v -0.028763 0.488345 0.083836
v 0.043408 0.684168 0.067848
v 0.038470 0.681316 0.052978
v 0.037516 0.661832 0.061592
v 0.039451 0.664106 0.068953
v -0.147886 -0.544358 0.067888
v -0.123441 -0.556417 0.080667
v -0.047544 -0.386626 0.042999
v -0.042382 -0.420344 0.043321
v -0.042607 -0.376286 0.043494
v 0.039869 -0.255056 0.079423
v 0.037929 -0.242673 0.050268
v 0.005761 0.122785 -0.025667
v -0.003794 0.129391 -0.034747
v 0.007110 0.134060 -0.027125
v 0.095437 0.812863 -0.050795
v 0.103090 0.821121 -0.050718
v 0.116257 0.824465 -0.044289
v -0.136521 -0.543075 -0.045875
v -0.128292 -0.550293 -0.043713
v -0.123365 -0.555810 -0.046582
v 0.008632 0.156095 -0.038043
v 0.015224 0.158044 -0.024679
v 0.012314 0.148849 -0.036389
v -0.034974 -0.668471 -0.020993
v -0.028377 -0.674607 -0.057968
v -0.022326 -0.685629 -0.029472
v 0.010959 0.106737 0.014854
v 0.013201 0.096829 0.003812
v -0.111063 0.345189 -0.089204
v -0.134973 0.367273 -0.090512
v -0.107049 0.347472 -0.090825
v -0.077051 -0.141211 -0.045721
v -0.065414 -0.130432 -0.044720
v -0.067420 -0.142749 -0.050970
v 0.024549 -0.611827 -0.081808
v 0.033342 -0.615755 -0.081795
v -0.027801 -0.048401 0.030043
v -0.019437 -0.053848 0.028515
v -0.016956 -0.043910 0.027413
v 0.234350 -0.951254 0.002331
v 0.015437 0.183648 0.020619
v 0.023695 0.174476 0.001815
v 0.001787 -0.063835 0.015632
v -0.003423 -0.076680 0.023082
v 0.050788 0.814580 -0.022339
v 0.071519 0.851779 0.000337
v 0.066683 0.834718 -0.028347
v -0.084159 -0.242785 -0.009356
v -0.091748 -0.257750 -0.013931
v -0.088395 -0.242779 -0.001350
v 0.060280 0.250851 0.039035
v 0.034072 0.235041 0.044537
v 0.046673 0.235336 0.019053
v 0.054365 -0.741490 0.059801
v 0.056934 -0.757262 0.054909
v 0.057669 -0.750394 0.058695
v 0.030628 -0.726480 0.060789
v 0.036611 -0.736742 0.073368
v 0.038551 -0.744448 0.055916
v 0.181948 0.887560 -0.037783
v 0.183278 0.885620 -0.034055
v 0.177636 0.877994 -0.035981
v -0.101574 -0.328431 -0.087541
v -0.090254 -0.312273 -0.086420
v -0.087881 -0.316843 -0.088765
v -0.068381 -0.604395 0.044331
v -0.057355 -0.614137 0.043203
v -0.058688 -0.594883 0.043412
v -0.072321 -0.599559 0.043384
v -0.076757 0.108204 -0.000772
v -0.074156 0.094030 -0.000767
v -0.073941 0.095297 0.006612
v -0.075572 0.107320 0.009484
v -0.043008 0.513620 0.043371
v -0.033066 0.487909 0.043129
v -0.027438 0.505587 0.042797
v 0.073226 0.792649 -0.061585
v 0.076958 0.787501 -0.050328
v 0.066605 0.782008 -0.063716
v 0.100594 0.891267 0.000726
v 0.081105 0.865242 0.000512
v 0.025413 -0.189281 0.007456
v 0.017897 -0.190766 0.021262
v 0.032299 -0.208642 0.012614
v -0.166584 0.381088 0.085322
v -0.177325 0.383542 0.088908
v -0.157829 0.376804 0.089572
v 0.126458 0.918531 -0.000471
v 0.112792 0.906184 -0.001635
v 0.040788 0.276208 0.031912
v 0.046636 0.268934 0.036607
v 0.058023 0.270100 0.013516
v -0.068441 0.289676 -0.044882
v -0.065288 0.278077 -0.044782
v -0.136035 0.366457 0.066727
v -0.133048 0.357950 0.047438
v -0.003191 0.727535 -0.024474
v 0.016068 0.764454 -0.001545
v 0.024473 0.768520 -0.033074
v 0.009228 0.741104 -0.040586
v 0.113655 0.812637 -0.031085
v 0.121269 0.822091 -0.037850
v -0.063726 0.271672 0.048130
v -0.058568 0.265356 0.058007
v -0.061166 0.266581 0.047979
v -0.254497 0.360707 0.053226
v -0.241966 0.346108 0.028365
v -0.250466 0.364980 0.059108
v -0.116065 0.598148 -0.001716
v -0.129200 0.576941 -0.038196
v -0.040947 -0.351383 0.048348
v -0.041359 -0.350781 0.044026
v -0.042508 -0.369364 0.047813
v -0.049015 -0.082483 -0.030983
v -0.048984 -0.068473 -0.025809
v -0.034250 -0.072351 -0.031341
v -0.052377 -0.046002 -0.021712
v -0.040363 -0.053325 -0.028851
v 0.258181 -0.997686 0.007452
v -0.216254 -0.338044 0.017462
v -0.187928 -0.331804 0.014663
v 0.044450 -0.291965 0.009907
v 0.060974 -0.277099 0.008456
v 0.059674 -0.273894 0.025014
v 0.000530 -0.095690 -0.020411
v 0.005292 -0.081124 -0.017786
v 0.009133 -0.088963 -0.006511
v -0.018608 0.669339 -0.077864
v 0.000230 0.680606 -0.082971
v -0.009806 0.662422 -0.084752
v -0.022084 0.653677 -0.083806
v 0.017609 -0.604234 -0.042539
v 0.017971 -0.603744 -0.049189
v 0.024124 -0.617224 -0.042453
v -0.000445 0.398694 -0.001623
v -0.009028 0.398242 0.013961
v 0.083045 0.774347 -0.028459
v 0.075622 0.746377 -0.015663
v 0.126704 0.832457 -0.047995
v -0.068043 0.058548 -0.009099
v -0.065885 0.045620 -0.011445
v -0.031281 0.217053 0.060036
v -0.029251 0.220257 0.071965
v -0.054925 0.611695 -0.085812
v -0.053485 0.622894 -0.080614
v -0.043292 0.627917 -0.084780
v 0.032708 0.752678 -0.066639
v 0.035998 0.770454 -0.062644
v 0.045681 0.762504 -0.066299
v -0.139401 -0.351646 0.043557
v -0.123643 -0.343632 0.043641
v -0.135597 -0.347516 0.044094
v -0.191472 0.513764 -0.034447
v -0.204153 0.481950 -0.050679
v -0.205926 0.496041 -0.024942
v 0.215003 -0.970936 -0.029057
v 0.241839 -0.980305 -0.028666
v 0.230452 -0.982211 -0.023541
v -0.010897 0.695118 0.067997
v -0.013922 0.673698 0.079558
v -0.001233 0.692250 0.078424
v -0.035842 -0.346753 -0.043470
v -0.033357 -0.333742 -0.043754
v -0.037216 -0.351093 -0.048109
v -0.078782 -0.209566 0.001151
v -0.074868 -0.217802 0.012804
v -0.069849 -0.216138 0.030492
v 0.028032 -0.624404 -0.062461
v 0.033623 -0.633708 -0.072628
v -0.072538 0.136199 -0.022395
v -0.062089 0.129687 -0.032771
v -0.076280 0.115963 -0.013928
v -0.046742 0.145039 0.064016
v -0.025384 0.154104 0.064386
v -0.036991 0.165385 0.064837
v -0.042936 0.409839 0.042665
v -0.041104 0.444396 0.043404
v -0.168613 0.484223 -0.045638
v -0.167009 0.483035 -0.044924
v -0.173929 0.474038 -0.044788
v -0.256876 0.373757 0.039051
v -0.267042 0.382558 -0.004327
v -0.271475 0.349892 0.012789
v 0.019624 -0.151243 -0.029271
v 0.013768 -0.143175 -0.039718
v 0.020510 -0.144666 -0.028105
v 0.139273 -0.824105 0.027967
v 0.121899 -0.833014 0.051570
v 0.140875 -0.833481 0.041734
v -0.133653 -0.542480 0.083016
v -0.125473 -0.546909 0.086260
v -0.004566 -0.082531 -0.027663
v -0.002911 -0.090305 -0.024748
v 0.153850 -0.847531 0.044733
v 0.153747 -0.848032 0.026171
v 0.159843 -0.848259 0.036112
v -0.120210 0.543519 -0.083059
v -0.102431 0.565296 -0.060289
v -0.116261 0.553722 -0.050071
v 0.094770 -0.821165 -0.058107
v 0.109374 -0.826369 -0.053694
v 0.102636 -0.831658 -0.056599
v -0.071677 -0.098003 -0.014649
v -0.063607 -0.098385 -0.023720
v -0.066422 -0.106178 -0.023387
v -0.074058 -0.106892 -0.016679
v 0.034160 -0.201383 0.002001
v -0.263593 -0.366659 -0.001878
v -0.253591 -0.384902 -0.025793
v -0.256961 -0.397517 -0.004293
v 0.020401 0.721372 -0.074412
v 0.018237 0.704578 -0.079954
v 0.117919 0.844504 0.027070
v 0.129632 0.846734 0.025956
v 0.119728 0.854709 0.025056
v 0.128680 0.822086 -0.033355
v 0.067918 0.266748 0.048650
v 0.062292 0.266322 0.075232
v 0.071173 0.265407 0.060980
v 0.041566 -0.617711 0.061341
v 0.043558 -0.621508 0.022514
v -0.085593 -0.236342 0.002510
v -0.094503 -0.250479 0.002497
v 0.056605 0.664342 0.020073
v 0.050313 0.658454 0.066453
v 0.047651 0.622302 0.040048
v -0.015698 -0.333461 0.059350
v -0.031205 -0.340961 0.080774
v -0.021585 -0.346680 0.059635
v -0.207347 -0.405418 0.044078
v -0.200812 -0.423013 0.043909
v -0.197595 -0.398990 0.043267
v -0.101189 -0.144581 -0.042185
v -0.082541 -0.136109 -0.038979
v -0.086456 -0.143088 -0.045569
v -0.257242 -0.349389 0.033045
v -0.262526 -0.346355 0.021853
v -0.253301 -0.361893 0.042870
v -0.012741 -0.202754 -0.070582
v -0.010559 -0.198876 -0.067166
v -0.176278 -0.382822 0.067955
v -0.175530 -0.371681 0.048643
v -0.158002 -0.372450 0.064098
v -0.015019 0.526493 -0.047749
v -0.020696 0.508630 -0.047208
v -0.019355 0.513955 -0.043293
v -0.016101 0.530428 -0.043363
v 0.070889 -0.851208 0.001214
v 0.085951 -0.866655 0.022107
v 0.078124 -0.853045 0.026941
v -0.039445 0.355246 0.086520
v -0.042658 0.402744 0.083177
v -0.042361 0.369169 0.083874
v -0.060922 -0.241717 -0.060437
v -0.049608 -0.234430 -0.076791
v -0.056852 -0.248816 -0.073439
v 0.095146 -0.831235 -0.057159
v 0.097598 -0.834029 -0.044248
v 0.095551 -0.837975 -0.055779
v 0.109105 0.887386 -0.033350
v 0.056738 0.679435 0.036230
v 0.002532 0.058179 0.020507
v 0.005819 0.051135 0.008692
v 0.008038 0.057728 0.011550
v -0.108314 -0.149216 -0.044179
v -0.094838 -0.165587 -0.034865
v -0.111164 -0.150953 -0.027231
v -0.032744 0.346755 -0.088025
v -0.033497 0.367624 -0.083967
v -0.028936 0.349827 -0.083326
v -0.013213 0.710685 -0.027558
v -0.021679 0.690411 -0.048653
v -0.029406 0.682857 -0.030328
v 0.062011 0.785058 -0.064125
v -0.007289 0.352723 -0.036901
v 0.002736 0.338333 -0.022352
v 0.058304 -0.761990 0.058795
v 0.059472 -0.766631 0.061361
v 0.065541 -0.764097 0.056405
v 0.034348 0.726537 0.058964
v 0.066525 -0.755177 0.053097
v -0.107463 -0.572394 0.080137
v -0.067480 -0.198460 -0.042516
v -0.057301 -0.210136 -0.064368
v -0.064346 -0.216968 -0.039461
v 0.034068 -0.737545 0.073511
v 0.040184 -0.760841 0.068438
v 0.045812 -0.755527 0.071025
v 0.046439 -0.750036 0.071083
v -0.053098 0.132439 0.040492
v -0.063616 0.128749 0.033684
v -0.052696 0.122743 0.039650
v 0.022426 -0.723115 0.075019
v 0.019804 -0.741243 0.067452
v -0.210112 -0.392366 0.066066
v -0.207192 -0.388844 0.060327
v -0.197053 -0.388167 0.066338
v -0.095755 -0.316308 0.043658
v -0.063577 -0.357156 0.043430
v -0.053987 -0.323877 0.043857
v 0.166521 0.845704 0.042851
v 0.157215 0.842012 0.044885
v 0.057876 0.735173 -0.060436
v 0.057185 0.726605 -0.059135
v 0.053350 0.728614 -0.066124
v -0.024793 -0.395314 0.047773
v -0.025080 -0.408314 0.045161
v 0.005992 0.575721 -0.051544
v -0.022100 0.286416 -0.044247
v -0.057108 0.260856 -0.044339
v 0.008150 -0.098947 -0.006072
v 0.004614 -0.100307 -0.013641
v -0.174267 -0.385620 -0.084034
v -0.158043 -0.379345 -0.085569
v -0.152472 -0.374684 -0.078852
v -0.195659 0.437129 0.081280
v -0.213123 0.434250 0.070369
v -0.204520 0.412812 0.081894
v -0.197081 0.422268 0.084079
v 0.128425 -0.878618 0.046066
v 0.138166 -0.885581 0.045364
v 0.128740 -0.881294 0.035068
v 0.040282 -0.212297 0.002043
v 0.045095 -0.230900 0.017073
v 0.045133 -0.218996 0.001196
v 0.028506 -0.633448 0.042979
v 0.030287 -0.642311 0.043162
v 0.032549 -0.641822 0.046823
v 0.029750 -0.633847 0.047427
v 0.016581 -0.763193 -0.002235
v 0.019502 -0.758850 -0.032947
v 0.032349 -0.781577 -0.033314
v -0.069418 -0.170689 0.067226
v -0.051626 -0.177476 0.065689
v -0.065528 -0.166411 0.068267
v -0.205736 -0.500232 0.018039
v 0.004931 0.274873 -0.044344
v 0.008583 0.269628 -0.047563
v 0.010723 0.261743 -0.045717
v 0.006238 0.255690 -0.044242
v 0.042939 -0.269927 -0.061192
v 0.048844 -0.263268 -0.084337
v 0.057307 -0.266244 -0.054467
v -0.277622 0.332093 -0.018556
v -0.270648 0.338876 -0.028307
v -0.268162 0.331680 -0.011746
v 0.046023 0.722873 -0.053753
v 0.042266 0.698477 -0.062074
v 0.039169 0.695310 -0.051647
v -0.139264 0.492299 -0.043800
v -0.127049 0.540638 -0.045146
v -0.100171 0.537344 -0.043924
v 0.001574 0.651463 -0.044134
v -0.010647 0.668036 -0.045145
v 0.006109 0.675514 -0.042887
v 0.020903 -0.278697 0.090430
v 0.033587 -0.277537 0.069588
v 0.033929 -0.269723 0.091915
v 0.004026 0.244597 -0.087556
v 0.009754 0.249513 -0.087799
v 0.000448 0.236264 -0.094584
v 0.111995 -0.833586 -0.056319
v 0.131559 -0.835222 -0.050800
v -0.043608 -0.035533 0.031731
v -0.039379 -0.045295 0.030534
v -0.000415 0.250820 -0.044083
v 0.000664 0.281892 -0.044193
v 0.013761 -0.138281 -0.017416
v 0.006319 0.049756 -0.003491
v 0.011499 0.058979 -0.002580
v -0.055215 -0.469157 -0.043512
v -0.059152 -0.411829 -0.043316
v -0.001252 -0.072067 -0.020507
v -0.213258 -0.460333 -0.059450
v -0.208299 -0.478560 -0.047172
v 0.052248 -0.620783 0.001287
v 0.042283 -0.595299 0.002641
v 0.022366 0.678363 -0.042112
v 0.018690 0.652124 -0.043629
v -0.096447 -0.169351 -0.018666
v -0.077139 -0.189458 -0.030164
v -0.089219 -0.180692 -0.004422
v 0.004788 -0.188918 0.040108
v -0.002058 -0.185356 0.050175
v -0.003975 -0.199857 0.051789
v 0.009477 -0.196786 0.035219
v 0.097519 -0.784134 -0.009288
v 0.099848 -0.780230 -0.001766
v 0.115443 -0.789293 -0.001743
v 0.031211 -0.640888 -0.042567
v 0.097627 0.840039 -0.036848
v 0.097006 0.834428 -0.030942
v 0.094100 0.831651 -0.037489
v 0.019983 -0.186441 0.021579
v 0.025323 -0.178527 0.013134
v -0.081934 -0.294492 -0.080239
v -0.076140 -0.294839 -0.086972
v 0.135595 -0.886352 0.035249
v 0.146714 -0.894553 0.034569
v 0.138418 -0.887702 0.026941
v 0.097334 -0.833584 0.043233
v 0.099724 -0.843346 0.045893
v 0.101450 -0.846457 0.035407
v -0.183372 0.459600 0.044091
v -0.187428 0.449498 0.046212
v -0.190494 0.442656 0.043557
v -0.021635 0.230670 -0.085688
v -0.006289 0.238113 -0.085653
v -0.006094 0.235452 -0.091691
v -0.019497 0.229841 -0.090225
v 0.044252 -0.263341 0.090606
v 0.187913 0.950077 -0.035843
v 0.181120 0.952542 -0.025505
v 0.198428 0.961741 -0.029178
v 0.013942 0.698526 0.057823
v 0.018545 0.702762 0.044515
v 0.181763 0.831401 -0.013802
v 0.199889 0.832356 -0.002299
v 0.185162 0.827169 -0.001178
v -0.242457 -0.331495 -0.006064
v -0.235357 -0.327978 0.000815
v -0.217161 -0.334150 -0.008578
v -0.200763 0.389717 -0.055221
v -0.201009 0.388328 -0.046864
v -0.188963 0.382567 -0.047098
v -0.182918 0.382933 -0.056047
v -0.223283 -0.431220 -0.063713
v -0.200225 -0.452758 -0.076373
v 0.093111 -0.857234 0.043539
v 0.092845 -0.871096 0.031275
v 0.101801 -0.880744 0.034039
v 0.100372 -0.852541 0.050921
v -0.204866 0.385947 0.085831
v -0.217578 0.384382 0.080683
v -0.195709 0.379351 0.083542
v -0.095145 0.175632 0.020143
v -0.081731 0.176645 0.049524
v -0.072493 0.194512 0.040752
v -0.075273 -0.195989 0.021831
v -0.082236 -0.192579 -0.000686
v -0.039490 -0.421175 -0.047028
v -0.040593 -0.435368 -0.067078
v -0.036810 -0.447031 -0.046923
v -0.021094 -0.235456 0.089286
v -0.010167 -0.239162 0.091366
v 0.030945 -0.226246 -0.036046
v 0.043558 -0.230210 -0.017032
v 0.046840 -0.246202 -0.048586
v -0.041570 -0.382127 0.082057
v -0.038588 -0.383995 0.080784
v -0.035652 -0.354337 0.081363
v 0.240256 -0.969706 -0.025152
v 0.246019 -0.969624 -0.006034
v 0.247045 -0.978123 -0.020586
v 0.098953 -0.847289 -0.056009
v 0.104712 -0.852306 -0.051030
v -0.094100 0.136491 -0.000721
v -0.079909 0.136930 -0.016747
v -0.085686 0.133970 0.000163
v 0.035532 0.258972 -0.102903
v 0.026666 0.256296 -0.095583
v 0.037778 0.264079 -0.099013
v 0.017224 -0.247338 -0.095039
v 0.021902 -0.245022 -0.092453
v 0.031024 -0.254035 -0.094309
v -0.045982 0.113936 0.042337
v -0.038156 0.105866 0.038112
v -0.032434 0.108052 0.040465
v 0.102547 -0.840229 0.033161
v 0.102579 -0.836027 0.046367
v -0.041235 0.430802 0.078231
v -0.043518 0.410265 0.056552
v -0.043299 0.403773 0.078187
v 0.001955 0.097552 0.022150
v 0.005528 0.086830 0.019531
v 0.008243 0.097858 0.013542
v 0.003445 -0.725536 -0.046395
v 0.012405 -0.742360 -0.040784
v 0.002215 -0.731998 -0.001759
v -0.074210 0.086002 -0.000146
v -0.070428 0.070854 0.000391
v -0.073410 0.085898 0.007494
v 0.104686 0.832154 -0.050799
v 0.099398 0.826144 -0.051938
v 0.098475 0.829634 -0.043174
v -0.019526 0.226499 0.088757
v -0.027978 0.216852 0.084962
v -0.008561 0.224656 0.088524
v -0.040058 -0.445460 0.049643
v -0.038479 -0.465771 0.077825
v -0.049025 -0.149321 -0.063332
v 0.021758 0.607887 -0.081316
v 0.020660 0.601725 -0.086507
v 0.017697 0.597011 -0.084454
v 0.033764 -0.696036 -0.038318
v 0.038326 -0.692999 -0.041912
v 0.042096 -0.704736 -0.039806
v -0.005710 0.240032 0.089301
v -0.006551 0.238841 0.077783
v -0.187224 0.361918 -0.063533
v -0.186943 0.375027 -0.081541
v -0.157267 0.365161 -0.081946
v -0.030582 -0.327265 -0.044105
v -0.034715 -0.314424 -0.044269
v -0.020868 -0.315368 -0.044228
v -0.087350 -0.329848 0.082040
v -0.094747 -0.342607 0.086780
v -0.094476 -0.334774 0.075378
v -0.188544 -0.375850 -0.044923
v -0.192798 -0.381676 -0.052707
v -0.169224 -0.364914 -0.045296
v -0.048196 -0.061295 0.031617
v -0.054984 -0.061901 0.027187
v -0.045953 -0.073675 0.031073
v 0.046930 -0.662270 -0.073144
v 0.050970 -0.685068 -0.062461
v 0.049672 -0.684002 -0.067779
v -0.053614 0.349741 -0.043655
v -0.034088 0.352962 -0.043458
v -0.032006 0.339215 -0.043638
v -0.022435 0.235174 -0.044680
v -0.011269 0.238939 -0.044149
v 0.048932 -0.272372 -0.038154
v 0.045600 0.648796 0.074311
v 0.178557 -0.951702 0.029706
v 0.193240 -0.960163 0.028546
v 0.186823 -0.940015 0.040076
v -0.059430 -0.061430 0.024254
v -0.048575 -0.054362 0.027832
v 0.055617 0.665128 -0.019205
v 0.051355 0.635241 -0.019573
v 0.051962 0.664578 -0.054081
v 0.155073 -0.831930 0.028657
v 0.163647 -0.839255 0.043427
v 0.173641 -0.831384 0.016450
v -0.034871 0.136638 -0.045993
v -0.016317 0.136479 -0.046563
v -0.033457 0.132157 -0.043638
v 0.052162 -0.235962 0.014025
v 0.053163 -0.230639 0.002321
v -0.056512 0.639505 -0.061632
v -0.073637 0.178826 0.064369
v -0.090546 0.163588 0.061502
v 0.028332 0.296814 0.017616
v 0.018208 0.304284 0.025619
v -0.081414 0.115979 -0.001116
v -0.016804 -0.512092 -0.085894
v 0.007411 0.036100 0.005099
v -0.264119 0.348471 0.035399
v -0.255343 0.337613 0.015686
v 0.048424 0.651507 -0.067385
v 0.046926 0.624003 -0.046052
v 0.043517 0.628048 -0.074434
v -0.039769 0.431806 -0.077478
v -0.036631 0.440605 -0.061842
v 0.054392 -0.278144 -0.001612
v 0.058404 -0.270987 -0.032238
v 0.070207 -0.268217 -0.029577
v -0.003432 -0.453821 0.002035
v -0.010674 -0.436802 0.011532
v -0.002472 -0.463155 0.009019
v 0.209263 0.945095 -0.029600
v 0.210794 0.952417 -0.034350
v 0.218521 0.949818 -0.029556
v 0.206532 -0.958356 0.034231
v -0.044169 0.034805 0.029899
v -0.047457 0.024576 0.027284
v -0.037282 0.026133 0.031363
v -0.066132 -0.125382 -0.032767
v -0.063723 -0.121044 -0.032742
v -0.213696 -0.395162 0.071665
v -0.210632 -0.393108 0.077260
v -0.215038 -0.393742 0.084362
v 0.216730 -0.935599 -0.021208
v 0.234963 -0.952746 -0.004151
v 0.228399 -0.954344 -0.027331
v -0.040100 0.220645 -0.081613
v -0.036111 0.211433 -0.085964
v -0.044018 0.211252 -0.076290
v 0.097769 -0.789672 0.014848
v 0.100659 -0.806973 0.029302
v 0.107818 -0.801689 0.019359
v -0.041319 0.433693 0.047917
v -0.012985 0.614813 -0.043937
v -0.025613 0.648506 -0.045505
v -0.015349 0.655233 -0.045140
v -0.045156 -0.242780 -0.087406
v -0.054973 -0.259830 -0.086974
v -0.099434 0.564323 0.069155
v -0.097955 0.563267 0.091649
v -0.113981 0.546505 0.092796
v -0.034947 0.444329 -0.042894
v -0.036821 0.426041 -0.046858
v -0.038787 0.425687 -0.042782
v 0.047492 -0.694464 -0.065898
v 0.052807 -0.714295 -0.063002
v 0.047720 -0.711241 -0.062130
v 0.062757 -0.723766 0.030176
v 0.065008 -0.743207 0.052882
v 0.067686 -0.739541 0.020703
v -0.141581 0.349326 -0.068903
v -0.130567 0.357120 -0.086253
v -0.129207 0.345667 -0.073733
v -0.019090 -0.181708 -0.072297
v -0.009602 -0.189003 -0.060821
v -0.015739 -0.190477 -0.070131
v 0.014799 0.520168 0.002770
v 0.010101 0.502014 0.001819
v 0.005117 0.514585 -0.012757
v 0.013499 0.531551 -0.005557
v 0.207183 -0.953490 -0.037552
v 0.205267 -0.950643 -0.036192
v 0.213502 -0.959782 -0.035775
v -0.200201 -0.386245 -0.045699
v -0.207452 -0.389675 -0.050668
v -0.203079 -0.386705 -0.051785
v -0.088727 -0.309363 0.048098
v -0.094646 -0.322574 0.054337
v -0.041147 -0.386317 -0.047759
v -0.043248 -0.366060 -0.083133
v -0.043737 -0.398096 -0.083504
v -0.069046 -0.064543 0.007942
v -0.065208 -0.063344 0.016757
v -0.066755 -0.054521 0.005938
v -0.030102 0.226960 -0.088268
v 0.003265 -0.543305 0.075636
v 0.001909 -0.544879 0.082517
v 0.005382 -0.551052 0.082787
v 0.041809 0.664518 0.072267
v 0.039317 0.649774 0.074223
v 0.045934 0.678733 0.070662
v 0.017512 -0.600599 -0.073333
v -0.109677 0.342323 0.047993
v -0.095451 0.343584 0.082766
v -0.093318 0.326742 0.054677
v 0.049760 0.800255 0.053125
v 0.053417 0.799319 0.061752
v 0.064227 0.816094 0.058150
v -0.040695 0.363841 0.056958
v -0.039849 0.366222 0.047149
v -0.037489 0.357076 0.045920
v 0.083224 -0.812765 0.064355
v 0.075181 -0.819062 0.061494
v 0.091855 -0.821949 0.063701
v -0.071301 0.108796 0.020426
v -0.064360 0.108957 0.028058
v -0.067754 0.115187 0.031370
v 0.053866 -0.636436 0.002284
v 0.052529 -0.626860 -0.001510
v 0.114190 -0.836335 0.057170
v 0.125996 -0.841091 0.051790
v 0.136760 -0.840396 0.053042
v 0.196366 0.847637 -0.029339
v 0.193854 0.847411 -0.003550
v 0.208827 0.844264 -0.016234
v 0.204219 0.845039 -0.033051
v -0.158144 -0.512262 -0.044012
v -0.167443 -0.498936 -0.044513
v -0.146087 -0.503313 -0.043929
v 0.117382 0.855616 -0.025567
v 0.128152 0.855443 -0.025079
v 0.127375 0.844370 -0.027450
v 0.119774 0.842461 -0.028076
v 0.021814 0.603979 0.086947
v 0.029328 0.602555 0.084794
v -0.111026 0.396992 0.043505
v -0.108231 0.356454 0.043797
v -0.057785 0.360583 0.043366
v -0.061035 -0.054508 0.018461
v -0.056369 -0.638820 -0.060534
v -0.040198 -0.656565 -0.059255
v -0.043451 -0.654650 -0.029529
v -0.047468 -0.625508 0.081954
v -0.178913 0.385144 0.084244
v -0.167366 0.380495 0.061440
v -0.115043 -0.333733 -0.044542
v -0.117135 -0.335145 -0.047979
v -0.107086 -0.326326 -0.048145
v -0.049792 -0.255372 0.087054
v -0.059419 -0.273985 0.088105
v -0.049251 -0.261784 0.088102
v 0.109853 0.895576 0.030791
v 0.113141 0.890369 0.036659
v 0.117178 0.904196 0.030960
v -0.066632 0.103966 -0.020842
v -0.058602 0.101769 -0.027457
v -0.063706 0.082400 -0.020661
v -0.182094 -0.380545 0.042338
v -0.170726 -0.365675 0.043127
v 0.010269 -0.236458 -0.089577
v 0.027347 -0.245214 -0.086125
v -0.014949 0.217835 -0.074748
v 0.082618 -0.791822 0.040022
v 0.090979 -0.804518 0.039648
v 0.182759 -0.933661 -0.044114
v 0.162466 -0.941365 -0.031385
v 0.169718 -0.923523 -0.045450
v -0.036753 -0.634061 0.043857
v -0.027298 -0.645568 0.060090
v -0.029931 -0.643707 0.044007
v 0.051028 0.753032 -0.047530
v 0.055304 0.754561 -0.056138
v 0.055740 0.748209 -0.059574
v 0.049589 0.739896 -0.047478
v 0.030604 -0.266358 -0.092729
v 0.042160 -0.262228 -0.095072
v 0.029954 -0.269631 -0.084228
v -0.033161 0.116330 -0.041610
v -0.020086 0.128510 -0.040194
v 0.096952 0.841191 0.044656
v 0.099282 0.844088 0.054564
v 0.094706 0.831035 0.047642
v -0.095443 -0.160571 0.072367
v -0.089450 -0.166805 0.073678
v -0.090036 -0.158233 0.067645
v -0.216536 -0.479586 -0.024134
v -0.209677 -0.490586 -0.028170
v -0.047740 -0.244280 0.043989
v -0.044647 -0.240877 0.057277
v -0.049375 -0.252297 0.061585
v -0.068946 -0.194859 0.052501
v -0.071323 -0.193215 0.040913
v -0.067678 -0.205079 0.043573
v 0.010229 0.687516 0.042105
v 0.007097 0.687210 0.047342
v -0.002645 0.675437 0.043951
v 0.010123 -0.133362 -0.022979
v 0.020188 -0.130990 0.000496
v 0.023039 -0.139005 -0.000660
v -0.206624 0.417290 -0.051145
v -0.209130 0.404300 -0.048848
v -0.037555 -0.228968 0.067998
v -0.035179 -0.227900 0.079187
v -0.038896 -0.235039 0.076761
v -0.039669 -0.232870 0.070368
v -0.009332 -0.541768 0.077500
v -0.022230 0.310037 0.058920
v -0.022018 0.312065 0.045411
v -0.018658 0.306149 0.043325
v -0.034296 -0.214427 -0.069240
v -0.037201 -0.211781 -0.061224
v -0.035643 -0.218778 -0.069958
v 0.002247 0.140947 -0.036757
v -0.144414 0.551163 -0.062759
v -0.129530 0.567098 -0.060378
v -0.096877 0.571328 0.048343
v -0.108984 0.556136 0.060356
v 0.035210 0.640047 0.076509
v 0.030536 0.623142 0.081725
v 0.044614 0.644451 -0.074841
v -0.260588 -0.357036 0.021464
v -0.113686 -0.134221 -0.003093
v -0.100995 -0.126096 0.003437
v -0.108057 -0.133232 -0.011003
v -0.069685 -0.624095 0.063274
v -0.060178 -0.633823 0.052596
v -0.054756 -0.638541 0.062816
v -0.031719 0.342411 -0.047382
v -0.067057 -0.275143 -0.083193
v -0.056143 -0.271028 -0.086431
v -0.111046 0.344331 -0.043434
v -0.103388 0.356432 -0.043574
v -0.105306 0.339596 -0.043584
v 0.171623 0.896335 -0.029754
v 0.180369 0.921181 -0.027473
v 0.179565 0.911972 -0.028823
v 0.005624 0.090110 -0.017158
v 0.011077 0.081562 -0.005790
v 0.005980 0.081476 -0.016538
v 0.002752 -0.183192 0.045737
v 0.179859 -0.841807 0.043073
v 0.199738 -0.843054 0.043045
v 0.185324 -0.837134 0.029408
v -0.052089 -0.343164 -0.043977
v -0.032883 -0.663163 0.061649
v -0.013446 -0.690806 0.062587
v -0.004692 -0.681945 0.079453
v -0.225693 0.339947 -0.023526
v -0.219290 0.345952 -0.032055
v -0.213279 0.337935 -0.019215
v 0.055941 0.761670 0.070484
v 0.056655 0.763549 0.060100
v 0.060486 0.763358 0.067879
v -0.152798 -0.373102 -0.091341
v -0.150123 -0.374943 -0.089718
v -0.159488 -0.379830 -0.089360
v -0.029895 0.431913 0.074182
v -0.033510 0.436911 0.082843
v -0.035437 0.409214 0.081563
v 0.023748 -0.709313 -0.040866
v 0.026364 -0.705288 -0.037359
v -0.248834 -0.359876 -0.049252
v -0.255269 -0.349450 -0.035826
v -0.240706 -0.355002 -0.041177
v -0.092763 0.574031 0.090241
v -0.064716 0.595266 0.091544
v -0.079776 0.589109 0.088843
v 0.037032 0.244167 0.059611
v 0.038834 -0.694495 0.052539
v 0.044262 -0.718988 0.054568
v 0.041958 -0.696115 0.060834
v -0.189909 -0.360522 -0.062727
v -0.182155 -0.357496 -0.062935
v -0.167494 -0.365985 -0.080756
v -0.022460 0.647525 0.043730
v -0.009031 0.661292 0.042956
v -0.012604 0.660464 0.047001
v -0.071237 -0.071131 -0.000520
v -0.076145 -0.086553 0.000241
v -0.074113 -0.085502 0.008565
v -0.017934 0.305417 -0.062267
v -0.006957 0.288234 -0.056311
v -0.014155 0.304387 -0.044006
v -0.069042 -0.286808 0.087954
v -0.065373 -0.290738 0.090401
v 0.064960 0.753611 -0.050412
v 0.067276 0.727561 -0.021696
v 0.059130 0.725141 -0.049726
v 0.075452 -0.843359 0.035045
v 0.063940 -0.833854 0.021786
v -0.004279 0.145009 -0.050454
v -0.006087 0.149540 -0.054416
v 0.002749 0.148433 -0.047158
v -0.176730 -0.543661 -0.018921
v -0.164019 -0.544191 -0.050854
v -0.156442 -0.558739 -0.033195
v -0.009835 0.228991 -0.092483
v -0.009188 0.226174 -0.089241
v 0.061219 0.260185 -0.066669
v 0.072740 0.263285 -0.051411
v 0.063954 0.258323 -0.056952
v -0.010198 0.015593 0.022417
v 0.000702 0.025150 0.014652
v -0.008062 0.025403 0.022711
v 0.236014 0.944948 -0.002052
v 0.243974 0.954506 0.002370
v -0.002129 0.712902 0.062387
v 0.004729 0.714842 0.069236
v 0.011793 0.733443 0.064586
v 0.112089 0.826655 0.048355
v 0.122431 0.823705 0.038274
v 0.120981 0.830611 0.046598
v 0.032324 0.717648 -0.044325
v 0.028530 0.710229 -0.041157
v 0.021250 0.706606 -0.049006
v 0.034080 0.725239 -0.052244
v -0.113737 -0.145071 -0.024635
v -0.099196 -0.133604 -0.022976
v -0.192187 0.429784 0.043757
v -0.198174 0.423621 0.048223
v -0.199514 0.415401 0.043644
v -0.023784 -0.687250 -0.000206
v -0.008993 -0.711047 -0.000433
v -0.020196 -0.686895 0.034301
v -0.126894 -0.359244 -0.084872
v -0.114774 -0.349477 -0.086584
v -0.110951 -0.339508 -0.071763
v -0.124061 -0.347658 -0.066355
v 0.054206 -0.254346 0.056387
v -0.058438 0.070604 -0.020908
v -0.045530 0.065314 -0.028031
v -0.061459 0.059052 -0.020483
v -0.017551 -0.660962 -0.044634
v -0.008777 -0.644456 -0.043395
v 0.000933 -0.670129 -0.042462
v -0.040201 0.070043 -0.029017
v -0.032134 0.634089 0.044182
v -0.030870 0.638050 0.051048
v -0.037586 0.628037 0.050743
v 0.130013 -0.839083 -0.053189
v 0.159017 -0.844613 -0.048298
v 0.252436 -0.983530 -0.009838
v 0.259155 -0.995388 -0.000779
v 0.255627 -0.994396 -0.013351
v 0.122257 0.871035 -0.048052
v 0.103613 0.872929 -0.037821
v -0.010090 -0.669824 -0.044377
v -0.008798 -0.667744 -0.066003
v -0.112737 0.150892 -0.024588
v -0.106875 0.164859 -0.007318
v -0.109723 0.151213 -0.035931
v -0.215393 -0.396042 -0.074754
v -0.210770 -0.398175 -0.081809
v -0.206359 -0.393971 -0.076926
v -0.221550 0.437868 -0.066980
v -0.230920 0.405886 -0.068571
v -0.231056 0.419929 -0.059711
v -0.038348 -0.055288 0.031280
v 0.021911 -0.307146 0.021162
v 0.008630 -0.320462 0.023495
v 0.015537 -0.334017 0.004419
v -0.080660 0.192236 0.028710
v -0.095481 0.196463 0.001709
v -0.100788 0.185261 0.000378
v 0.022252 -0.642936 -0.042203
v -0.043016 0.245865 -0.089321
v -0.035719 0.227790 -0.088905
v 0.141112 -0.817075 -0.023561
v 0.161775 -0.831787 -0.030808
v -0.032501 0.470216 -0.042993
v -0.029264 0.474466 -0.043143
v -0.244641 0.438399 0.007645
v -0.248044 0.438799 -0.003721
v -0.257947 0.410897 -0.004820
v -0.257714 0.403386 0.005581
v 0.103615 -0.888116 -0.028263
v 0.097766 -0.879059 -0.030268
v -0.130921 -0.358298 0.063401
v -0.115839 -0.351025 0.066707
v -0.120892 -0.362131 0.074971
v 0.113868 0.862163 -0.049183
v 0.121303 0.867214 -0.047738
v 0.191902 0.933484 -0.024304
v 0.204683 0.940500 -0.025319
v 0.112589 0.839469 -0.035047
v 0.113025 0.837472 -0.050841
v 0.101201 0.833171 -0.038130
v -0.093768 -0.602936 0.062782
v -0.086509 -0.609775 0.053574
v 0.051619 0.225946 -0.000840
v 0.032165 0.218402 -0.025026
v 0.042744 0.229236 -0.021555
v 0.052558 0.670432 0.061551
v 0.117283 -0.842053 -0.027379
v 0.118657 -0.842079 -0.045472
v 0.127892 -0.842745 -0.027437
v 0.103550 -0.834889 -0.052725
v -0.000534 -0.468363 0.002258
v -0.007517 -0.477966 -0.024475
v -0.074266 0.589416 -0.074688
v -0.093983 0.574994 -0.050683
v -0.079416 0.582962 -0.085954
v -0.105952 0.564431 0.043795
v -0.101369 0.558578 0.044072
v -0.093592 0.570694 0.044128
v 0.053627 -0.761575 0.069730
v 0.061866 -0.776428 0.067609
v 0.014502 0.253598 0.094788
v 0.010251 0.240193 0.093493
v 0.022947 0.252882 0.095712
v -0.121808 0.357866 0.066039
v 0.020557 0.537596 0.003446
v 0.005520 -0.574924 0.043191
v -0.186637 -0.458851 -0.047967
v -0.181666 -0.472715 -0.054006
v -0.086907 -0.317161 0.063456
v -0.078058 -0.309687 0.068804
v 0.004779 -0.056875 0.007921
v 0.006867 -0.072395 0.005824
v -0.047627 -0.205082 0.080032
v -0.048510 -0.207134 0.080779
v -0.040955 -0.216095 0.084030
v -0.036990 0.360071 -0.053575
v -0.035457 0.343261 -0.066564
v -0.272296 0.348577 -0.015025
v -0.265818 0.383711 -0.009666
v -0.257517 0.374819 -0.033952
v -0.060742 -0.589625 -0.043445
v -0.034689 -0.599107 -0.043271
v -0.057730 -0.612606 -0.044808
v 0.043376 0.748680 0.073573
v 0.035053 0.735380 0.075137
v 0.043565 0.742084 0.072862
v -0.154134 0.560018 0.025091
v -0.190791 0.533726 -0.002195
v -0.182830 0.531209 0.029522
v 0.004256 -0.493216 0.012262
v 0.003168 -0.507474 0.019846
v -0.250266 0.353034 -0.044023
v -0.241066 0.353999 -0.044316
v -0.252822 0.345219 -0.032348
v 0.189870 0.916808 -0.029900
v 0.183158 0.926078 -0.023409
v 0.018729 0.598767 -0.064161
v -0.146437 0.526966 0.044307
v -0.139208 0.534771 0.045766
v -0.149403 0.524449 0.047710
v 0.129511 0.815360 0.017834
v -0.002371 -0.341583 -0.013359
v 0.004165 -0.341262 -0.003480
v -0.002150 -0.360262 -0.003985
v -0.038455 0.341509 0.076843
v -0.036867 0.346376 0.051238
v -0.034121 0.334502 0.055520
v -0.000038 -0.208120 -0.049862
v 0.003675 -0.208907 -0.044704
v 0.009982 -0.213538 -0.043928
v -0.014586 -0.073558 0.028922
v -0.008257 -0.083922 0.029368
v 0.003011 -0.247847 0.093264
v 0.012404 -0.260706 0.092878
v 0.021976 -0.259127 0.095048
v 0.012410 0.265376 -0.089481
v 0.005734 0.279737 -0.094289
v 0.018294 0.264258 -0.094877
v -0.051978 0.163121 -0.062703
v -0.059742 0.170934 -0.066240
v -0.040064 0.175063 -0.065691
v -0.201857 0.469758 0.067119
v -0.187185 0.465605 0.079772
v 0.126662 0.881006 0.028323
v 0.125566 0.868835 0.025410
v 0.133796 0.875513 0.025865
v 0.140689 0.889411 0.028566
v 0.027496 -0.229415 0.043374
v 0.041109 -0.236446 0.034444
v -0.019514 -0.190509 0.065552
v -0.021770 -0.204931 0.066316
v -0.014960 -0.202740 0.063055
v -0.013663 -0.190536 0.062847
v 0.053119 -0.705319 -0.058957
v 0.149293 -0.897422 -0.026900
v 0.142421 -0.883877 -0.025565
v 0.158583 -0.895342 -0.025321
v 0.153858 0.833484 -0.037585
v 0.142327 0.832820 -0.042644
v 0.156208 0.838946 -0.045070
v 0.007466 0.183986 -0.035672
v 0.014374 0.183501 -0.022900
v 0.021121 0.161475 -0.010565
v 0.095762 0.844867 -0.050273
v 0.099020 0.859236 -0.044940
v 0.106291 0.853188 -0.048890
v 0.100583 0.842283 -0.050567
v 0.009522 -0.266877 -0.088809
v 0.022159 -0.260255 -0.092448
v 0.022047 -0.274578 -0.090212
v -0.017292 -0.485708 -0.065234
v -0.019362 0.686486 0.061852
v -0.171917 -0.342948 0.043701
v -0.171166 -0.335462 0.032134
v 0.060187 -0.729616 -0.033522
v 0.067179 -0.747814 -0.026528
v 0.064600 -0.755808 -0.046692
v -0.025722 0.327675 -0.089763
v -0.023883 -0.654680 0.043579
v -0.014009 -0.665408 0.051154
v 0.027670 -0.565893 0.017957
v 0.027079 -0.581101 0.033093
v 0.184437 0.841008 -0.039233
v 0.050523 0.810939 0.032121
v 0.035514 0.781434 0.044572
v -0.075961 0.214121 -0.026286
v -0.070347 0.197548 -0.043093
v -0.074926 0.193109 -0.035820
v -0.012943 -0.126061 -0.041678
v -0.012294 -0.109035 -0.037525
v -0.002398 -0.111586 -0.031898
v 0.007236 0.583404 0.088214
v -0.003161 0.560509 0.087603
v 0.011307 0.578518 0.087768
v -0.063391 -0.208807 0.057151
v -0.056457 -0.220247 0.063554
v -0.105767 0.147051 0.054886
v -0.108772 0.156468 0.023432
v -0.113234 0.143383 0.033269
v -0.027981 0.214689 0.075691
v -0.028458 0.214784 0.080238
v -0.033484 0.209627 0.083280
v -0.031126 0.211102 0.074373
v -0.125030 0.547746 0.043876
v -0.116788 0.533769 0.043897
v -0.116395 0.555121 0.044035
v 0.004257 0.683296 0.075494
v -0.004404 0.671885 0.085360
v 0.127081 0.914760 0.021617
v -0.045203 0.478705 -0.043356
v -0.025259 0.497125 -0.043214
v -0.064404 0.644162 -0.000718
v -0.043052 0.660893 -0.035748
v -0.073566 0.545699 0.043773
v -0.041551 -0.237779 0.043997
v -0.020001 -0.246629 0.044565
v -0.036660 -0.233647 0.053042
v 0.039743 -0.743409 0.040879
v 0.047817 -0.754411 0.047304
v 0.048998 -0.752440 0.033953
v 0.135789 -0.799748 -0.002216
v -0.080046 -0.291766 -0.049778
v -0.078371 -0.287851 -0.044476
v -0.088712 -0.301487 -0.044116
v -0.076770 -0.122797 0.022283
v -0.081676 -0.127960 0.023112
v -0.072171 -0.128105 0.030376
v -0.069056 -0.122732 0.030948
v -0.020916 0.468723 0.068041
v -0.022956 0.480649 0.078753
v -0.028170 0.450509 0.077608
v 0.049610 0.617388 -0.016276
v 0.040766 0.605286 -0.042371
v 0.007895 0.523961 -0.015441
v -0.001973 0.507823 -0.031490
v 0.011978 0.544064 -0.036539
v 0.006371 -0.256692 -0.084156
v 0.005850 -0.259941 -0.089194
v 0.012956 -0.263879 -0.083625
v 0.005833 -0.240178 0.090814
v 0.080507 -0.865855 -0.001226
v 0.044297 0.244988 -0.057447
v 0.046964 0.255154 -0.080613
v -0.177072 -0.327928 0.015452
v -0.077220 -0.593854 0.043364
v -0.082134 -0.577761 0.043309
v 0.043116 -0.633119 -0.080063
v 0.043145 -0.631429 -0.070200
v 0.043853 -0.641951 -0.078733
v -0.192764 -0.355204 0.046439
v -0.042962 0.319731 0.043571
v -0.046030 0.293045 0.043719
v -0.159488 0.371387 0.089368
v 0.121788 -0.821981 -0.040122
v 0.183850 0.830923 0.009699
v 0.208818 0.835045 0.002313
v 0.209507 0.840489 0.026599
v 0.004159 -0.075979 0.016030
v -0.093030 -0.573803 -0.082461
v -0.103100 -0.572765 -0.058163
v -0.083789 -0.587012 -0.070020
v -0.138347 -0.355882 -0.061545
v -0.143951 -0.372032 -0.085464
v -0.134967 -0.366287 -0.089591
v 0.060668 -0.685084 -0.001982
v 0.050717 -0.655468 -0.022588
v -0.086163 -0.615430 0.025445
v -0.083078 -0.622360 -0.000860
v -0.060837 -0.642116 0.001526
v -0.061654 -0.288198 0.090339
v -0.093396 0.203329 -0.001332
v -0.055827 0.076247 0.026638
v -0.056784 -0.277944 0.083217
v -0.214584 -0.331521 0.008075
v -0.211973 -0.327944 0.002102
v -0.215070 -0.496527 -0.002495
v 0.133017 -0.885380 -0.038595
v 0.135422 -0.887669 -0.035947
v 0.145011 -0.894220 -0.045826
v 0.211450 -0.839140 -0.013475
v 0.208841 -0.841357 0.023423
v 0.208928 -0.842344 -0.000490
v 0.008260 -0.257265 0.085340
v 0.007101 -0.258591 0.069581
v 0.020979 -0.265738 0.069135
v 0.022216 -0.265240 0.084979
v 0.177949 -0.904726 -0.025093
v 0.159651 -0.905305 -0.026585
v -0.006875 -0.010753 -0.019598
v -0.000508 -0.021748 -0.013607
v -0.026874 0.073651 -0.030755
v -0.036351 -0.456627 0.044007
v -0.017886 -0.650103 0.086433
v -0.017734 -0.659161 0.081533
v -0.000609 -0.675806 0.084687
v -0.015144 0.541299 0.043629
v -0.020342 0.529506 0.043204
v -0.016655 0.532424 0.076284
v 0.207183 0.894934 0.008009
v 0.196878 0.902869 0.031550
v 0.190814 0.883150 0.029043
v 0.037833 0.724348 -0.043604
v 0.011556 0.539473 0.031536
v 0.011764 0.556233 0.059157
v -0.000652 0.534761 0.066372
v -0.121743 0.363308 0.085153
v -0.010520 0.076769 -0.027241
v -0.010610 0.066535 -0.027452
v -0.000747 -0.545563 -0.081625
v 0.003543 -0.564663 -0.080580
v -0.053649 -0.210704 0.074518
v -0.046835 -0.224520 0.074830
v -0.063060 -0.179305 -0.078594
v -0.055049 -0.180529 -0.066447
v -0.052422 -0.196215 -0.081867
v -0.061306 -0.185660 -0.080138
v -0.038060 -0.338241 0.048289
v -0.041705 -0.344351 0.060743
v 0.065764 0.771931 -0.057379
v 0.058635 0.764504 -0.066567
v -0.039212 -0.453921 0.043290
v -0.033712 -0.481124 0.043134
v 0.056017 0.705706 -0.051506
v 0.053990 0.706982 -0.062260
v 0.002068 0.124585 0.031127
v 0.006786 0.118168 0.024477
v 0.007575 0.126809 0.026678
v -0.034192 0.123292 0.045419
v -0.017331 0.122780 0.042458
v -0.021347 0.132609 0.045121
v 0.058391 -0.758585 -0.062778
v 0.069099 -0.766556 -0.047412
v 0.060040 -0.770269 -0.068225
v 0.005622 -0.179310 0.051088
v -0.008004 -0.185517 0.057287
v -0.192033 -0.326823 -0.001753
v -0.167218 -0.315785 -0.001565
v -0.167054 -0.319594 -0.008530
v 0.161036 0.939803 0.033421
v 0.152551 0.933940 0.029586
v 0.155818 0.931497 0.036119
v -0.094610 -0.312796 -0.047992
v -0.080983 -0.304846 -0.076197
v 0.210487 0.839053 -0.010568
v 0.214724 0.837623 -0.000840
v 0.016394 0.258854 -0.069367
v 0.014445 0.262293 -0.062214
v 0.019684 0.260122 -0.070669
v -0.079718 0.612107 0.065715
v -0.094667 0.599264 0.063006
v -0.078218 0.595093 0.084591
v -0.047484 0.617166 -0.045806
v -0.054319 0.608911 -0.045595
v -0.057022 0.610292 -0.048360
v -0.013217 0.019823 -0.025916
v -0.004074 0.022948 -0.019146
v -0.012961 0.009487 -0.025839
v -0.209594 -0.407545 -0.058363
v -0.206919 -0.412818 -0.051150
v -0.206641 -0.420435 -0.069080
v -0.214011 -0.404657 -0.075430
v -0.031492 -0.212649 -0.046750
v -0.025790 -0.205819 -0.052589
v -0.019010 -0.218421 -0.047793
v -0.076183 -0.097442 0.007247
v -0.079072 -0.105667 -0.001054
v -0.077856 -0.106093 0.008459
v 0.137986 -0.893837 0.044231
v 0.148922 -0.907602 0.041232
v 0.161333 -0.905700 0.042559
v -0.006448 -0.536589 -0.082865
v -0.060603 0.601436 0.053910
v -0.065936 0.596204 0.044581
v 0.167736 0.874441 -0.028573
v 0.149923 0.885106 -0.027754
v 0.168594 0.886331 -0.029522
v -0.019486 0.277877 0.043811
v -0.086930 -0.155856 -0.071850
v -0.073406 -0.168216 -0.075733
v -0.078198 -0.168282 -0.071078
v -0.204601 0.445299 -0.074559
v -0.182058 0.453538 -0.083780
v -0.187781 0.434734 -0.084863
v 0.001459 -0.080377 0.021669
v -0.267950 -0.331849 0.010484
v -0.263338 -0.340650 0.021262
v -0.242492 -0.341982 0.022223
v -0.087126 0.579459 -0.045352
v -0.074884 0.590130 -0.045741
v -0.056532 0.580546 -0.044287
v 0.133381 -0.916317 0.031224
v 0.130599 -0.919763 -0.001000
v -0.180894 -0.471492 0.043339
v -0.200554 -0.388742 -0.064013
v -0.189877 -0.387828 -0.075426
v -0.176394 -0.380398 -0.066974
v 0.003502 0.494290 0.014329
v -0.002433 0.488645 0.025349
v -0.000865 0.467496 0.009229
v -0.055522 0.261347 -0.054707
v -0.053774 0.253211 -0.048603
v 0.198881 0.846935 0.000207
v 0.214239 0.844218 0.003178
v 0.174578 -0.849169 0.045676
v 0.184391 -0.851159 0.041540
v 0.195515 -0.849854 0.043946
v 0.003355 0.018543 0.007923
v -0.031304 -0.486930 -0.047827
v -0.026055 -0.501779 -0.047542
v -0.030601 -0.488790 -0.043128
v -0.122944 -0.585631 -0.036990
v -0.116368 -0.586480 -0.059975
v -0.100721 -0.600728 -0.060622
v -0.106686 -0.598087 -0.046073
v -0.038942 -0.460810 -0.084206
v -0.041400 -0.419223 -0.084895
v -0.032281 -0.467343 -0.085558
v -0.030217 -0.491153 0.075942
v -0.029839 -0.490027 0.084139
v -0.035979 -0.471291 0.083920
v 0.216693 -0.971700 0.029004
v 0.232770 -0.978635 0.028490
v 0.228096 -0.963235 0.033507
v -0.003292 0.536453 -0.080889
v -0.004353 0.541450 -0.089067
v -0.017802 0.038414 -0.030151
v 0.008274 0.251452 -0.075241
v 0.004151 0.247459 -0.069618
v -0.226116 -0.405984 -0.073184
v -0.218847 -0.409466 -0.078456
v 0.155327 -0.898816 0.026362
v 0.156162 -0.888725 0.025066
v -0.175560 -0.481898 0.072490
v -0.179922 -0.474198 0.084554
v -0.175719 -0.484524 0.083542
v -0.167067 -0.496785 0.075352
v -0.139804 -0.312823 -0.023584
v -0.124087 -0.292974 -0.008783
v -0.117294 -0.299894 -0.026299
v -0.094136 -0.353544 -0.043846
v -0.101355 -0.320284 -0.044698
v -0.040574 0.227419 0.044683
v -0.029146 0.221778 0.048149
v -0.029680 0.229083 0.044398
v -0.141857 -0.528129 -0.079677
v -0.143326 -0.533321 -0.058089
v -0.125866 -0.543399 -0.080721
v 0.193288 -0.878913 0.026400
v 0.187414 -0.864352 0.030543
v 0.190912 -0.882922 0.033601
v -0.027581 0.317028 0.084112
v -0.026904 0.319478 0.052801
v -0.002958 -0.188393 -0.048278
v -0.006732 -0.180810 -0.056963
v -0.031807 0.462825 0.083693
v -0.025813 0.485963 0.083960
v -0.036630 0.134643 0.045729
v -0.028092 0.138354 0.050551
v -0.245072 -0.380896 -0.050716
v 0.147599 0.825803 -0.026060
v 0.012350 -0.262372 -0.059304
v 0.012577 -0.269718 -0.074178
v 0.012386 -0.271147 -0.044879
v 0.039989 -0.779711 0.062100
v 0.051004 -0.782081 0.064818
v 0.034634 -0.771145 0.062440
v 0.108102 0.853465 -0.043868
v 0.149184 -0.906152 -0.045684
v 0.165108 -0.913464 -0.047497
v -0.084294 -0.183265 0.005659
v -0.165742 -0.503151 -0.054017
v -0.163418 -0.506368 -0.048396
v -0.075627 -0.271851 -0.063423
v 0.036581 -0.705613 0.040936
v 0.039240 -0.722561 0.033508
v 0.012504 -0.258343 -0.074712
v 0.012812 0.681765 0.040615
v 0.026121 0.613850 0.048082
v 0.018485 0.598754 0.043249
v 0.021539 0.607696 0.068658
v 0.043718 0.788146 0.060272
v 0.028267 0.763569 0.060655
v -0.033917 -0.483702 -0.084880
v -0.014750 -0.304455 -0.044249
v -0.015694 -0.287673 -0.044613
v -0.008180 -0.295905 -0.043870
v 0.200386 0.842823 -0.034018
v 0.195420 0.848351 -0.044270
v -0.027848 0.500828 0.078169
v -0.030413 0.490396 0.043654
v -0.034418 0.470938 0.058687
v -0.016797 0.107305 -0.034130
v -0.004106 0.105060 -0.025512
v -0.017698 0.098031 -0.032478
v -0.003718 0.676876 -0.059446
v 0.007566 0.691217 -0.060133
v -0.141431 -0.538372 0.048360
v -0.151882 -0.520842 0.068232
v -0.132970 -0.539466 0.075446
v -0.136208 -0.542380 0.055037
v -0.023754 0.517723 0.047318
v -0.025120 0.520011 0.043073
v -0.042828 0.404941 -0.076596
v -0.042759 0.377619 -0.077423
v -0.039848 0.378485 -0.057340
v -0.038894 0.398132 -0.047277
v -0.250453 0.362289 -0.056751
v -0.219490 0.362325 -0.057134
v -0.025653 0.498122 -0.067663
v -0.028335 0.377414 -0.072494
v -0.041719 0.381758 0.042714
v -0.042524 0.378829 0.057718
v 0.200703 0.877809 0.008691
v 0.200623 0.869301 0.001592
v 0.210836 0.896167 0.001438
v 0.014336 0.694481 -0.042421
v 0.032955 0.707973 -0.036330
v 0.025561 0.692648 -0.039142
v -0.021616 -0.513021 0.053940
v -0.012873 -0.536347 0.057280
v -0.019159 -0.517997 0.079569
v 0.235103 0.951289 0.013839
v 0.234779 0.939360 0.002560
v -0.111224 -0.566282 0.047623
v -0.100268 -0.576876 0.054121
v -0.090694 -0.587025 0.049373
v -0.046898 -0.181173 -0.063790
v -0.031115 -0.174494 -0.070492
v -0.037209 -0.190079 -0.066395
v -0.067510 -0.297631 -0.044281
v -0.036495 -0.282994 -0.044140
v -0.015997 -0.226910 -0.085548
v -0.016451 -0.214783 -0.075910
v -0.004437 -0.230849 -0.088220
v -0.036277 0.452328 0.082605
v -0.032267 0.470671 0.082808
v -0.035045 0.463630 0.077872
v 0.003609 0.273773 0.065875
v 0.014238 0.262439 0.069655
v 0.014170 0.264627 0.085638
v -0.000567 0.279149 0.084993
v 0.005601 -0.551830 -0.075092
v 0.013798 -0.553372 -0.032272
v 0.013435 -0.568765 -0.075992
v -0.004977 -0.138844 0.044481
v 0.001327 -0.145175 0.051401
v -0.001654 -0.136025 0.037724
v -0.002456 -0.536087 -0.077309
v -0.000583 -0.534485 -0.062316
v -0.074263 0.107982 -0.010975
v -0.009195 0.554778 0.043413
v -0.012373 0.545292 0.060951
v -0.005721 0.561736 0.043717
v -0.054514 0.220528 -0.060699
v -0.050881 0.189324 -0.077113
v -0.061511 0.192707 -0.061912
v -0.085772 -0.612468 -0.062171
v -0.239565 -0.442637 -0.002597
v -0.243322 -0.418373 -0.027685
v -0.031234 -0.326240 -0.071805
v -0.056384 -0.114353 -0.036023
v -0.044602 -0.108078 -0.038284
v -0.048717 -0.124033 -0.039963
v -0.237468 -0.403414 -0.060540
v 0.005199 -0.102174 0.014060
v -0.000351 -0.098386 0.021804
v 0.001602 -0.108670 0.022864
v 0.168564 -0.847174 -0.044488
v 0.180657 -0.846694 -0.046386
v 0.183814 -0.848969 -0.043232
v 0.185819 -0.912574 -0.025014
v 0.186577 -0.894209 -0.028016
v 0.190502 -0.901959 -0.029089
v 0.003577 -0.683280 -0.066786
v -0.002364 -0.671543 -0.078036
v -0.069085 0.626176 -0.063085
v 0.032644 -0.624369 -0.081082
v 0.035976 -0.637991 -0.076223
v -0.066055 0.224504 0.047576
v -0.058300 0.211907 0.056466
v -0.052709 0.219605 0.065386
v 0.015190 -0.579274 -0.080995
v 0.019675 -0.583522 -0.077909
v 0.018933 -0.600111 -0.081667
v 0.032612 0.769543 -0.057029
v -0.011308 0.132232 0.040872
v -0.125610 0.537865 -0.082866
v -0.118623 0.546873 -0.084656
v -0.177771 0.468547 -0.059027
v -0.166709 0.489843 -0.052700
v 0.013291 0.741167 0.054139
v -0.000394 0.727764 0.031209
v -0.034372 0.630506 0.081249
v 0.042856 -0.700698 -0.044704
v 0.044490 -0.704984 -0.052888
v 0.122615 -0.841905 -0.050544
v 0.141597 -0.845549 -0.045364
v -0.001679 -0.374854 0.003318
v -0.011781 0.508831 0.070488
v -0.001418 0.510675 0.040920
v -0.191324 0.390739 0.043108
v -0.162966 0.392803 0.043613
v -0.163707 -0.509269 0.047071
v -0.166919 -0.498333 0.064815
v -0.158811 -0.519495 0.043097
v -0.027327 0.490535 -0.080174
v -0.026119 0.482859 -0.086886
v -0.036769 -0.464065 -0.069120
v -0.034240 -0.475998 -0.043010
v 0.028182 0.193910 0.006543
v 0.022857 0.206508 0.027106
v 0.002166 0.681439 -0.043586
v 0.009187 0.687057 -0.042660
v 0.048879 0.716035 0.063601
v 0.041789 0.706934 0.043477
v 0.009336 -0.693601 0.081158
v 0.020315 -0.709121 0.078731
v 0.019269 -0.705205 0.077026
v 0.245922 0.990852 0.023682
v 0.247614 0.985166 0.030863
v 0.256413 0.993440 0.024970
v 0.008206 -0.309052 -0.044764
v 0.016054 -0.294727 -0.058275
v 0.024164 -0.289885 -0.049393
v -0.041021 0.620640 0.044360
v 0.190496 0.902659 0.034216
v 0.182825 0.911494 0.030202
v 0.183736 0.894275 0.032349
v -0.075477 -0.600673 0.081767
v 0.045791 -0.244751 0.043307
v 0.059912 -0.250216 0.032893
v -0.208026 0.398002 0.072932
v -0.202768 0.406726 0.083497
v -0.206390 0.398563 0.083974
v 0.031229 0.630392 0.058367
v 0.033532 0.640342 0.050897
v 0.017647 0.687056 -0.041020
v -0.034755 0.228029 -0.083125
v -0.035541 0.227819 -0.063678
v -0.027726 0.226948 -0.074377
v 0.028101 -0.785643 -0.001426
v 0.030103 -0.782004 0.018112
v 0.067221 0.735785 0.029809
v 0.076388 0.728079 0.002911
v -0.221966 -0.376233 -0.067877
v -0.218679 -0.389109 -0.081168
v -0.094898 -0.391294 0.043253
v -0.109728 -0.458131 0.043383
v -0.066275 -0.442021 0.043177
v -0.037312 0.098726 -0.034287
v -0.021705 0.087944 -0.034179
v -0.030991 0.087026 -0.034550
v -0.197694 -0.504538 -0.035938
v -0.190282 -0.522185 -0.027220
v 0.017094 -0.190073 -0.020158
v 0.032511 -0.200012 -0.002509
v 0.019919 -0.197896 -0.020516
v -0.024085 -0.124789 -0.043479
v -0.007979 -0.142592 -0.051916
v -0.019697 -0.142848 -0.057128
v 0.199260 -0.924589 -0.024304
v 0.204575 -0.920902 -0.028419
v 0.208347 -0.927099 -0.028229
v -0.143049 0.366718 -0.048004
v -0.137953 0.364102 -0.043702
v -0.129023 0.356569 -0.043292
v -0.110255 -0.562582 0.073141
v 0.070386 -0.791950 -0.064723
v 0.066486 -0.775471 -0.060328
v 0.077378 -0.799974 -0.061444
v 0.030076 -0.621934 0.079831
v 0.036262 -0.617255 0.081071
v 0.133055 -0.882809 -0.027075
v 0.135440 -0.887628 -0.028082
v 0.049367 0.666150 -0.068746
v 0.047922 0.679104 -0.070962
v 0.051840 0.688739 -0.065802
v 0.014362 -0.115517 -0.006148
v 0.017349 -0.117772 0.003030
v -0.021990 0.145186 0.062442
v -0.041130 0.142868 0.057988
v 0.213103 0.933598 0.033296
v 0.216346 0.931444 0.027372
v 0.223254 0.946038 0.029396
v 0.214535 0.944019 0.033332
v -0.183524 -0.510959 -0.061738
v -0.176378 -0.492947 -0.078113
v -0.162103 -0.518487 -0.074958
v 0.204039 -0.844016 0.029233
v -0.005583 0.447940 -0.014490
v -0.001565 0.438906 -0.002086
v -0.013253 0.437013 -0.029374
v 0.224884 0.927968 0.007693
v 0.226557 0.924906 0.001828
v 0.178173 -0.891791 0.024682
v 0.187542 -0.895555 0.027370
v 0.092542 -0.844156 0.053155
v 0.099580 -0.844838 0.052947
v -0.168467 -0.335222 -0.032735
v 0.047016 -0.698769 0.065383
v 0.053112 -0.722024 0.063714
v 0.049936 -0.695454 0.067013
v -0.063137 -0.129079 0.038594
v -0.059905 -0.132269 0.045336
v -0.051823 -0.128971 0.042837
v -0.046922 -0.353907 0.043528
v -0.032657 -0.206676 -0.071384
v -0.022713 -0.202516 -0.071973
v -0.033649 -0.218887 -0.078227
v 0.077799 0.252648 -0.012133
v 0.081896 0.263186 -0.033306
v 0.090055 0.255517 0.000273
v -0.007256 0.688946 -0.075970
v -0.010747 0.117263 0.038566
v -0.001692 0.112419 0.036043
v 0.001606 0.114980 0.031150
v -0.012681 0.105563 0.033510
v 0.002610 0.105673 0.023541
v 0.004835 0.110915 0.028864
v -0.003003 -0.481350 -0.011796
v 0.018316 0.140422 -0.002690
v 0.021957 0.149682 0.016357
v 0.017236 0.142709 0.008103
v -0.226083 0.328587 0.000432
v -0.210431 0.328187 -0.002059
v -0.209585 0.328235 0.000763
v 0.051090 0.251817 0.058640
v 0.070765 0.261506 0.059482
v 0.061727 0.262397 0.071720
v 0.040825 0.256698 0.082232
v -0.188315 0.435412 -0.080687
v -0.193287 0.420349 -0.082736
v -0.175083 -0.485557 -0.062636
v -0.182695 -0.469652 -0.077206
v -0.008794 -0.508496 0.054498
v -0.002802 -0.517606 0.036087
v -0.044971 -0.370681 0.076390
v -0.044188 -0.390143 0.060748
v -0.040179 0.405760 0.084514
v -0.034611 0.373407 0.083675
v 0.015553 -0.549680 -0.020919
v 0.027600 -0.572090 -0.012717
v 0.024996 -0.572251 -0.022959
v -0.050467 0.252750 0.063794
v -0.036615 0.234590 0.083148
v -0.107377 0.169755 0.003311
v 0.182358 -0.930163 -0.036820
v 0.192277 -0.940026 -0.028417
v 0.195579 -0.943968 -0.040821
v -0.015960 0.233896 -0.074584
v 0.060956 -0.277331 0.004864
v 0.086135 -0.269683 0.000820
v 0.172097 -0.915766 -0.035107
v 0.175643 -0.913950 -0.026319
v 0.177446 -0.919807 -0.027580
v -0.026391 0.032639 0.031283
v -0.024577 0.025384 0.031261
v 0.208086 0.843653 -0.025861
v 0.212970 0.841444 -0.008630
v -0.014029 -0.505369 0.076350
v -0.005504 -0.529818 0.083537
v -0.004938 -0.526203 0.076563
v 0.037470 0.268921 0.052967
v 0.033115 0.267930 0.070544
v 0.043969 0.265593 0.079606
v 0.045214 0.267232 0.057962
v 0.205126 0.908133 -0.017681
v 0.221747 0.919143 -0.001906
v -0.015962 -0.059999 0.030094
v -0.014287 -0.305280 -0.049828
v -0.062343 -0.607043 -0.065009
v -0.020311 0.440553 -0.048374
v -0.016972 0.426556 -0.038986
v -0.025011 0.437781 -0.062308
v -0.112384 -0.363542 0.085343
v -0.105033 -0.353389 0.083250
v -0.029957 0.143274 -0.064390
v -0.015179 0.143989 -0.060963
v -0.167177 0.486017 -0.073568
v -0.162904 0.497189 -0.058326
v -0.030039 -0.634964 -0.087713
v -0.023965 -0.642628 -0.083061
v -0.014240 -0.655567 -0.086699
v -0.244488 -0.367419 0.058914
v -0.230780 -0.379161 0.076455
v -0.230678 -0.355967 0.042289
v 0.052531 0.733596 -0.061804
v 0.048490 0.715642 -0.066260
v 0.020148 -0.203680 0.026889
v 0.013207 -0.187213 0.028530
v 0.030811 -0.669831 0.042265
v 0.034358 -0.647857 0.043374
v -0.157828 -0.513690 -0.060517
v -0.159179 -0.513562 -0.046265
v -0.150902 -0.525527 -0.047293
v -0.102854 -0.349195 0.088806
v -0.038725 0.429022 -0.084596
v -0.040030 0.402744 -0.085736
v -0.042042 0.402782 -0.083365
v -0.020619 0.308271 0.088373
v -0.013445 0.309644 0.086009
v -0.040979 -0.360708 -0.043210
v -0.042091 -0.383693 -0.042659
v -0.274057 0.357926 -0.003845
v -0.092426 0.257513 0.017300
v -0.098618 0.251155 0.002832
v -0.084050 0.245601 0.025165
v -0.019689 0.168276 0.063396
v -0.013722 0.161996 0.060787
v -0.028401 0.176034 0.063764
v -0.093047 -0.157318 -0.062224
v -0.085180 -0.169637 -0.054945
v -0.088148 0.573138 0.092119
v -0.082980 0.580805 0.068208
v -0.065021 0.597223 0.070651
v -0.155217 -0.522658 0.042944
v -0.151123 -0.529680 0.045394
v -0.146124 -0.533512 0.043038
v -0.200426 -0.413931 -0.045053
v -0.198756 -0.423992 -0.044734
v -0.202204 -0.420041 -0.048452
v -0.152370 0.515088 -0.058234
v -0.037211 0.383782 -0.084718
v -0.034177 0.380705 -0.082410
v 0.061954 0.266324 -0.057136
v 0.069604 0.265802 -0.047603
v 0.062367 0.264397 -0.069619
v 0.089315 0.826276 -0.051986
v 0.090984 0.826606 -0.045978
v 0.001699 -0.228071 -0.083546
v -0.078182 0.339031 -0.043855
v -0.006958 -0.296732 -0.047866
v -0.000525 -0.299764 -0.082251
v 0.004649 -0.287906 -0.087808
v 0.012141 -0.285542 -0.085233
v -0.044674 -0.220362 0.079512
v -0.042739 -0.223271 0.080058
v -0.036860 -0.221708 0.086872
v -0.139767 -0.571417 0.028522
v -0.113614 -0.596952 -0.000365
v -0.109916 -0.594593 0.033227
v 0.178600 -0.874444 0.024616
v 0.034418 0.284312 -0.027700
v 0.047171 0.286353 -0.001427
v 0.041203 0.277052 -0.026486
v 0.055052 -0.748910 -0.059807
v 0.058655 -0.747655 -0.055629
v -0.048426 0.058873 0.028685
v -0.017095 -0.321798 -0.077228
v -0.030452 -0.341308 -0.084244
v -0.123678 -0.546732 -0.084057
v -0.143251 -0.528239 -0.082973
v -0.003766 -0.240509 -0.073195
v -0.007169 -0.246829 -0.086225
v -0.000024 -0.248858 -0.080907
v -0.001350 -0.198751 -0.045941
v 0.008578 -0.198592 -0.034595
v 0.203432 -0.845876 -0.005579
v 0.200093 0.927347 0.033548
v 0.204447 0.920176 0.032906
v 0.106136 0.783338 0.003171
v 0.023727 -0.168634 -0.018165
v 0.033211 -0.729181 0.075341
v -0.041168 -0.658136 0.028385
v 0.083104 0.777570 0.031010
v 0.073706 0.772130 0.050748
v 0.075251 0.761121 0.030337
v 0.199337 -0.942139 0.022530
v 0.206091 -0.948274 0.029934
v 0.208018 -0.941691 0.021302
v 0.043600 0.262643 0.088959
v -0.023133 -0.657074 -0.078517
v 0.101922 0.828303 0.051010
v 0.098684 0.820587 0.053178
v -0.221965 0.431762 0.064385
v -0.214979 0.456868 0.057451
v -0.229833 0.434580 0.048397
v -0.239394 0.389273 -0.062211
v -0.239102 0.372537 -0.068598
v -0.011454 0.535619 -0.043291
v 0.013061 0.584737 -0.088419
v 0.010811 0.583734 -0.085015
v 0.181247 0.859030 -0.022952
v 0.029150 -0.294746 0.032678
v 0.012551 -0.294752 0.067318
v -0.190108 -0.444707 0.068525
v -0.185123 -0.456925 0.068102
v -0.186926 -0.456951 0.047759
v 0.224772 0.963501 -0.032599
v 0.233487 0.977504 -0.030175
v 0.237388 0.975944 -0.027694
v -0.028231 0.456740 -0.081266
v -0.029908 0.434481 -0.075790
v -0.033848 0.437994 -0.084172
v -0.058285 -0.136470 -0.050642
v -0.047608 -0.128525 -0.047033
v -0.038287 -0.131394 -0.050505
v -0.049503 -0.144447 -0.057169
v 0.035663 0.610202 -0.079088
v 0.025734 0.592968 -0.085964
v 0.015000 0.694776 -0.081007
v -0.165654 0.487918 -0.082480
v -0.170322 0.478779 -0.081652
v 0.002497 -0.267598 0.044967
v 0.007890 -0.263177 0.048942
v -0.004563 -0.255810 0.044711
v -0.019131 0.649755 0.079019
v -0.088781 -0.587407 -0.052370
v -0.076933 -0.595799 -0.058752
v 0.098867 0.877417 0.036874
v 0.096294 0.877930 0.030834
v -0.039059 -0.337867 0.044179
v -0.154203 -0.551313 -0.058369
v -0.140718 -0.563805 -0.058996
v -0.128895 -0.547067 -0.060894
v -0.046634 -0.185196 0.062981
v -0.050608 -0.186221 0.061536
v -0.039558 -0.192089 0.062620
v -0.029949 -0.226351 0.087435
v -0.006735 -0.232370 0.087582
v -0.016417 -0.223514 0.080365
v 0.066020 0.835559 0.026299
v 0.008938 0.140475 -0.023811
v 0.013977 0.134863 -0.016558
v 0.165410 -0.894145 0.025031
v 0.143378 -0.894268 -0.048116
v -0.043012 -0.650304 0.062318
v -0.023976 -0.508825 0.043184
v -0.015861 -0.530026 0.043106
v -0.019571 -0.514343 0.043131
v -0.021731 -0.141201 0.053253
v 0.006368 -0.251358 -0.069792
v 0.003224 0.073425 0.016338
v -0.005212 0.067706 0.024749
v -0.210013 0.393589 -0.057012
v -0.209935 0.391653 -0.048560
v -0.065060 0.294779 0.088821
v -0.217835 0.444270 -0.067288
v -0.220615 0.421629 -0.072068
v -0.003487 -0.325708 -0.037170
v -0.007742 -0.321196 -0.057200
v -0.077283 -0.214939 -0.002679
v -0.078060 -0.214955 0.002836
v -0.042661 -0.660349 0.000717
v 0.078021 0.825386 0.060011
v 0.090920 0.853611 0.048308
v -0.007621 0.290682 0.088516
v 0.012288 0.280458 0.089066
v -0.072946 -0.086590 -0.010717
v -0.068476 -0.067732 -0.006743
v -0.064083 -0.068483 -0.014913
v 0.022179 -0.235271 0.058791
v 0.006555 -0.228833 0.069287
v -0.167394 0.517668 -0.072811
v 0.008034 -0.116230 0.021134
v 0.006633 -0.130618 0.028692
v 0.016857 -0.136053 0.010825
v 0.006821 0.575019 -0.089155
v -0.002357 -0.677503 0.043126
v 0.010599 -0.686754 0.041490
v 0.018570 -0.664472 0.042803
v -0.241341 -0.371564 -0.063324
v -0.143560 -0.574928 -0.002626
v -0.166102 -0.558428 -0.001737
v -0.144003 -0.569821 -0.029561
v 0.048587 0.782929 -0.063251
v -0.061045 -0.021778 0.019435
v -0.042982 -0.019036 0.030266
v -0.047421 -0.012027 0.026345
v -0.243297 0.335951 -0.016506
v 0.026661 -0.621511 -0.041741
v 0.019717 -0.730695 -0.069096
v 0.011141 -0.716794 -0.069225
v 0.024748 -0.714555 -0.078142
v -0.036542 -0.424741 0.080253
v -0.034966 -0.443093 0.082820
v -0.029838 -0.432557 0.067500
v -0.080136 0.282334 0.066541
v -0.057839 0.262053 0.080175
v -0.096278 0.226694 -0.002623
v -0.089159 0.212085 -0.006875
v -0.004987 0.114001 -0.036262
v -0.033788 -0.229380 0.066320
v -0.031008 -0.228168 0.081536
v -0.077463 -0.111190 0.022024
v -0.071676 -0.107099 0.019957
v 0.049368 0.701495 -0.068502
v 0.164021 0.939365 -0.029403
v -0.086409 -0.111056 0.006091
v -0.089736 -0.123435 0.003469
v -0.084028 -0.118896 0.012592
v 0.188060 -0.860498 0.026258
v -0.206202 0.466196 -0.066721
v -0.163364 -0.544258 0.055486
v -0.104089 0.565330 -0.047132
v -0.015495 0.214691 0.075371
v -0.010307 -0.379853 -0.011130
v -0.033226 -0.642534 -0.079723
v -0.023159 -0.022769 -0.028527
v -0.023109 -0.011646 -0.027927
v -0.015020 -0.011115 -0.025336
v -0.016475 -0.021872 -0.026317
v -0.076674 0.312343 0.089556
v -0.051566 0.248165 -0.044533
v -0.050412 0.237301 -0.044711
v -0.049294 0.237802 -0.050727
v -0.004341 0.562698 0.084638
v -0.010969 0.292202 -0.085509
v -0.004985 0.284685 -0.091267
v -0.006005 0.284166 -0.068391
v 0.002169 0.025632 -0.011178
v 0.005158 0.027156 0.000610
v 0.003545 0.018690 -0.006854
v 0.189409 0.847962 -0.017905
v -0.154608 0.369914 -0.088271
v 0.154961 -0.902571 -0.030308
v 0.162598 -0.909089 -0.027594
v 0.166637 -0.910531 -0.033173
v -0.000124 0.239417 0.092798
v -0.001079 0.229536 0.089284
v -0.097797 0.608889 0.027321
v -0.080173 0.614398 0.060535
v 0.001208 0.224350 -0.070691
v 0.041418 0.738351 -0.049441
v 0.045303 0.744833 -0.052255
v 0.046293 0.741087 -0.046816
v -0.105570 0.589662 0.061425
v 0.000281 0.230186 -0.086071
v -0.013131 0.491313 0.060374
v 0.004862 -0.503551 -0.003976
v 0.005761 -0.494020 0.003443
v 0.014293 -0.520220 0.003755
v -0.045409 -0.139826 -0.053391
v -0.020575 -0.145778 -0.061668
v 0.166610 -0.913346 0.026665
v 0.164818 -0.909895 0.033324
v 0.169009 -0.919380 0.033336
v 0.168425 -0.919178 0.027146
v -0.065307 0.107046 -0.024118
v -0.056101 0.116225 -0.035353
v 0.144091 -0.889047 0.044357
v -0.019748 0.382916 -0.053767
v -0.016873 0.346355 -0.063376
v -0.112121 0.349458 -0.060716
v -0.093795 0.332041 -0.054435
v -0.152987 0.376038 -0.085200
v -0.126661 0.364476 -0.087552
v -0.167104 -0.496465 -0.076459
v 0.065843 0.800917 0.064369
v -0.095986 -0.132420 0.026724
v -0.083449 -0.126537 0.016041
v -0.094694 -0.128345 0.018134
v 0.041444 -0.750553 -0.072101
v 0.044106 -0.746736 -0.072013
v 0.051210 -0.757887 -0.070224
v -0.034414 -0.370795 0.075886
v -0.030672 -0.363420 0.070489
v 0.005985 -0.135193 -0.030035
v 0.010063 -0.138185 -0.028334
v 0.008851 -0.143838 -0.045976
v 0.001746 -0.139302 -0.042566
v -0.237417 0.375269 0.070339
v -0.210781 0.378509 0.077657
v 0.038212 -0.667489 -0.052441
v -0.071774 0.621972 0.063724
v 0.229976 -0.967328 -0.033109
v 0.048846 0.750472 0.049833
v 0.044032 0.743017 0.060109
v 0.043191 0.739906 0.050651
v 0.229375 -0.979643 0.022597
v -0.022856 0.430025 0.055611
v 0.021634 0.667970 0.041832
v 0.029417 0.637041 0.042911
v 0.034588 0.665559 0.044148
v 0.028331 -0.748252 -0.067679
v 0.032488 -0.728245 -0.075868
v -0.225402 0.445391 -0.051812
v -0.094529 -0.163502 0.067023
v -0.082910 -0.176606 0.068918
v 0.029307 0.223241 -0.032929
v -0.185353 0.386662 -0.072704
v -0.165772 0.380159 -0.075446
v -0.167511 0.380590 -0.085434
v -0.195796 0.389164 -0.083437
v 0.001406 0.721971 -0.058144
v 0.011339 0.729206 -0.066692
v -0.011629 0.700967 -0.062271
v 0.006363 0.249037 0.085684
v 0.008929 0.251415 0.076217
v -0.084188 0.222252 0.018834
v -0.084766 0.209798 0.014782
v -0.003131 -0.696388 -0.070133
v 0.010126 -0.702885 -0.077032
v 0.162464 0.890111 0.038218
v 0.165110 0.882167 0.036856
v 0.170220 0.886072 0.036299
v 0.017281 0.337164 -0.001740
v 0.028212 0.317613 -0.001512
v 0.026935 0.315056 -0.006478
v 0.198287 -0.905287 0.032861
v 0.206989 -0.920060 0.032340
v 0.206121 -0.913818 0.031067
v -0.006691 -0.710768 -0.026239
v -0.083573 -0.149072 0.060032
v -0.077389 -0.150571 0.061450
v -0.076439 -0.142953 0.052615
v -0.277749 0.346797 -0.003001
v -0.281565 0.333536 -0.003616
v 0.156885 -0.902216 0.033953
v 0.116492 0.877496 0.044333
v 0.124192 0.878283 0.043374
v 0.124909 0.883907 0.044174
v 0.191474 -0.849863 -0.005623
v 0.190356 -0.851054 0.021342
v 0.190899 -0.854931 0.001706
v -0.080529 0.490822 0.043506
v 0.107675 0.854149 0.027347
v 0.101177 0.846584 0.034748
v 0.104503 0.846006 0.027215
v -0.177083 0.498609 0.075373
v -0.174210 0.491809 0.081083
v -0.040995 0.351355 0.083996
v -0.036637 0.334554 0.085333
v -0.144610 0.518763 -0.077119
v 0.135376 0.831704 0.043139
v 0.142181 0.838289 0.045343
v -0.013127 -0.532025 0.079465
v -0.180697 0.456513 -0.078581
v -0.170267 0.478703 -0.077169
v -0.174722 0.472744 -0.071107
v -0.121776 0.330760 -0.065519
v -0.107640 0.314889 -0.063050
v 0.054594 -0.695284 -0.035456
v 0.059004 -0.717539 -0.031065
v 0.057356 -0.731419 -0.054210
v -0.061346 0.271576 0.043850
v -0.058242 0.256202 0.044222
v -0.053241 0.249414 0.043521
v 0.015906 -0.211078 -0.034114
v 0.019329 -0.566044 0.036866
v 0.035316 -0.673750 0.043103
v -0.023528 0.502489 -0.082193
v -0.027756 -0.258449 0.044113
v -0.092694 0.143602 0.041985
v 0.041354 -0.737152 -0.035805
v -0.010819 0.051551 0.027428
v -0.039362 -0.452898 0.082945
v -0.030549 -0.469297 0.084409
v 0.227974 0.955850 -0.022928
v -0.200619 0.399473 -0.084069
v 0.009645 0.692338 -0.046795
v -0.002747 0.678788 -0.046436
v -0.007946 0.177180 -0.051995
v 0.112915 0.819103 0.039308
v 0.174984 0.883862 0.035191
v 0.176672 0.877743 0.032969
v 0.186114 0.872216 0.034759
v 0.187203 0.885742 0.033828
v 0.161020 -0.905173 -0.044809
v 0.016963 0.602289 0.086359
v 0.010757 0.591593 0.084383
v 0.008910 -0.262500 -0.044702
v -0.000325 0.571921 0.043798
v 0.009551 0.587895 0.069646
v 0.008351 0.584980 0.047592
v 0.013882 -0.244887 -0.093852
v -0.075068 -0.276003 0.068285
v -0.086030 -0.288534 0.063285
v -0.078180 -0.293231 0.082504
v -0.133456 0.565639 0.055115
v -0.139202 0.556788 0.061860
v -0.122524 0.572858 0.061961
v 0.091336 -0.789360 -0.024066
v 0.115513 -0.802653 -0.020659
v 0.098210 -0.809610 -0.041306
v 0.002984 0.051123 -0.013417
v 0.005163 0.033799 -0.010370
v -0.001162 0.034995 -0.019798
v -0.001226 0.052322 -0.020127
v 0.080824 0.805614 -0.058204
v 0.091809 0.817809 -0.054678
v -0.052081 -0.231958 0.068871
v -0.054415 -0.245463 0.072303
v -0.048227 -0.241051 0.080226
v -0.119421 -0.539162 0.043172
v -0.056941 -0.496876 0.043060
v 0.074184 0.245345 -0.000794
v 0.060442 0.236199 -0.000885
v -0.020294 0.507802 -0.088004
v -0.016460 0.509281 -0.085937
v -0.020070 0.494189 -0.083883
v 0.053811 -0.732205 -0.061925
v -0.011744 0.466298 -0.035086
v 0.000330 -0.276113 0.047338
v 0.000058 -0.278065 0.054852
v 0.008189 -0.271114 0.053464
v 0.191879 -0.882112 -0.031211
v 0.187461 -0.853134 -0.024960
v 0.190565 -0.855126 -0.009942
v 0.199656 -0.895884 -0.010282
v 0.183801 -0.852902 -0.034612
v 0.189016 -0.849175 -0.036848
v 0.186502 -0.859514 -0.031334
v 0.183569 -0.854367 -0.029464
v -0.161126 -0.370280 -0.061474
v 0.002974 -0.072352 -0.014413
v -0.063367 0.221189 -0.047234
v -0.031665 0.653544 -0.076820
v -0.098997 -0.156547 0.067348
v -0.102023 -0.158334 0.034372
v -0.041417 -0.365049 -0.085615
v -0.042290 -0.377002 -0.085601
v 0.204837 -0.841073 0.036866
v -0.086080 0.320255 -0.044064
v -0.080663 0.310331 -0.046400
v -0.077937 0.307695 -0.049937
v 0.080865 -0.255421 0.010996
v 0.083380 -0.261990 0.024640
v 0.085468 -0.264408 0.019875
v 0.097708 -0.263984 0.003594
v -0.041871 -0.234038 0.057690
v -0.041316 -0.235045 0.066901
v -0.010368 0.526455 -0.088286
v -0.015905 0.522916 -0.087679
v -0.058776 -0.186325 0.069381
v -0.053122 -0.192475 0.067706
v -0.069093 -0.178473 0.069730
v 0.033367 -0.587659 -0.016036
v 0.043298 -0.614002 -0.024114
v 0.033383 -0.604326 -0.056306
v 0.023188 -0.714997 0.061438
v 0.094900 -0.823129 0.057746
v -0.210487 -0.394389 0.049917
v -0.207635 -0.385788 0.043101
v 0.036437 -0.667973 -0.042508
v 0.040104 -0.678480 -0.052044
v 0.037480 -0.685323 -0.042144
v 0.193538 0.847349 0.004361
v 0.205491 0.848024 0.022795
v 0.000750 0.076225 -0.019926
v 0.008390 0.066419 -0.008874
v 0.000213 0.065820 -0.019647
v -0.228347 -0.468436 -0.002481
v 0.074576 0.810334 0.063525
v -0.033551 -0.010876 -0.028464
v -0.030826 0.001575 -0.030084
v -0.038936 -0.228442 0.063380
v -0.002456 -0.114235 0.032727
v 0.093954 0.766049 0.003249
v 0.094702 0.794358 0.029257
v -0.120278 -0.137401 0.004757
v -0.116812 -0.145662 -0.017237
v -0.122182 -0.142392 0.003608
v -0.028129 -0.112818 0.044021
v -0.026003 -0.129267 0.045797
v -0.012741 -0.129667 0.042301
v -0.017500 -0.111712 0.040816
v 0.015782 0.592304 -0.047308
v 0.015027 0.594190 -0.043799
v 0.204973 -0.947492 -0.029943
v 0.213129 -0.947590 -0.025354
v 0.217762 -0.953450 -0.031517
v 0.038508 -0.731216 0.029736
v 0.043085 -0.740654 0.032782
v -0.197562 -0.461715 0.072940
v -0.186928 -0.459725 0.083624
v 0.180990 -0.831792 -0.014091
v 0.188976 -0.831132 -0.000185
v 0.198836 -0.835813 -0.012656
v -0.028715 0.548498 0.043613
v -0.012731 0.572779 0.043536
v -0.113864 -0.133499 0.006939
v -0.110276 -0.134463 0.017837
v -0.131626 -0.343399 -0.044215
v 0.218288 0.974786 0.029736
v 0.230120 0.985946 -0.001442
v 0.046956 0.786718 0.063616
v -0.008520 -0.289740 0.075756
v 0.095488 -0.261678 -0.000987
v 0.095039 -0.266226 -0.003333
v 0.037626 -0.787702 0.035691
v -0.049759 0.238567 0.043715
v 0.005474 0.158675 0.040588
v 0.005770 0.149443 0.042645
v 0.014928 0.150428 0.029346
v -0.012182 0.152165 0.056879
v -0.006547 0.151117 0.053256
v 0.199961 0.912492 -0.031223
v -0.117314 0.299879 -0.024590
v -0.115886 0.287162 -0.001054
v 0.054269 -0.749931 0.052814
v 0.055680 0.649684 0.013356
v -0.085890 -0.305622 0.043966
v -0.105984 0.308557 0.053653
v -0.106865 0.295660 0.030633
v -0.098213 0.294399 0.043579
v -0.126528 -0.576868 -0.059978
v 0.208246 -0.908662 0.001493
v 0.198282 -0.895694 0.027890
v -0.089074 0.333860 -0.083048
v -0.079794 0.318583 -0.075311
v 0.004308 0.001803 0.007181
v 0.005324 0.001310 0.000499
v -0.235563 -0.429364 0.033099
v 0.061159 0.769920 0.069667
v -0.094228 -0.125990 0.008729
v -0.089611 -0.125386 0.009100
v 0.161012 0.873688 0.024750
v 0.146489 0.863442 0.023512
v 0.164269 0.859502 0.021755
v -0.195517 0.389556 0.064110
v -0.201444 0.390250 0.085637
v -0.180390 0.385685 0.058943
v -0.088981 0.178063 -0.022458
v -0.080993 0.179466 -0.037904
v 0.004694 -0.250706 -0.045484
v 0.046449 -0.284794 -0.000833
v 0.037291 -0.287775 -0.014043
v 0.045532 -0.278262 -0.020750
v -0.003565 0.086317 -0.026266
v 0.006368 -0.069560 -0.003722
v 0.078112 0.267083 -0.022970
v 0.083596 0.268770 0.002741
v 0.085793 0.266182 -0.017097
v -0.062439 -0.010911 -0.011723
v -0.064351 0.000708 -0.011900
v -0.055224 0.001181 -0.020664
v -0.050461 -0.011923 -0.021310
v 0.024503 0.565808 -0.029877
v 0.033836 0.565298 0.002010
v 0.020257 0.548793 -0.009896
v 0.001864 0.267591 0.043866
v 0.005595 0.265308 0.045534
v 0.003313 0.271625 0.044404
v -0.076075 -0.133248 0.044741
v -0.002422 -0.500159 -0.021677
v 0.001844 -0.522905 -0.029123
v -0.066654 0.000074 -0.000723
v -0.065382 -0.011574 -0.000277
v -0.063364 -0.012125 0.009702
v 0.250141 -0.980239 0.011895
v -0.049114 0.242436 -0.077228
v -0.061623 -0.269281 0.082215
v 0.012606 0.110985 -0.016258
v -0.023561 -0.307282 0.044409
v -0.019306 -0.473388 0.058671
v -0.016473 -0.491543 0.066739
v -0.046897 -0.253315 0.076652
v 0.014678 -0.227926 0.054686
v 0.001824 -0.217875 0.055816
v 0.038692 -0.735652 -0.070697
v 0.039474 -0.740614 -0.062522
v 0.048475 -0.753254 -0.067004
v 0.187181 0.932066 -0.028541
v 0.199500 0.940478 -0.027677
v -0.043126 -0.407622 -0.075700
v -0.041964 -0.436065 -0.082174
v -0.013902 -0.070872 -0.028732
v -0.024111 -0.151836 -0.064240
v -0.103818 0.152331 -0.053160
v -0.092840 0.166290 -0.042233
v 0.031916 0.785324 0.015456
v 0.016368 0.754800 0.029959
v 0.038450 -0.683055 0.057199
v -0.217689 -0.492277 -0.001391
v 0.001927 -0.716210 0.060946
v 0.012407 -0.746345 0.022593
v 0.016442 -0.739821 0.062562
v 0.003064 -0.278587 0.078053
v -0.000621 -0.286306 0.088119
v 0.012628 -0.274381 0.085223
v -0.036808 0.661440 -0.064668
v -0.075953 -0.197242 -0.016656
v -0.073552 -0.216131 -0.013357
v 0.071039 -0.736210 -0.000106
v 0.082641 -0.756728 0.001440
v 0.074858 -0.754166 -0.011536
v -0.226166 -0.363329 -0.053360
v -0.184520 0.507614 0.060756
v -0.205174 0.487895 0.038718
v -0.195565 0.485635 0.064455
v -0.111778 -0.153625 0.019315
v -0.102909 -0.166024 -0.002622
v 0.023253 0.735799 0.070188
v 0.024087 0.754671 0.063488
v -0.053703 -0.105782 -0.032108
v 0.022629 -0.633476 0.042835
v 0.027139 -0.621951 0.043029
v 0.070960 -0.261829 0.046252
v 0.068064 -0.264126 0.046803
v 0.076123 -0.265621 0.029450
v -0.039292 0.444691 0.074188
v -0.038500 0.438630 0.083173
v 0.009032 -0.182006 0.040300
v 0.013723 -0.179163 0.039446
v 0.004314 0.276434 0.090435
v -0.021129 0.309309 -0.089563
v -0.015882 0.306372 -0.091269
v -0.012866 0.297423 -0.090310
v 0.002434 -0.277211 0.066999
v -0.023177 -0.072770 -0.031216
v -0.042720 0.197289 -0.080751
v -0.093289 -0.584390 -0.079979
v 0.049722 0.666306 0.070311
v 0.052736 0.684886 0.068505
v -0.184100 -0.463294 0.077869
v -0.109162 0.343360 0.043576
v -0.102011 0.332044 0.043409
v -0.087069 0.328490 0.044071
v -0.057051 -0.142004 0.052135
v -0.052452 -0.150074 0.062868
v 0.116295 0.865254 0.026871
v 0.178272 0.928256 0.042848
v 0.173531 0.922266 0.030680
v -0.082292 0.264122 0.042929
v -0.070064 0.243648 0.047150
v -0.068276 0.253808 0.060129
v 0.215599 -0.923050 0.000507
v 0.216318 -0.925645 0.009914
v 0.221367 -0.932160 0.000486
v 0.216368 0.841350 0.001497
v 0.213051 0.841920 0.021700
v 0.214055 0.839096 0.011129
v -0.113454 -0.146056 0.030956
v -0.108780 -0.150222 0.042993
v -0.083523 -0.286300 -0.065380
v -0.102563 -0.307004 -0.062785
v -0.031269 0.179559 0.065888
v 0.020749 -0.226975 -0.052642
v 0.054331 0.758044 0.052565
v 0.053290 0.750577 0.051198
v 0.056745 0.752160 0.056141
v 0.057931 0.762144 0.053795
v 0.175656 0.846905 -0.044269
v 0.176576 0.843387 -0.044151
v -0.092490 0.204664 0.003142
v -0.002585 0.181929 -0.049071
v -0.004495 0.195279 -0.057325
v 0.004538 0.194108 -0.045293
v 0.047320 -0.754136 0.061721
v 0.052349 -0.760079 0.064756
v -0.073258 -0.241894 0.036812
v -0.068381 -0.223867 0.033574
v 0.020465 -0.702210 0.039240
v 0.016824 -0.702736 0.046970
v 0.023656 -0.712813 0.042397
v -0.112797 -0.319236 -0.067712
v -0.100194 -0.312306 -0.073988
v 0.059771 0.271044 -0.015957
v 0.071982 0.270153 0.000506
v 0.069064 0.268708 -0.021679
v -0.002484 -0.678451 -0.046426
v 0.007390 -0.689766 -0.049080
v -0.055239 -0.077001 0.027821
v 0.036193 0.729953 -0.073081
v -0.124990 0.373565 -0.043622
v -0.089133 0.382520 -0.043302
v -0.025791 0.641768 -0.086215
v -0.198556 0.422198 0.065356
v 0.029899 0.269111 -0.078346
v 0.038310 0.269945 -0.051416
v 0.053445 0.265999 -0.075818
v 0.035619 -0.645619 0.070538
v 0.034271 -0.646878 0.056810
v 0.036964 -0.670074 0.058016
v -0.153159 -0.515036 -0.076454
v 0.182273 0.961317 -0.001134
v 0.209998 0.975789 -0.003200
v -0.099407 0.564948 -0.085417
v -0.099031 0.564095 -0.083539
v -0.162173 0.374284 -0.043556
v -0.155441 0.383975 -0.043615
v -0.153742 0.370771 -0.043605
v -0.235623 0.445259 -0.028321
v 0.022519 0.201822 -0.025162
v 0.026809 0.616044 0.042753
v 0.194181 0.850541 0.041860
v 0.190668 0.847319 0.043424
v 0.203946 0.846050 0.042646
v 0.207976 0.849940 0.040426
v -0.071029 0.060332 0.000828
v -0.065097 0.057648 0.014093
v -0.052717 -0.271269 -0.044325
v 0.005757 -0.279228 -0.043662
v 0.038806 -0.650175 0.074188
v 0.040783 -0.679483 0.068094
v 0.043446 -0.678347 0.070245
v 0.265159 0.991938 -0.000428
v 0.260899 0.988575 0.009815
v -0.131867 0.366709 -0.076911
v -0.060586 0.183197 0.068741
v -0.063637 0.175025 0.066510
v -0.038545 0.183880 0.069298
v 0.004560 -0.009636 -0.003433
v 0.004831 -0.028418 0.003914
v 0.004005 -0.027710 -0.006886
v -0.202096 -0.435133 0.080869
v -0.219127 -0.441160 0.060796
v -0.127739 -0.550375 -0.079300
v -0.038267 -0.498381 0.043143
v -0.026242 -0.499916 0.043205
v -0.029719 -0.487361 0.045215
v 0.060357 -0.804838 0.062279
v 0.049132 -0.799842 0.048336
v 0.061374 -0.811187 0.054100
v 0.054555 0.814946 -0.034473
v 0.074743 0.831258 -0.050767
v -0.047503 -0.001469 0.026350
v -0.039927 -0.012475 0.029523
v -0.040250 0.000937 0.029345
v -0.015834 -0.531029 -0.043072
v -0.012889 -0.531920 -0.047147
v -0.012294 -0.534030 -0.043100
v -0.203126 0.387986 -0.086337
v -0.201980 0.391964 -0.083946
v -0.021329 -0.652799 -0.063123
v 0.020625 0.302139 -0.030185
v 0.037859 0.299355 -0.002495
v -0.030690 -0.488661 0.059334
v -0.026527 -0.502050 0.057844
v -0.026472 -0.501869 0.077753
v -0.039158 0.428126 -0.063006
v 0.052239 0.706915 -0.067020
v -0.041652 0.001787 -0.027835
v -0.075781 0.278380 -0.066113
v 0.005989 -0.111818 -0.023289
v 0.010122 -0.108581 -0.007694
v -0.081476 0.144062 -0.050641
v -0.082691 0.148275 -0.059268
v -0.068304 0.145314 -0.056001
v 0.144444 0.885038 0.034046
v 0.152638 0.883044 0.033566
v 0.149703 0.884349 0.039484
v 0.144276 0.885704 0.040336
v -0.018114 0.221015 -0.088102
v 0.043052 -0.619853 -0.036814
v 0.043839 -0.629654 -0.043394
v 0.040933 -0.625188 -0.074474
v -0.014472 -0.180761 0.066157
v -0.025998 -0.346851 -0.069724
v -0.032582 -0.351838 -0.080763
v 0.009993 -0.108014 0.008052
v -0.072889 -0.177309 -0.070078
v 0.164276 0.848455 0.021148
v 0.183671 0.855803 0.021032
v -0.075385 -0.179216 0.073475
v -0.077386 -0.165364 0.068315
v -0.182877 0.502329 -0.069021
v -0.162666 0.528664 -0.069301
v -0.151560 -0.518836 0.080520
v 0.004746 -0.689781 0.049903
v 0.003273 -0.680219 0.072954
v 0.012831 -0.694576 0.075848
v 0.013337 -0.698953 0.061163
v 0.148208 0.903626 -0.045596
v 0.047366 0.280279 0.010363
v -0.106846 0.291806 -0.022556
v -0.109151 0.274809 0.000038
v -0.067604 -0.075382 0.014619
v -0.061852 -0.074291 0.021875
v -0.249147 0.398874 0.037783
v -0.013833 -0.532754 -0.062986
v -0.019352 -0.517305 -0.046500
v -0.102056 0.261821 0.002114
v -0.103371 0.264665 -0.002057
v 0.047413 -0.717928 0.061134
v -0.000660 0.328592 0.035394
v 0.008775 0.315894 0.030607
v 0.121360 -0.845493 -0.026190
v 0.133733 -0.845105 -0.025751
v -0.044077 0.460433 0.043121
v -0.003425 0.520564 -0.056732
v -0.010333 0.494614 -0.045329
v -0.037182 0.374983 -0.047020
v 0.031469 0.646816 -0.043316
v 0.012851 -0.690776 -0.080741
v 0.015302 -0.697906 -0.062264
v 0.034275 0.275023 -0.047176
v 0.025546 0.245786 0.079923
v -0.031106 -0.323727 0.085794
v -0.018225 -0.304332 0.083684
v -0.030194 -0.317283 0.075342
v -0.038436 -0.330949 0.076741
v -0.170788 0.480357 0.044249
v -0.163371 0.462714 0.043900
v -0.163217 0.499512 0.044610
v -0.167029 0.495391 0.044369
v 0.165540 -0.839517 -0.043236
v -0.204012 0.379486 -0.081298
v 0.249884 -0.994158 -0.015635
v -0.039777 0.071051 0.032754
v -0.028540 0.069882 0.035208
v -0.032857 0.078198 0.035380
v -0.223827 -0.386140 0.081244
v -0.218155 -0.381346 0.077857
v 0.005386 0.181453 0.034715
v -0.067235 -0.086925 0.022869
v -0.060054 -0.097994 0.027103
v -0.054093 -0.086649 0.031576
v 0.178226 -0.849439 -0.035707
v 0.207382 0.958445 -0.034557
v 0.220946 0.967687 -0.032914
v -0.002833 -0.292754 -0.044084
v 0.002084 -0.282068 -0.067071
v 0.196212 -0.948206 -0.039235
v -0.199335 0.351891 0.041773
v -0.215343 0.342199 0.023667
v 0.169050 0.848782 0.034300
v 0.173022 0.848841 0.041614
v 0.185275 0.850561 0.035113
v 0.073452 0.768926 -0.042723
v 0.207559 -0.935066 0.022813
v 0.216079 -0.942941 0.028455
v 0.008828 -0.176283 0.046965
v -0.188651 -0.324849 0.002705
v 0.020390 -0.595230 0.081233
v 0.011405 -0.582933 0.076665
v 0.019205 -0.598852 0.076117
v -0.031955 -0.321285 0.062248
v -0.061448 -0.166973 -0.068387
v -0.038589 -0.169906 -0.069679
v 0.002877 0.057892 -0.019051
v 0.193168 -0.912307 -0.027014
v -0.003656 0.131583 0.035677
v 0.003346 0.131514 0.031176
v 0.187386 0.851816 -0.015308
v 0.194777 0.851338 -0.002962
v -0.039176 -0.445149 -0.042967
v 0.207268 -0.919896 -0.022360
v -0.094879 -0.324208 0.088937
v -0.114208 -0.340600 0.087590
v -0.093371 -0.334635 0.091848
v -0.078957 -0.129329 -0.032877
v -0.135707 0.527936 -0.078151
v -0.142273 0.526799 -0.058849
v 0.041232 0.655343 -0.075323
v 0.162356 0.820841 -0.002137
v 0.040151 -0.781412 -0.055880
v 0.041741 -0.772453 -0.066717
v 0.050676 -0.791913 -0.063389
v -0.035059 0.331224 0.078853
v -0.046060 0.251426 -0.076114
v -0.048067 0.246971 -0.064717
v -0.032016 -0.129246 0.045865
v -0.211617 0.466622 0.054347
v 0.117156 -0.864283 -0.026720
v 0.118238 -0.853785 -0.025583
v 0.125189 -0.863417 -0.025241
v 0.090188 -0.768686 -0.001680
v 0.098683 -0.779435 0.002425
v -0.187568 0.495649 -0.068464
v -0.033612 0.636372 -0.056812
v -0.034820 0.636388 -0.045703
v -0.192178 0.437083 0.053266
v -0.034782 0.214975 0.055176
v 0.011985 -0.579314 0.081148
v 0.132723 -0.873546 -0.025161
v 0.096847 0.837624 0.038896
v 0.101692 0.832900 0.045963
v -0.132780 -0.529212 -0.044040
v -0.117961 -0.496432 -0.043421
v -0.154532 0.507347 -0.045195
v -0.138706 0.528736 -0.045347
v 0.201637 -0.845380 0.040444
v 0.192391 -0.849866 0.028103
v -0.016990 0.025399 0.028931
v -0.016732 0.035800 0.028743
v 0.039890 0.207426 -0.000521
v 0.034651 0.684430 0.043289
v -0.171512 -0.491594 0.047460
v -0.170731 -0.491901 0.043390
v 0.104299 -0.849207 -0.029411
v 0.104485 -0.843274 -0.027859
v 0.109575 -0.854280 -0.027034
v 0.104736 -0.840052 -0.028482
v -0.062273 0.239923 0.058899
v -0.056907 0.243922 0.067280
v 0.027272 0.268698 0.076135
v 0.021236 0.282888 0.062384
v -0.246741 0.416856 0.026643
v -0.036284 0.459156 0.043181
v 0.032297 -0.726683 0.047232
v 0.050210 0.746880 0.044718
v 0.042509 0.734704 0.044053
v 0.045748 0.734113 0.043933
v -0.041766 0.228523 -0.051143
v -0.042206 0.232888 -0.060114
v -0.086377 -0.110778 -0.000640
v -0.083219 -0.110300 -0.010853
v -0.087487 -0.120133 -0.001549
v -0.016616 -0.173782 0.065315
v -0.008461 -0.179712 0.061116
v 0.001560 -0.176277 0.053775
v 0.025160 0.701524 0.038988
v 0.065272 -0.719316 -0.001849
v -0.112640 0.345889 0.089496
v -0.097765 0.329559 0.089563
v -0.102276 0.344359 0.091503
v 0.141681 -0.845596 -0.034449
v 0.167884 -0.847817 -0.034743
v 0.191733 0.902383 -0.037200
v -0.113032 0.339644 -0.083221
v -0.190376 0.356619 -0.054885
v -0.170107 0.354287 -0.060736
v 0.024499 -0.715299 -0.050278
v 0.031709 -0.728686 -0.059922
v 0.023488 -0.712637 -0.061245
v -0.033225 0.186706 -0.075561
v -0.063453 -0.085890 -0.023246
v -0.011468 0.146713 0.050126
v -0.014025 -0.621687 0.043309
v 0.013741 -0.638478 0.043045
v 0.236482 0.981862 0.032280
v -0.000662 -0.719779 0.034467
v 0.091321 0.831086 -0.047939
v 0.090280 0.826213 -0.038791
v -0.078654 0.586561 0.044890
v 0.050836 -0.672409 -0.032973
v 0.084017 0.759759 0.013378
v -0.151767 0.376048 0.085661
v -0.153960 0.375171 0.068151
v -0.017847 -0.379505 -0.034251
v -0.015924 -0.402583 -0.024146
v -0.021729 -0.403977 -0.042593
v 0.146600 0.845612 -0.026411
v 0.144759 0.851980 -0.024872
v 0.157214 0.851877 -0.024424
v 0.168385 0.847223 -0.025743
v -0.274725 0.335751 0.015039
v -0.282889 0.324548 -0.004324
v -0.261399 0.329549 0.001825
v 0.049930 0.237818 -0.027904
v 0.069429 0.258112 -0.045803
v -0.105832 0.284097 0.018225
v 0.029166 0.626692 -0.076643
v 0.030183 0.628776 -0.058721
v 0.034181 0.640724 -0.071150
v -0.230576 0.461903 -0.017798
v -0.143961 0.500779 0.043985
v -0.085280 -0.273636 -0.044215
v -0.099478 -0.283716 -0.027929
v -0.096422 0.570888 -0.045237
v -0.033451 0.011743 0.030530
v -0.033517 0.001769 0.030428
v -0.025656 0.006795 0.030140
v 0.047168 -0.650551 -0.054880
v 0.046910 -0.655692 -0.070227
v -0.039586 -0.164352 0.066399
v -0.036256 -0.178665 0.066054
v -0.024155 -0.180449 0.066320
v -0.029593 -0.212115 -0.061638
v 0.004552 -0.035030 -0.000142
v 0.077362 -0.785954 0.044941
v 0.079210 -0.799131 0.054368
v -0.027527 0.692115 -0.000868
v -0.139890 -0.352970 0.048616
v 0.046559 -0.739619 -0.044430
v 0.050774 -0.669783 0.066335
v -0.093875 -0.124451 0.001701
v -0.095793 -0.128037 -0.012816
v 0.112251 -0.863595 -0.045809
v -0.048365 -0.257939 -0.086537
v -0.073432 0.242537 -0.039175
v -0.090152 0.275315 -0.035864
v -0.111454 -0.567932 -0.044140
v -0.114471 -0.562585 -0.057786
v 0.037518 0.729889 0.073286
v 0.026484 -0.140654 0.002793
v 0.029418 -0.149657 -0.005416
v -0.224211 -0.401475 0.075110
v -0.229477 -0.423299 0.056738
v -0.209975 -0.425987 0.077795
v 0.034123 -0.297830 -0.000224
v 0.025697 -0.316248 0.003486
v 0.014227 -0.319955 -0.013122
v 0.152151 0.834791 0.039946
v -0.034135 0.337737 0.043114
v 0.104833 -0.892646 -0.017043
v 0.123333 -0.912659 -0.001609
v -0.133562 0.359293 0.043865
v 0.181140 -0.957762 -0.001476
v -0.207859 0.394542 -0.075553
v -0.204621 0.398896 -0.077670
v -0.208244 0.399131 -0.066814
v 0.003529 -0.570900 0.077146
v 0.194097 0.851402 0.036661
v 0.010008 -0.545379 0.037967
v 0.016278 -0.534472 0.012486
v 0.200327 -0.889713 0.000686
v 0.205175 -0.908332 -0.007955
v -0.068830 0.086231 -0.013920
v 0.173728 0.939186 0.038897
v 0.192437 0.936889 0.029461
v 0.196814 0.932659 0.030318
v 0.205288 0.946913 0.032002
v 0.154287 0.837434 0.042968
v -0.056473 0.610764 -0.057274
v -0.035785 0.627555 -0.083401
v -0.006986 0.035847 -0.024694
v -0.003224 -0.520256 -0.045278
v 0.004713 -0.533589 -0.031297
v 0.030997 -0.661053 -0.041803
v -0.015416 0.497479 -0.070923
v -0.026642 0.465131 -0.081389
v -0.075993 0.210998 0.029728
v 0.029644 0.246413 -0.082079
v 0.049103 -0.639434 0.015429
v 0.178170 -0.845160 0.047920
v 0.001742 0.466837 0.000657
v -0.179372 -0.478118 -0.082415
v -0.167098 -0.497972 -0.081894
v -0.160165 -0.382216 0.075447
v -0.142615 -0.376646 0.075380
v -0.142992 -0.379077 0.079941
v -0.011196 0.002525 -0.025824
v -0.000953 0.012257 -0.015477
v 0.000678 0.001064 -0.014808
v 0.038114 0.681886 -0.053843
v 0.036516 0.668766 -0.049744
v -0.033702 -0.226216 -0.086841
v -0.039654 -0.235131 -0.070089
v -0.041474 -0.245240 -0.087862
v -0.002036 -0.208927 0.052117
v 0.011923 -0.212593 0.040389
v 0.024903 0.714482 -0.060950
v -0.126891 0.540951 -0.062889
v -0.013374 -0.529806 -0.083178
v -0.010427 -0.524582 -0.084445
v 0.101883 0.838573 0.035653
v 0.014017 -0.599125 -0.042195
v 0.012505 -0.591580 -0.047527
v 0.003306 0.273589 0.049386
v 0.076430 -0.771880 -0.034314
v 0.007702 -0.274280 -0.084560
v 0.007213 -0.275548 -0.087931
v -0.007301 -0.291793 -0.086158
v -0.004017 0.731472 -0.001827
v -0.000910 -0.145681 -0.055026
v -0.120241 -0.315638 -0.047743
v -0.136778 -0.543796 0.043138
v -0.130348 -0.548910 0.042967
v -0.062324 -0.602615 -0.079027
v -0.195561 -0.378500 0.080467
v -0.210973 -0.368425 0.059532
v -0.207073 -0.381159 0.079624
v -0.091122 -0.260210 0.020605
v -0.100001 -0.283496 0.027340
v -0.091696 -0.283737 0.043389
v 0.249353 0.989820 -0.021542
v 0.221587 0.973501 -0.029048
v -0.071415 -0.164451 -0.071336
v -0.211432 -0.393722 -0.068380
v 0.125293 -0.836832 0.055605
v 0.136273 -0.838814 0.052408
v -0.028146 0.334586 -0.044821
v -0.082231 -0.298883 0.044041
v -0.077809 -0.296479 0.044087
v -0.078482 -0.295213 0.047653
v -0.017095 0.148289 0.062092
v -0.009230 -0.496541 -0.041207
v -0.002875 -0.515415 -0.034374
v 0.011567 0.228573 -0.065216
v -0.037409 0.453817 0.048850
v -0.200965 -0.432618 -0.076942
v -0.191128 -0.453342 -0.080582
v 0.142011 0.882916 0.027568
v 0.013313 0.120528 -0.013951
v 0.012919 0.114486 -0.016245
v -0.049437 0.183564 -0.076252
v -0.077787 -0.106241 -0.008453
v -0.076717 -0.109837 -0.020731
v 0.002909 -0.480974 0.003156
v -0.083135 0.321848 0.089915
v -0.083051 0.324894 0.084904
v 0.032003 0.256180 0.091559
v 0.048072 0.733134 0.045059
v 0.055812 0.738746 0.065285
v 0.117480 0.807412 -0.015302
v 0.018276 0.119797 0.002869
v 0.015423 0.110677 0.013314
v -0.065835 0.603418 0.088137
v -0.057640 0.044339 0.023379
v -0.061156 0.054395 0.020187
v -0.060460 0.027563 0.020456
v 0.168678 0.949284 0.018916
v -0.045744 -0.097544 0.034992
v -0.046126 -0.086880 0.035826
v 0.081905 0.267038 0.023484
v 0.080297 0.264952 0.044084
v 0.088503 0.265304 0.024465
v -0.081062 0.557571 0.043990
v 0.210560 0.896527 -0.002140
v -0.050717 0.236952 0.070900
v -0.042483 0.227003 0.078082
v -0.040682 0.244320 0.086009
v 0.061221 0.754935 0.066424
v -0.086201 -0.143274 0.051616
v 0.027924 -0.755766 -0.062677
v 0.020962 -0.756215 -0.044393
v -0.024519 -0.493969 0.085816
v -0.024074 -0.483090 0.081561
v 0.124548 0.894963 0.039373
v 0.134560 0.894100 0.043555
v 0.144326 0.906943 0.042694
v -0.045984 0.622422 -0.050448
v 0.144162 0.864700 -0.026185
v -0.252517 -0.373778 0.038211
v -0.243693 -0.383115 0.061656
v 0.050633 0.752105 0.071278
v 0.050078 0.755078 0.057961
v -0.013126 -0.666349 0.043466
v -0.003596 -0.678289 0.047770
v -0.076942 0.314238 0.084402
v 0.190297 -0.859576 0.020809
v -0.145438 -0.367631 0.064640
v -0.137652 0.368127 0.091029
v 0.048121 0.761487 0.071737
v 0.036599 0.773133 0.063593
v -0.088310 0.334552 0.089587
v 0.058303 0.757247 -0.062548
v 0.060065 0.748086 -0.058702
v -0.085882 0.199681 -0.015847
v -0.189192 -0.451760 0.043560
v -0.190814 -0.447750 0.049010
v 0.109890 0.836159 0.048443
v -0.107979 -0.333522 0.049687
v -0.024523 -0.022425 0.031228
v -0.026190 -0.034895 0.031549
v -0.016946 -0.032745 0.028172
v 0.032987 -0.596421 0.030966
v 0.026315 -0.552071 0.004661
v 0.035314 -0.575349 0.004470
v -0.095277 -0.549768 0.043102
v -0.039795 -0.577202 0.043183
v -0.199105 -0.487347 -0.059677
v 0.096560 0.266147 0.001647
v 0.099929 0.263950 -0.000510
v 0.017927 -0.141089 0.030662
v 0.011424 -0.142353 0.041868
v -0.163169 -0.529061 0.065565
v -0.244344 -0.354497 0.039138
v -0.009940 -0.289246 0.044061
v -0.004266 -0.282107 0.044094
v -0.271703 -0.327743 0.000220
v -0.267814 -0.332138 -0.011306
v -0.266824 -0.350941 0.000310
v 0.066281 -0.265039 -0.045709
v 0.072783 -0.262233 -0.032964
v 0.065926 0.790430 0.066274
v -0.108706 -0.560401 -0.081460
v -0.020389 -0.107609 -0.039600
v -0.051515 -0.106158 0.034453
v -0.053706 -0.110390 0.040341
v -0.039940 -0.105823 0.037746
v -0.102634 -0.322659 0.081035
v -0.129843 -0.344802 0.079352
v 0.036210 0.229320 0.026442
v -0.187445 -0.389247 0.077130
v 0.198567 -0.902674 -0.027869
v -0.040443 0.386366 -0.086009
v -0.039702 0.365148 -0.086118
v -0.124023 -0.344149 0.047322
v 0.185938 -0.839390 -0.038841
v 0.187858 -0.835570 -0.027237
v 0.202797 -0.840428 -0.038578
v 0.129213 0.841082 0.046040
v 0.054164 -0.269357 0.050464
v 0.048046 -0.276549 0.038204
v 0.021509 -0.266340 0.093068
v 0.036661 -0.263926 0.093906
v 0.116261 -0.869017 -0.036066
v -0.075205 -0.298558 -0.086736
v -0.034557 -0.407524 -0.082263
v -0.030952 -0.419884 -0.077401
v -0.033749 -0.437919 -0.084301
v -0.187821 -0.475274 -0.077996
v 0.100729 0.854325 0.050653
v -0.116830 0.562925 -0.077565
v -0.086101 0.312891 0.088286
v -0.080495 0.303078 0.085933
v -0.014332 0.396727 -0.037309
v -0.002605 0.160294 0.051566
v -0.039650 0.359328 0.043070
v 0.004444 -0.252925 0.091617
v 0.188951 -0.937662 0.027631
v 0.192823 -0.941278 0.039888
v 0.035795 -0.301845 0.007331
v 0.046675 -0.288770 0.004904
v -0.174357 -0.379125 -0.089182
v -0.149866 -0.364692 -0.088135
v -0.175555 0.382299 -0.089035
v 0.136447 0.886545 -0.034075
v 0.135661 0.887572 -0.027793
v 0.132396 0.882107 -0.026410
v -0.055960 0.251773 0.047966
v -0.095938 -0.151925 -0.063225
v -0.000279 -0.295723 0.086777
v -0.009270 0.057796 -0.026733
v 0.141349 0.840308 -0.047986
v 0.020584 0.551111 0.018846
v -0.201886 0.403764 -0.085493
v -0.194239 0.421044 -0.084937
v -0.193694 -0.339326 -0.021905
v 0.034289 0.653451 0.044862
v 0.031186 0.632222 0.047894
v 0.145415 -0.832316 -0.040924
v -0.097970 -0.256976 -0.001179
v -0.041986 -0.445646 0.077999
v -0.131383 0.537762 0.088645
v -0.123915 0.536740 0.091460
v -0.122344 0.547864 0.088222
v -0.042855 -0.247049 0.082837
v 0.000356 -0.678738 -0.043076
v 0.017570 -0.685290 -0.041089
v 0.010261 -0.687352 -0.042255
v 0.003716 -0.684726 -0.043229
v -0.016620 0.139885 0.050201
v -0.035265 -0.365909 -0.081854
v -0.194589 -0.384789 0.085367
v -0.197601 -0.391674 0.082220
v -0.174371 -0.378093 0.087066
v 0.023572 0.256883 -0.092107
v 0.019144 0.257092 -0.084125
v -0.134789 0.526652 0.083533
v -0.136367 0.523006 0.091445
v -0.147842 0.510862 0.085595
v 0.120005 -0.841714 0.046064
v 0.133898 -0.845022 0.045710
v -0.033721 -0.639225 0.081698
v -0.008699 -0.304800 -0.086228
v 0.084588 -0.775983 -0.020653
v -0.003202 -0.306585 -0.074490
v 0.147376 -0.844034 0.050144
v -0.196410 -0.393744 -0.083204
v -0.202461 -0.394763 -0.084375
v 0.246929 -0.970963 0.000673
v 0.002627 -0.016583 0.008554
v 0.023636 0.308283 0.014343
v -0.098443 0.148156 -0.063453
v -0.102880 0.147349 -0.062504
v 0.034786 0.302732 0.001899
v -0.020297 0.325302 -0.085401
v -0.011002 0.305706 -0.089962
v -0.068618 -0.110819 0.031146
v -0.065835 0.041231 0.012822
v -0.021315 -0.189926 -0.071139
v -0.210709 -0.399306 0.058699
v -0.208367 -0.405122 0.066913
v -0.205780 -0.415315 0.050272
v -0.172744 0.381767 0.045408
v -0.148585 -0.326449 -0.038050
v -0.122888 -0.310426 -0.034995
v -0.127322 -0.352464 0.087841
v -0.006257 0.032707 0.020797
v -0.003097 0.052487 0.022117
v 0.018154 -0.603121 0.054733
v 0.026299 -0.619802 0.047161
v 0.026291 -0.619384 0.056939
v -0.182166 0.460040 -0.044559
v -0.171517 0.445372 -0.043957
v 0.167451 -0.911936 -0.045413
v -0.040167 -0.347110 0.082606
v -0.034318 -0.342562 0.083851
v -0.031628 -0.330256 0.086335
v -0.039090 -0.333493 0.080062
v -0.179549 -0.386432 -0.087037
v -0.156909 0.377280 -0.074945
v -0.160316 0.375906 -0.055975
v -0.138256 0.367803 -0.063872
v 0.045762 -0.808854 0.021432
v 0.049461 -0.819976 0.002011
v -0.041059 -0.358290 -0.066150
v 0.033429 0.263742 0.089287
v -0.011871 -0.500058 -0.057179
v -0.007982 -0.516464 -0.064105
v -0.048295 -0.248438 -0.066720
v -0.053332 -0.244377 -0.044249
v 0.029993 0.270174 0.064962
v -0.109536 0.357051 0.089435
v 0.028221 -0.694353 -0.038760
v 0.030824 -0.680821 -0.040686
v 0.056221 -0.262605 0.071294
v 0.063940 -0.262302 0.058845
v 0.047257 0.743430 -0.067881
v 0.042853 0.741363 -0.062185
v 0.041146 0.736551 -0.067024
v -0.068531 0.183661 -0.058811
v -0.067113 0.192882 -0.051289
v 0.171522 -0.821870 0.002085
v -0.032707 0.098627 0.038412
v -0.019977 0.099258 0.037596
v -0.020536 0.108634 0.040391
v 0.019813 -0.576844 0.080438
v 0.064567 0.816892 -0.055502
v 0.145061 0.933811 -0.001345
v -0.115055 0.356162 0.091601
v -0.136512 -0.534889 0.085313
v -0.041196 0.397096 -0.042867
v -0.037029 0.372209 -0.043202
v -0.257106 0.402128 -0.016738
v -0.074809 -0.186765 -0.043802
v -0.056367 0.604366 0.090560
v -0.047455 0.615068 0.077532
v 0.019023 -0.699777 -0.042089
v 0.018264 -0.702166 -0.049811
v -0.149000 0.366651 0.088873
v -0.132698 0.358789 0.089004
v 0.214443 -0.928470 0.028590
v 0.213756 -0.935545 0.030682
v 0.219392 -0.936596 0.028595
v -0.020412 0.685992 -0.064376
v -0.152612 -0.503907 0.043395
v -0.035156 0.335317 -0.082966
v -0.037475 0.341502 -0.087289
v -0.030175 0.326404 -0.089958
v -0.029527 0.323749 -0.082510
v -0.083908 -0.175114 0.040220
v 0.029258 -0.178078 -0.003596
v 0.028901 -0.181693 0.001215
v 0.028657 -0.188597 -0.000572
v 0.197334 -0.966919 0.000661
v 0.018593 0.704697 -0.058283
v 0.016224 0.699408 -0.071927
v -0.150675 -0.354767 -0.044696
v -0.156033 -0.360107 -0.044863
v -0.152247 -0.357797 -0.048511
v 0.042599 0.270129 -0.042406
v 0.051945 0.270808 -0.028474
v -0.072428 -0.198262 -0.029868
v 0.198356 -0.883395 -0.000701
v 0.049750 -0.806595 -0.033763
v -0.122573 0.137095 0.003816
v -0.121601 0.130124 0.003817
v -0.115642 0.136808 0.008740
v 0.006147 -0.149162 -0.049320
v -0.008761 -0.293802 -0.078884
v 0.098891 -0.840676 -0.038837
v 0.101616 -0.837999 -0.036390
v -0.197200 0.523752 -0.002881
v -0.010200 -0.399750 0.008285
v -0.038189 -0.198596 -0.067223
v -0.035199 0.172765 -0.064223
v -0.021066 -0.239528 0.067714
v -0.076136 0.139834 -0.035069
v -0.061806 0.137128 -0.036376
v -0.022569 0.310612 -0.083873
v 0.176630 0.847536 -0.021062
v 0.183564 0.847950 -0.019120
v 0.185076 -0.930105 -0.025463
v 0.189438 -0.926935 -0.022571
v 0.194639 -0.940079 -0.024466
v 0.081281 -0.772327 0.026496
v 0.051732 -0.680196 0.068043
v -0.173553 -0.528278 -0.058989
v 0.068948 -0.242953 0.002530
v -0.124767 0.540106 0.069541
v -0.028814 0.091342 0.038803
v -0.069447 0.284559 0.047531
v -0.066152 0.276818 0.043826
v 0.026834 0.251625 -0.093976
v -0.235671 0.339264 0.017642
v 0.144646 0.890325 0.033726
v 0.148921 0.889606 0.039630
v 0.145302 0.893817 0.031798
v -0.041104 -0.572565 -0.043109
v 0.109421 -0.831856 0.059566
v 0.007959 -0.563997 -0.080728
v -0.027560 -0.010058 0.029601
v -0.202865 0.392192 -0.077347
v 0.026365 0.583775 0.061156
v -0.071951 -0.623981 -0.062070
v -0.064987 -0.604571 -0.084522
v -0.047038 -0.626182 -0.080819
v -0.065331 -0.170131 -0.070332
v 0.121645 0.843628 0.033500
v 0.138817 0.846606 0.034400
v -0.065750 0.074890 -0.014870
v 0.060273 0.697757 -0.021528
v -0.023302 -0.027649 -0.029443
v 0.087755 -0.823515 -0.060181
v 0.071971 -0.806970 -0.064088
v -0.118128 0.153677 0.001369
v -0.113060 0.161871 0.001970
v -0.126997 -0.356829 -0.091082
v -0.097673 -0.580786 -0.044145
v -0.102761 -0.575748 -0.044122
v -0.086058 -0.585392 -0.044123
v -0.051488 0.003127 0.025313
v -0.049907 -0.002717 0.024343
v -0.023716 0.642799 -0.083814
v -0.039958 0.624640 -0.086419
v 0.028356 0.621461 -0.082029
v 0.033113 0.623447 -0.081896
v 0.163410 -0.901796 0.043897
v -0.179841 -0.394744 -0.044246
v -0.015967 0.557324 -0.043887
v 0.174005 0.913845 0.029088
v 0.183267 0.921306 0.028760
v -0.011550 -0.332860 -0.044828
v -0.016305 -0.333014 -0.060294
v -0.160741 -0.506242 0.083906
v -0.162111 -0.510205 0.080819
v -0.149919 -0.520183 0.084969
v -0.070088 -0.110448 -0.027989
v -0.055870 -0.109279 -0.036082
v -0.001119 -0.474567 0.015779
v 0.002618 -0.479381 0.007948
v -0.033614 0.476100 0.047525
v -0.195881 -0.431474 0.063679
v -0.201668 -0.428245 0.082252
v -0.029279 -0.016726 0.032214
v -0.038739 -0.034395 0.030716
v 0.109225 -0.814705 0.032287
v -0.191466 -0.353735 -0.049100
v -0.167996 -0.340416 -0.042253
v -0.023689 -0.167771 -0.066451
v -0.017416 -0.170646 -0.064790
v -0.006021 0.238539 -0.046782
v -0.000437 0.244106 -0.044228
v -0.240666 0.385445 0.062476
v -0.000220 0.317723 0.047194
v 0.170723 0.917621 -0.030447
v 0.177498 0.923853 -0.036226
v 0.213159 -0.948430 0.023339
v 0.005683 0.327039 -0.027367
v -0.025491 -0.041077 0.031607
v -0.022837 0.076184 0.034618
v 0.132419 0.886950 0.043033
v -0.155696 -0.357010 0.043477
v -0.155795 -0.359657 0.043325
v 0.172771 -0.921862 0.025434
v 0.172381 -0.925631 0.034519
v 0.176014 -0.927772 0.025936
v -0.009930 -0.451953 0.020583
v -0.022807 0.676581 0.067887
v 0.151769 -0.932304 -0.031421
v 0.163906 -0.947955 -0.000810
v -0.026634 0.228575 -0.050721
v 0.081152 -0.258258 -0.014533
v -0.102175 -0.570078 0.085905
v -0.086666 -0.585864 0.074844
v 0.142953 0.897390 0.029603
v 0.148066 0.898432 0.029637
v -0.028734 -0.400449 -0.063236
v -0.075347 -0.297595 0.088508
v -0.084272 -0.312640 0.089509
v -0.077162 -0.313404 0.092033
v -0.048690 -0.196134 0.059852
v -0.005462 -0.545314 0.081849
v -0.001136 -0.550668 0.082264
v -0.009148 0.318862 -0.069969
v 0.006683 0.544391 -0.059274
v -0.189281 -0.382223 0.058026
v 0.117248 0.870244 0.033608
v -0.119541 -0.309487 0.044382
v -0.009584 -0.544087 -0.075421
v -0.010673 -0.540765 -0.054016
v -0.004439 -0.683403 -0.078218
v -0.207500 -0.396617 -0.048231
v -0.211401 -0.398984 -0.058551
v 0.191587 0.858968 0.016052
v 0.194592 0.851130 0.001972
v -0.082217 -0.592500 -0.046548
v 0.007372 0.252691 -0.047664
v 0.103190 -0.884595 0.030091
v 0.110760 -0.885531 0.037076
v 0.154307 -0.841950 0.050305
v -0.247951 -0.400776 -0.035287
v -0.182333 0.454517 0.073956
v 0.056548 0.686103 -0.034181
v -0.028659 -0.227782 -0.045050
v -0.013838 -0.224726 -0.045512
v -0.004637 -0.236881 -0.045050
v -0.192383 -0.447566 0.083620
v -0.188816 0.448571 -0.055129
v -0.189369 0.448717 -0.049437
v -0.197543 0.433471 -0.049714
v -0.197748 0.431876 -0.054375
v -0.209640 -0.431650 -0.076969
v 0.255940 0.998515 0.004201
v 0.265888 0.997007 0.004584
v 0.264178 0.999201 -0.001446
v 0.011232 0.556763 -0.067117
v -0.107928 0.562189 0.089020
v -0.101632 0.570091 0.087054
v -0.017808 0.005530 0.027640
v -0.009814 0.001442 0.022470
v -0.008602 0.209667 0.070452
v 0.045453 -0.254366 -0.072526
v -0.026739 0.343947 0.081910
v -0.030932 0.346921 0.085725
v -0.024452 0.322757 0.087207
v 0.075627 -0.756623 0.019602
v 0.028208 -0.755702 0.065822
v 0.191935 0.868203 0.020877
v 0.185999 0.867264 0.032300
v -0.049810 0.143762 -0.062091
v -0.035640 0.153035 -0.063561
v -0.055404 -0.005859 0.020229
v 0.004381 0.000458 -0.006605
v -0.120813 0.144417 -0.008051
v 0.053502 -0.756837 0.052821
v -0.002279 -0.526385 0.055117
v 0.003914 -0.532588 0.035392
v 0.092110 -0.831299 0.061232
v 0.099578 -0.836071 0.058861
v 0.196774 -0.848780 0.001482
v 0.070093 -0.823396 -0.055731
v 0.058000 -0.801181 -0.064188
v 0.064430 -0.807207 -0.064094
v -0.021975 0.518197 0.075993
v 0.027397 -0.215450 0.027873
v -0.124890 0.553575 0.080731
v -0.140258 0.534185 0.084686
v 0.101866 0.845496 -0.029674
v -0.028267 -0.079131 0.035690
v -0.021170 -0.085233 0.036512
v 0.041991 0.721493 -0.039677
v 0.038433 0.718334 -0.039894
v -0.008416 0.534282 0.084496
v -0.016495 0.512856 0.084430
v 0.206121 -0.842119 -0.035717
v 0.131187 0.875724 -0.046499
v 0.144621 0.893063 -0.048209
v 0.146610 0.892394 -0.047080
v 0.141382 0.886307 -0.043699
v -0.099275 0.287645 0.032276
v -0.202236 0.421829 -0.047981
v -0.198255 0.427310 -0.045193
v -0.204755 0.404651 -0.044898
v -0.150745 -0.524104 0.082382
v -0.183407 0.386819 0.048256
v -0.200135 0.394559 0.043655
v -0.101128 -0.567367 -0.086017
v -0.084637 -0.581647 -0.082473
v -0.067758 -0.597087 -0.087017
v 0.167103 -0.910188 0.041059
v 0.169409 -0.918801 0.040757
v -0.005128 0.137743 -0.042488
v -0.059548 -0.224370 0.055138
v -0.058422 -0.232891 0.060160
v -0.060786 0.144513 -0.057627
v -0.056089 0.152639 -0.060901
v 0.052768 -0.755950 -0.061791
v -0.216539 -0.361373 -0.052806
v 0.075111 -0.834814 -0.049532
v 0.075501 -0.823040 -0.060944
v 0.081851 -0.838424 -0.054952
v 0.130739 -0.913822 -0.029421
v -0.143800 -0.345429 0.068109
v -0.051305 0.137567 -0.043359
v -0.015120 0.526250 -0.081473
v -0.009836 0.540996 -0.057189
v 0.082874 -0.790748 -0.039267
v 0.165405 0.914794 -0.047207
v 0.156825 0.902494 -0.046407
v -0.054649 -0.200079 -0.080521
v -0.045702 -0.208205 -0.085869
v -0.051204 -0.214190 -0.075261
v -0.075828 0.591860 -0.048011
v -0.065713 0.601162 -0.048370
v -0.061892 0.601199 -0.045612
v -0.034288 -0.228795 0.088256
v -0.030187 -0.228928 0.088307
v -0.021164 -0.306132 0.078952
v -0.145457 0.378333 0.043762
v -0.150863 0.516171 -0.047512
v -0.141292 0.528372 -0.048149
v 0.049943 0.277093 -0.011551
v 0.162328 -0.905897 0.026654
v 0.151788 0.845813 0.043152
v 0.030740 -0.279384 -0.060509
v -0.070675 -0.283036 -0.058628
v -0.071840 -0.278309 -0.045213
v 0.186686 -0.878976 -0.031942
v 0.190632 -0.884531 -0.033705
v -0.112022 0.327584 0.070350
v -0.103954 0.315563 0.067662
v -0.100190 0.323939 0.081714
v 0.107863 -0.859376 0.050185
v 0.107161 -0.857837 0.035452
v 0.179031 -0.873973 -0.025132
v 0.178530 -0.850465 -0.023925
v 0.183898 -0.863933 -0.027694
v 0.224384 0.979800 -0.015486
v 0.020849 -0.141029 0.022354
v -0.015099 -0.555797 0.043543
v 0.001285 -0.564551 0.043337
v -0.003445 -0.552996 0.043287
v -0.011700 0.461584 0.037463
v 0.048988 0.819251 -0.000236
v 0.036880 0.788306 -0.031743
v 0.006172 -0.690514 0.043341
v 0.018940 -0.694585 0.039529
v -0.187140 0.342158 -0.033592
v 0.036179 -0.223374 0.023434
v -0.185233 -0.372074 0.043494
v 0.013923 0.605607 0.042478
v -0.030562 -0.493738 -0.069008
v 0.104858 0.805719 0.027727
v 0.026979 -0.698930 0.036455
v 0.033380 -0.695397 0.039008
v 0.034907 -0.685597 0.042590
v 0.029616 -0.684576 0.040996
v 0.031750 0.723853 -0.063179
v 0.176703 -0.925004 -0.043795
v -0.107573 -0.282557 -0.012755
v -0.111306 -0.276587 -0.000055
v -0.030030 -0.097266 0.037131
v -0.016099 -0.097551 0.033293
v -0.020729 -0.090068 0.036379
v 0.019651 -0.302251 -0.029412
v -0.035061 0.220073 0.072573
v -0.026302 -0.429546 -0.064318
v -0.116728 0.357727 -0.076111
v -0.100981 0.347886 -0.084027
v -0.109977 0.354620 -0.089037
v -0.064225 0.008385 -0.011790
v -0.055124 0.013120 -0.020663
v -0.043434 -0.229740 -0.085369
v -0.105042 0.298069 -0.037328
v -0.172850 -0.546066 0.023212
v 0.120244 0.837159 0.047664
v 0.122377 0.842310 0.043257
v -0.120592 0.143265 -0.007972
v -0.117260 0.145076 -0.019147
v -0.109552 0.141116 -0.008487
v -0.052335 0.019745 0.022875
v 0.035057 -0.261420 -0.097050
v 0.021516 -0.580045 -0.060141
v -0.019463 0.158672 -0.061191
v -0.030419 -0.085942 0.038403
v 0.112303 -0.864493 0.048800
v 0.129291 -0.886252 0.045376
v 0.068069 -0.242554 -0.001305
v -0.197406 -0.432866 0.043641
v -0.043776 -0.413218 0.058213
v -0.044334 -0.399350 0.075673
v 0.035946 -0.604583 0.043373
v 0.029714 -0.590438 0.033551
v -0.175027 -0.371796 0.082556
v -0.009708 0.380395 0.019200
v -0.004291 0.361065 0.021730
v 0.006747 0.363292 0.002693
v -0.005590 0.199439 0.062461
v -0.041098 -0.398701 -0.047447
v -0.041927 -0.409400 -0.042485
v -0.188894 0.439128 0.082996
v -0.165189 0.369668 0.084202
v -0.163004 0.354405 0.062454
v 0.031724 -0.637085 0.058203
v -0.006492 -0.230701 -0.055718
v 0.004372 -0.247312 -0.053444
v 0.025539 0.616371 0.084302
v 0.028485 0.623087 0.076590
v -0.001865 -0.041179 0.015455
v 0.002323 -0.050657 0.010362
v 0.002653 -0.042034 0.009757
v 0.205504 0.930979 0.034254
v -0.000762 -0.250989 -0.089642
v -0.040156 -0.220302 -0.057188
v -0.049376 -0.237806 -0.049876
v 0.013041 0.080996 0.001411
v 0.069168 0.257935 0.050716
v 0.075185 0.253584 0.022387
v -0.077541 -0.593715 0.085336
v -0.065526 -0.603263 0.080489
v -0.034890 0.402839 -0.081755
v -0.040199 -0.090271 0.036544
v 0.205764 -0.950460 0.037579
v 0.211619 -0.950572 0.036641
v 0.016301 0.270485 0.093076
v -0.184429 0.451186 0.084587
v 0.156059 0.902343 -0.043393
v -0.204022 -0.422772 -0.058026
v -0.198746 -0.433202 -0.050161
v -0.169393 0.378620 -0.053288
v -0.138744 -0.327597 0.052933
v -0.119177 -0.315436 0.055442
v -0.091382 -0.310666 -0.044142
v 0.173876 0.868814 0.023923
v -0.089137 -0.583493 0.084873
v -0.140701 0.541492 -0.075975
v -0.129973 0.536689 -0.084111
v -0.139019 0.525124 -0.084089
v -0.008501 0.354467 0.031573
v 0.178700 0.872149 0.027060
v 0.184764 0.864750 0.026745
v 0.082664 -0.846140 0.043351
v 0.084863 -0.853299 0.039678
v -0.046672 -0.188427 -0.064197
v -0.042193 -0.202293 -0.069247
v -0.018114 -0.346747 -0.048680
v -0.010758 -0.341056 -0.032327
v -0.016812 -0.369490 -0.035542
v -0.022598 -0.351907 -0.057837
v -0.023348 0.460849 -0.069299
v -0.059266 0.632558 0.066659
v -0.010737 -0.488315 -0.039655
v -0.087368 0.579582 0.044605
v -0.095097 0.293780 -0.048449
v -0.014637 -0.105025 -0.034623
v -0.000651 -0.104303 -0.023500
v -0.114155 -0.155915 -0.000320
v -0.046457 -0.098193 -0.032783
v -0.033044 -0.097647 -0.035974
v -0.074103 -0.287583 0.044436
v -0.008954 -0.247711 0.075790
v 0.102095 0.837313 -0.031334
v 0.109596 0.842641 -0.028406
v 0.188554 -0.853897 0.027525
v -0.030693 -0.373197 -0.070212
v -0.103636 -0.336996 0.043964
v 0.181417 -0.921883 -0.026409
v 0.178364 -0.925171 -0.036133
v 0.207718 0.845625 0.040245
v 0.009631 -0.624770 -0.042763
v 0.207111 -0.839979 -0.036419
v 0.011629 -0.081409 0.000354
v 0.019581 0.257515 0.082523
v -0.019128 -0.433295 -0.040495
v -0.012631 -0.437543 -0.019494
v -0.015739 -0.445382 -0.036282
v -0.004318 -0.026913 0.019414
v -0.072329 0.136249 0.029829
v -0.075899 0.143156 0.046076
v 0.014442 0.201445 -0.036438
v 0.142320 0.852230 0.023143
v 0.157924 0.848444 0.024513
v -0.192376 -0.436274 -0.044400
v -0.062154 0.135963 0.037729
v -0.253065 -0.398277 -0.022027
v -0.064342 0.028172 0.014205
v 0.017161 0.127540 0.008312
v 0.018407 0.137713 -0.000473
v 0.103709 0.841218 0.029080
v -0.182464 -0.387203 0.081511
v -0.168166 -0.380022 0.086094
v 0.031091 -0.722542 -0.073690
v -0.023793 0.311941 0.043364
v -0.231449 0.414391 0.060624
v -0.125114 -0.553554 0.051029
v -0.197415 -0.377800 0.042440
v 0.073204 -0.833111 0.044917
v 0.081006 -0.835799 0.051555
v 0.001531 -0.029505 -0.013294
v -0.004677 -0.043423 -0.019493
v -0.006637 -0.223224 0.074821
v -0.008919 -0.295793 0.087045
v -0.089846 0.331041 -0.089277
v -0.080724 0.319888 -0.088381
v 0.049566 -0.779626 -0.066823
v 0.063108 -0.777242 -0.067579
v -0.066678 -0.237749 0.046119
v -0.064765 -0.606487 -0.046595
v -0.196011 0.363964 0.061069
v -0.172344 0.340427 0.036381
v -0.168871 0.520008 0.069225
v -0.153227 0.545656 0.059100
v -0.178256 -0.548307 -0.001433
v 0.192044 -0.899198 0.032441
v 0.188815 -0.885627 0.035665
v -0.162922 -0.507792 0.043156
v -0.018738 0.232566 0.088550
v 0.112196 -0.861788 -0.027421
v 0.107516 -0.857263 -0.035382
v 0.188852 0.934721 -0.040089
v 0.199591 0.940951 -0.037651
v -0.185472 -0.455607 -0.044034
v -0.181653 -0.466352 -0.044286
v 0.146510 -0.860806 0.023654
v 0.162249 -0.869796 0.023948
v 0.013713 0.592721 0.043113
v 0.248052 -0.984969 -0.023402
v 0.248147 -0.989051 -0.023371
v 0.025785 -0.756979 0.063027
v -0.010269 -0.455028 -0.021845
v 0.065940 -0.779624 0.059527
v -0.029264 -0.225017 -0.085178
v -0.010071 0.549427 0.075962
v 0.198577 -0.958797 -0.032600
v -0.012078 -0.056950 -0.027286
v -0.002510 -0.061866 -0.020860
v 0.136904 0.825451 0.030026
v 0.013842 -0.726315 0.069878
v -0.033365 0.220983 0.080723
v 0.191666 0.961274 0.029585
v 0.047440 -0.647035 -0.035838
v 0.220876 0.948869 0.033353
v -0.004319 0.549971 -0.088952
v -0.249290 0.328087 -0.002776
v -0.056307 0.007450 0.020269
v -0.042099 0.011834 0.028672
v -0.099420 0.583962 -0.074296
v -0.072740 0.596858 -0.084544
v -0.095414 0.572339 -0.084696
v -0.012213 0.435558 0.027149
v -0.011033 0.418350 0.021868
v 0.104045 -0.848168 0.054314
v 0.115805 -0.898065 0.031468
v 0.019739 -0.273865 0.090536
v -0.014850 -0.244973 0.064693
v 0.044224 0.289357 0.001540
v -0.039786 -0.075483 0.033650
v -0.027600 -0.059985 0.035225
v 0.022456 0.267731 0.089249
v -0.089047 -0.175667 0.008362
v -0.087389 -0.172832 0.030462
v -0.152357 0.429972 -0.043287
v 0.029849 -0.164299 -0.005611
v 0.211001 -0.975214 -0.000821
v -0.048816 -0.256743 -0.078237
v -0.005128 -0.710092 -0.052934
v 0.173248 0.847186 -0.037257
v -0.126846 0.353185 0.043511
v -0.122824 0.351201 0.047707
v -0.120577 0.347741 0.043381
v 0.034482 0.600620 -0.070933
v 0.028338 0.583653 -0.060671
v 0.026342 0.584235 -0.071561
v -0.075303 -0.097957 -0.008471
v 0.055654 -0.684043 0.029275
v 0.060699 -0.712707 0.035255
v 0.167823 0.903939 0.028986
v 0.166216 0.895355 0.033289
v 0.176461 0.894065 0.032091
v 0.180575 0.898394 0.029426
v 0.023211 0.611497 -0.043562
v -0.014322 0.063534 -0.032351
v -0.067034 -0.243911 -0.051348
v -0.013876 0.231399 0.044604
v -0.203988 -0.414447 0.066797
v -0.203091 -0.417650 0.056699
v 0.007408 0.250499 0.055924
v 0.007750 0.251480 0.065509
v 0.012944 0.257620 0.064008
v -0.151018 0.519810 0.086609
v -0.152276 0.505513 0.089913
v 0.027059 -0.611687 0.082215
v -0.025344 0.115290 0.046636
v -0.074980 -0.244069 -0.034278
v 0.045842 -0.747146 -0.043904
v 0.050064 -0.748343 -0.044029
v 0.049989 -0.759623 -0.040467
v -0.012180 -0.415075 -0.012283
v -0.008978 -0.432940 -0.000309
v 0.165955 0.950962 -0.001520
v -0.000344 -0.287525 -0.043425
v -0.003519 -0.274474 -0.044364
v 0.012191 0.130808 0.018892
v 0.012742 0.116490 0.016401
v 0.001595 -0.365783 0.003350
v 0.013900 0.147911 0.028139
v -0.026387 0.036220 -0.032065
v -0.203414 0.390038 -0.043762
v -0.187138 0.383032 -0.043417
v -0.067047 0.174818 -0.070783
v -0.088732 0.580439 -0.048553
v 0.077439 0.264007 -0.041972
v 0.118318 -0.843395 0.033821
v 0.132038 -0.845897 0.035130
v 0.056878 0.277047 0.000681
v -0.078362 0.297498 0.043609
v -0.070931 0.293713 0.065657
v -0.023026 -0.310313 -0.083056
v -0.017705 0.378779 0.036575
v 0.224706 -0.983344 -0.003113
v 0.242892 -0.989465 0.013721
v -0.141691 -0.351717 -0.044588
v -0.141812 -0.350088 -0.047779
v -0.000849 -0.010210 -0.013896
v -0.027304 0.406313 0.061597
v -0.018772 0.401529 0.036454
v 0.012440 0.515798 0.008996
v -0.044025 -0.207538 0.074603
v -0.040309 -0.205870 0.066208
v -0.035657 -0.336068 -0.073392
v 0.011353 -0.583662 -0.081222
v 0.088313 -0.255845 0.002509
v -0.145507 -0.303413 -0.003243
v 0.167858 -0.923420 0.041971
v -0.131523 0.541050 0.047692
v -0.134441 0.531306 0.066847
v -0.088767 0.161098 -0.064627
v -0.087763 0.157131 -0.064185
v -0.021655 -0.230927 -0.087337
v -0.131110 -0.373396 0.084256
v -0.157673 -0.372759 0.088760
v -0.071714 -0.365718 -0.043631
v -0.003151 -0.375927 0.006848
v -0.010867 -0.378867 0.017753
v -0.012814 0.110418 0.038777
v -0.016365 -0.215290 0.071868
v -0.035076 -0.392923 0.074450
v -0.030698 -0.389597 0.065960
v 0.041024 -0.277742 -0.034193
v -0.017845 0.658167 -0.049152
v -0.011040 0.668372 -0.048955
v -0.122387 -0.288371 0.001469
v -0.117519 -0.282961 -0.000857
v -0.137244 -0.298075 -0.002506
v 0.142993 -0.914804 0.036839
v -0.095107 0.330311 -0.043618
v -0.199672 -0.483850 0.058604
v -0.180153 -0.496950 0.070678
v -0.217464 -0.401276 -0.080630
v -0.045224 0.129590 -0.040202
v -0.043122 0.115269 -0.039665
v 0.002428 0.588336 -0.044001
v 0.189908 -0.935433 0.022320
v -0.117173 0.550731 0.054549
v -0.043916 0.047692 -0.028234
v -0.101193 0.604833 -0.036141
v 0.256541 0.998185 -0.005668
v 0.068990 0.809854 -0.058373
v 0.081850 0.822403 -0.055058
v 0.027717 0.621586 -0.043415
v 0.065337 -0.253513 -0.030566
v -0.065306 0.028636 -0.012679
v -0.054141 0.049025 -0.022542
v -0.056726 0.030646 -0.020943
v -0.044749 0.233240 -0.047675
v 0.059076 0.718132 0.058005
v 0.060208 0.709016 0.037545
v -0.117711 -0.142726 0.020667
v 0.139360 -0.851775 0.024372
v -0.173361 -0.357440 0.064501
v -0.005464 0.142952 0.040652
v 0.069059 0.772825 0.060973
v 0.066899 0.759441 0.059399
v -0.261112 -0.341945 -0.023637
v -0.260258 -0.361035 -0.016615
v -0.033636 -0.083169 -0.035359
v -0.229738 0.409418 0.065623
v 0.089279 0.836396 -0.051652
v 0.025903 0.754886 -0.063891
v -0.064998 -0.190175 0.075340
v -0.066327 -0.193145 0.073944
v -0.127861 0.581838 0.026038
v 0.110387 -0.842737 0.027189
v 0.109217 -0.854173 0.026450
v 0.117401 -0.853328 0.024613
v 0.117666 -0.846281 0.026340
v -0.069300 -0.097969 0.018769
v -0.001144 -0.128957 -0.036304
v 0.009876 -0.122666 -0.020889
v 0.070805 -0.851050 -0.002688
v 0.082053 -0.859565 -0.024321
v 0.001872 0.469861 -0.002923
v 0.126873 -0.846747 0.026390
v -0.001073 -0.564144 -0.042656
v 0.000666 -0.591084 -0.042686
v -0.061727 0.097899 0.025886
v -0.084653 0.296427 -0.071664
v -0.162379 -0.348349 0.059567
v 0.189262 0.894135 0.033933
v -0.284416 0.324185 -0.008289
v -0.018065 -0.372830 0.035028
v -0.011634 -0.372077 0.021997
v -0.020818 -0.105751 0.036385
v -0.066792 -0.026594 -0.000700
v -0.065905 -0.023617 0.007022
v -0.013408 -0.208805 0.064108
v 0.026387 -0.150901 -0.015991
v 0.165127 -0.872192 -0.024592
v -0.051334 -0.183924 -0.062750
v -0.116300 -0.335772 0.043894
v 0.145693 0.902005 0.043344
v -0.116903 0.138739 -0.001136
v -0.110532 0.136638 0.003119
v 0.119495 -0.791326 0.002235
v 0.027289 -0.237774 -0.067734
v -0.095187 0.579355 0.084092
v 0.042186 -0.689151 -0.049223
v 0.043135 -0.692288 -0.052251
v 0.042731 -0.695113 -0.045681
v -0.135062 0.312995 0.026583
v -0.114266 0.307603 0.041872
v -0.187388 0.446862 -0.067021
v 0.055520 -0.692287 -0.026153
v 0.144549 0.894893 -0.034152
v 0.143750 0.895653 -0.028239
v 0.140829 0.890336 -0.027589
v -0.187845 -0.462590 -0.081995
v -0.048168 -0.275605 0.044085
v -0.039908 -0.306863 0.044125
v -0.148300 0.515144 0.069600
v -0.156219 0.504106 0.073337
v -0.156686 0.512771 0.054868
v 0.029515 0.700506 0.035737
v 0.033738 0.695367 0.040549
v 0.205599 0.915663 0.028880
v 0.050400 0.752797 -0.060114
v -0.146755 -0.314697 0.020066
v -0.163323 -0.313645 0.002391
v -0.100095 -0.334363 -0.085862
v -0.102691 -0.336566 -0.089649
v -0.024244 -0.493021 -0.086000
v -0.032651 0.452138 -0.084175
v -0.041244 -0.442093 0.043274
v -0.041360 -0.433588 0.048397
v -0.154700 0.517565 0.044222
v 0.072796 -0.795553 0.065579
v -0.208004 -0.415792 0.083319
v 0.134954 0.844673 0.043426
v -0.106289 -0.592314 0.061940
v -0.095898 -0.599848 0.063850
v -0.120843 -0.557195 0.042906
v -0.158405 0.504727 -0.049023
v -0.162812 0.495438 -0.047710
v -0.067022 0.016350 -0.000776
v 0.176144 -0.906005 0.024768
v 0.008311 -0.702814 0.077997
v -0.160054 -0.507849 -0.082560
v -0.090490 -0.310010 0.081122
v -0.091697 0.620343 -0.002891
v 0.000086 -0.675138 -0.083976
v 0.019919 0.130367 -0.000192
v 0.038893 0.740797 -0.071185
v 0.015496 -0.613450 -0.041992
v 0.157454 0.901748 0.028932
v -0.037486 0.422111 0.083784
v -0.099754 0.253696 -0.002156
v -0.089540 0.254040 -0.020246
v -0.092577 0.226641 -0.008551
v 0.049481 0.612079 0.017633
v -0.057855 -0.259493 0.048661
v -0.014055 -0.044407 -0.026045
v 0.024991 0.260449 0.095008
v 0.042985 -0.747285 -0.052756
v -0.072156 0.189171 -0.045290
v -0.076369 0.177761 -0.051453
v 0.110707 0.828087 -0.049962
v -0.162166 -0.349295 -0.064733
v -0.054545 0.442624 -0.043202
v -0.272083 -0.323345 -0.000659
v -0.248394 -0.327863 0.002627
v -0.261703 -0.326718 -0.002527
v 0.039735 0.732018 -0.070211
v 0.078228 0.785482 0.052268
v -0.014721 -0.239492 -0.086023
v 0.066546 0.751347 0.054276
v -0.088142 -0.588345 0.082667
v -0.027562 -0.315545 0.044505
v 0.215797 0.970831 0.033394
v 0.214343 0.963810 0.035919
v 0.230126 0.972191 0.034831
v -0.071951 0.097599 -0.009399
v -0.199765 -0.380126 0.046870
v -0.058450 -0.122151 0.038555
v 0.211362 0.931694 -0.027714
v -0.180191 0.378712 -0.088053
v -0.216312 0.405554 0.076765
v 0.083906 0.261173 0.030359
v 0.091780 0.261894 0.014107
v 0.089315 0.822386 0.060817
v 0.091824 0.829997 0.057841
v -0.054150 -0.028649 -0.020166
v -0.038244 -0.240764 0.088577
v -0.131113 0.360240 -0.089197
v -0.055562 -0.222581 -0.062833
v 0.041601 -0.802833 0.022230
v 0.039519 -0.806221 0.000661
v -0.162588 -0.478240 0.043553
v -0.143045 -0.450382 0.043403
v 0.053176 -0.746348 -0.058329
v 0.055798 -0.742102 -0.059455
v -0.022072 -0.465696 0.063267
v -0.075717 -0.315610 0.087773
v -0.081115 -0.324357 0.090608
v -0.137760 0.338633 0.053792
v -0.128284 0.342779 0.070124
v -0.035894 0.663034 0.063910
v -0.048774 0.613358 0.051367
v -0.049174 -0.227012 -0.044249
v 0.041199 0.709878 -0.044998
v -0.015719 -0.527570 -0.077563
v -0.214779 -0.399218 -0.070062
v 0.116995 -0.864747 0.026180
v 0.119363 -0.871615 0.027409
v 0.125044 -0.873953 0.026568
v 0.125365 -0.863036 0.024560
v -0.194045 0.331496 -0.014354
v 0.009337 -0.587732 -0.042842
v -0.122600 0.299867 0.018160
v -0.117235 0.553959 -0.083244
v -0.052790 0.656093 -0.001446
v -0.049781 0.653933 0.031200
v 0.168209 0.832173 -0.026623
v 0.190225 0.908730 -0.036850
v 0.209142 -0.942743 -0.025248
v 0.216228 -0.941057 -0.028117
v -0.033815 0.458061 -0.048024
v -0.041824 0.221421 0.053288
v -0.007114 0.128026 -0.035706
v -0.003439 0.564772 0.071303
v 0.004741 0.580999 0.084498
v 0.003846 0.112658 -0.028679
v -0.158953 0.513543 0.044523
v -0.163120 0.502083 0.050405
v 0.174137 0.863192 -0.026729
v -0.039609 0.308385 -0.043777
v 0.180461 -0.826183 -0.003096
v 0.088919 -0.814600 -0.056976
v 0.071344 0.823255 0.058170
v -0.005685 -0.284561 0.047549
v 0.037412 -0.276504 -0.050585
v 0.086666 0.811115 0.062572
v -0.055586 0.095279 -0.028601
v -0.050539 0.107412 -0.033428
v -0.157117 0.499089 0.085004
v -0.039040 -0.358647 -0.047093
v -0.079004 -0.269461 0.054528
v 0.000105 0.672454 0.042200
v -0.042820 -0.608175 0.043588
v 0.031077 0.720704 0.048718
v -0.097398 0.348045 0.089157
v -0.109203 0.349918 0.069092
v -0.144566 -0.303028 0.001884
v -0.000950 -0.598469 0.043372
v 0.106150 -0.784531 0.002002
v -0.004956 -0.667369 0.078293
v 0.006057 -0.684110 0.081817
v -0.208654 -0.485035 0.035894
v -0.069025 -0.303242 0.090415
v -0.064576 -0.295407 0.084248
v -0.016787 0.471878 -0.052662
v -0.167029 0.486580 0.073445
v -0.014063 0.090907 0.034948
v -0.022148 -0.510127 0.047757
v 0.067659 -0.752896 0.043547
v 0.104412 -0.849485 0.027378
v -0.101779 0.161832 0.033412
v 0.246397 -0.989550 0.019710
v -0.097094 0.342358 -0.089810
v 0.012819 -0.137527 0.023103
v 0.020856 -0.271238 0.088681
v -0.037058 0.183650 -0.074368
v 0.149022 0.898281 -0.027964
v 0.159531 0.900926 -0.027606
v -0.035661 -0.252318 -0.044558
v -0.106370 -0.295010 -0.034898
v 0.191052 0.849860 -0.041283
v 0.039774 0.272007 0.042325
v 0.013524 0.260686 -0.050211
v 0.126009 -0.852397 0.024660
v -0.019772 0.513088 -0.071384
v -0.069682 0.067996 0.005443
v -0.004799 0.061790 0.025318
v -0.076585 -0.597172 0.057729
v -0.192921 -0.440670 0.043527
v 0.092680 0.826131 0.052803
v -0.014616 0.298384 0.048587
v 0.175049 0.870720 -0.030355
v 0.089300 -0.804535 -0.044845
v -0.267433 0.343532 0.029046
v 0.043309 0.603600 -0.023968
v -0.065497 0.601069 -0.057931
v 0.086245 0.799093 0.051722
v 0.077123 0.795384 0.065374
v 0.025067 -0.211853 -0.024750
v 0.032300 0.233446 -0.047069
v 0.000890 -0.704077 0.069967
v -0.028626 -0.407671 0.056423
v -0.202688 -0.431891 -0.081020
v -0.201545 -0.439175 -0.080593
v -0.038165 -0.208344 -0.073521
v -0.241110 -0.437233 0.001653
v -0.225054 -0.474584 0.002126
v -0.220980 -0.467354 0.026284
v 0.002277 -0.566228 -0.042888
v -0.186230 0.529578 -0.025173
v 0.060298 -0.263506 -0.058912
v -0.175552 0.524099 0.057933
v 0.211470 0.846263 0.023601
v -0.043279 -0.626538 0.043686
v -0.064549 -0.253288 0.063233
v -0.168686 0.326761 0.019351
v -0.020020 -0.314994 0.085397
v -0.216167 0.366756 0.060683
v 0.074537 -0.817785 -0.062986
v 0.084108 -0.829572 -0.060440
v -0.057522 -0.260705 0.043983
v -0.079711 0.132340 -0.011024
v -0.016605 0.629722 0.042963
v 0.011389 0.265217 0.056353
v 0.153207 0.893210 0.038925
v -0.033659 -0.112095 0.044643
v -0.004746 -0.230459 -0.051073
v -0.001094 -0.239249 -0.047502
v 0.057784 -0.664200 0.002533
v 0.053716 -0.665591 0.017356
v -0.213725 -0.401002 0.083648
v -0.019969 -0.687109 -0.055648
v 0.011153 -0.588078 0.043256
v -0.240261 0.455719 -0.002630
v -0.212371 0.381141 -0.080024
v -0.205475 0.389381 -0.086137
v -0.190577 0.443477 -0.044980
v -0.210925 -0.461707 0.057391
v 0.034035 -0.792985 -0.010766
v -0.040727 -0.623119 -0.087987
v -0.029602 0.222421 0.084809
v -0.004737 -0.551695 0.049525
v -0.008180 -0.545519 0.043281
v 0.199021 -0.934785 -0.022862
v 0.011588 0.586936 -0.057574
v -0.013222 -0.513541 -0.081002
v 0.086591 0.849457 -0.044502
v -0.038921 -0.404796 0.080345
v 0.011517 0.259208 0.049720
v 0.007134 -0.056674 0.001260
v -0.115007 0.316807 0.053266
v -0.127902 0.318342 0.040971
v -0.030639 -0.026990 -0.029520
v -0.075547 0.307568 -0.089629
v -0.041687 0.499796 -0.043433
v -0.024079 0.507318 -0.043382
v 0.132921 -0.882079 0.027267
v 0.137853 -0.875193 0.025307
v -0.042179 -0.021663 -0.025681
v -0.067824 -0.054761 -0.000191
v 0.005203 -0.052869 0.000187
v 0.044432 0.740615 -0.070228
v -0.125818 -0.373765 0.080633
v 0.008610 -0.582649 -0.047708
v 0.187671 -0.916171 -0.023887
v 0.154986 0.904065 -0.035614
v 0.156898 0.905408 -0.028963
v -0.016022 -0.220668 -0.053664
v -0.001295 0.181059 -0.047004
v 0.226755 -0.954195 0.035376
v -0.028287 -0.153423 0.064451
v 0.047110 -0.722345 -0.055966
v 0.001062 0.564852 -0.043779
v -0.052007 0.076463 -0.026085
v -0.047327 0.085037 -0.030670
v -0.033274 -0.341849 -0.086286
v 0.216858 -0.950239 0.030250
v 0.035004 0.649491 -0.043259
v 0.033117 0.639402 -0.047612
v 0.006419 0.586442 0.043003
v -0.209637 -0.416537 -0.080309
v -0.129953 0.297435 0.002725
v -0.118760 0.288684 0.003350
v -0.077570 -0.156216 0.065137
v -0.121221 0.409511 -0.043256
v -0.026689 -0.376393 -0.057782
v 0.099185 -0.818789 0.046815
v -0.030429 0.333453 -0.057146
v -0.026167 0.328134 -0.043906
v 0.003483 0.246382 0.048624
v -0.042481 0.044425 0.031773
v -0.078263 -0.592807 -0.083981
v 0.001874 0.043469 0.015679
v 0.176324 -0.851962 0.024887
v 0.201242 0.873327 -0.002622
v -0.204596 0.409695 0.057026
v -0.056625 -0.269807 0.067889
v -0.180815 -0.428980 0.043676
v 0.057560 -0.706816 0.059264
v 0.056839 -0.716949 0.063105
v -0.040009 -0.087319 0.038019
v -0.044513 -0.215702 -0.044513
v -0.042179 -0.210966 -0.046621
v 0.022280 -0.705020 -0.078388
v 0.033172 -0.213991 -0.014544
v 0.044245 -0.219133 -0.001739
v 0.050042 -0.229524 -0.004097
v -0.019367 0.231963 -0.049829
v -0.043492 -0.401871 0.081079
v -0.043180 -0.422162 0.079655
v -0.010262 -0.340985 0.037854
v -0.010162 -0.359821 0.026767
v -0.041283 -0.426820 0.082001
v 0.016896 -0.573589 0.082482
v 0.022955 0.224925 0.044771
v 0.216887 0.917079 0.010693
v 0.184245 0.849014 0.021419
v 0.189035 0.848822 0.020036
v 0.188372 0.852037 0.017469
v -0.107382 -0.283181 0.014246
v 0.061471 0.738473 0.064676
v -0.071968 0.289806 0.043724
v 0.003046 0.142007 0.030004
v 0.011548 0.136017 0.017592
v 0.009941 0.581229 -0.043661
v -0.120138 0.350632 -0.043593
v -0.126363 -0.358946 -0.090266
v 0.174200 0.877676 0.027817
v -0.071392 0.606855 -0.078334
v 0.173420 -0.831357 -0.023438
v -0.078351 -0.157907 -0.071246
v 0.202979 0.948947 0.038610
v -0.006285 0.239727 -0.068354
v -0.240551 -0.396595 -0.058004
v -0.035782 -0.630411 0.077381
v -0.015838 -0.654702 0.072097
v 0.035503 -0.615019 -0.076710
v -0.083282 0.222476 -0.019006
v -0.060603 -0.194095 -0.075279
v -0.260662 0.350540 -0.043784
v -0.041695 -0.214043 -0.086298
v -0.044693 -0.221398 -0.082989
v -0.012824 0.065522 0.031732
v 0.008729 -0.079097 0.011609
v 0.242996 0.980625 0.032738
v 0.250736 0.972155 0.008431
v 0.041899 0.617874 -0.069676
v -0.082555 -0.178372 0.022753
v -0.219072 0.373489 -0.070931
v -0.136584 0.534714 0.044225
v 0.002207 0.274444 -0.058703
v -0.032481 0.106201 -0.035893
v 0.038748 -0.613718 0.079994
v -0.111703 -0.546835 -0.043930
v 0.178254 -0.851255 0.034194
v 0.028980 0.680128 0.041837
v 0.119307 0.799462 0.001966
v -0.202149 -0.379123 -0.078856
v -0.042640 0.370243 0.077988
v 0.057012 0.720511 0.066756
v 0.054999 0.724905 0.067265
v 0.049430 0.705474 0.068343
v -0.212105 -0.488933 0.021447
v -0.110424 0.557027 -0.045190
v -0.010801 -0.106823 0.032062
v 0.171361 0.948123 0.031432
v -0.005336 0.291454 -0.044153
v 0.228497 0.957326 0.032401
v 0.192536 0.918631 0.031965
v 0.004543 0.270277 -0.074333
v 0.020010 0.276107 -0.083721
v -0.002935 0.090294 0.027169
v -0.016800 0.078118 0.031842
v -0.004197 0.077215 0.023792
v -0.039857 0.235092 -0.069568
v 0.132236 -0.899984 0.039142
v 0.010693 -0.081240 -0.007392
v -0.161065 -0.382212 0.081148
v -0.082360 -0.124203 0.015532
v -0.094741 0.304355 0.068975
v -0.098990 0.152564 -0.063758
v -0.045893 0.012565 -0.025856
v 0.206889 0.955845 0.037848
v 0.157413 0.880158 0.027012
v -0.066634 0.193069 0.054445
v -0.059783 0.192252 0.068756
v -0.163397 -0.555359 0.016993
v -0.121830 0.548661 -0.045398
v 0.024305 0.547989 0.002596
v 0.053103 0.754036 -0.067981
v -0.191584 0.438494 0.043784
v -0.115423 0.144926 -0.020944
v -0.002193 0.707627 -0.068083
v 0.039684 0.737030 -0.061762
v -0.041708 -0.350022 -0.084862
v -0.042460 -0.355652 -0.085309
v 0.099807 -0.834949 0.053187
v 0.108545 -0.838075 0.050269
v -0.031292 0.607508 -0.044254
v -0.041374 0.361221 -0.077542
v -0.138395 -0.368721 0.089040
v -0.038038 -0.629646 -0.070202
v -0.057285 -0.605828 -0.084488
v 0.209029 -0.969122 -0.025828
v -0.157227 -0.361325 0.048007
v 0.104694 -0.825406 0.051781
v -0.003607 0.546000 0.085161
v -0.068531 -0.287876 0.057356
v -0.072417 0.155385 -0.060478
v -0.013719 0.114676 -0.039870
v 0.050214 0.747691 -0.068279
v -0.223385 0.396584 -0.075556
v -0.092252 0.146379 0.054013
v -0.207574 -0.470132 -0.060570
v 0.027760 0.578641 0.043349
v 0.223923 -0.948494 0.031443
v -0.090085 -0.529671 -0.043333
v -0.163644 0.490007 0.087440
v -0.109355 0.491659 -0.043426
v -0.089529 0.465953 -0.043329
v 0.036338 0.656449 -0.060230
v -0.241557 -0.393610 0.058058
v -0.000949 0.250832 0.043876
v -0.208079 0.399812 0.063440
v -0.208223 0.393739 0.073445
v -0.207688 0.395575 0.050990
v 0.040959 0.733302 -0.045299
v 0.045642 0.734417 -0.045623
v -0.041458 -0.026811 -0.027023
v 0.109553 -0.839514 -0.045815
v -0.120227 -0.590396 -0.013051
v -0.063547 0.215982 -0.047325
v 0.026004 0.266156 -0.096238
v -0.020216 -0.494155 -0.081198
v -0.032416 -0.631142 -0.084901
v -0.023137 0.410660 -0.052898
v -0.078844 0.166733 -0.066558
v 0.254332 0.991757 -0.017591
v -0.030726 -0.057312 -0.030954
v -0.035491 -0.044116 -0.029052
v -0.023179 -0.043910 -0.029087
v -0.023288 -0.057549 -0.030882
v 0.043599 0.693447 0.061770
v 0.144875 -0.895399 -0.031929
v -0.058806 0.143239 0.053499
v 0.222173 0.960504 0.035361
v 0.044651 -0.632464 0.054970
v 0.085309 0.750464 0.003259
v -0.159860 0.506313 0.086967
v 0.122341 -0.877009 -0.028314
v -0.006971 0.239068 0.044193
v -0.004536 0.284742 0.043696
v -0.012411 0.294315 0.043495
v 0.001743 0.380708 0.002011
v 0.010578 -0.558020 0.077789
v -0.023220 -0.552679 -0.043254
v -0.005248 -0.216702 0.063592
v -0.008612 -0.239029 -0.090029
v -0.032170 -0.639123 -0.044128
v -0.023352 -0.652039 -0.045045
v -0.210476 0.399984 -0.056566
v -0.088184 -0.132802 0.035351
v 0.050364 -0.730969 -0.059038
v 0.128901 -0.797394 0.003412
v -0.050502 0.137819 0.045198
v 0.170597 0.851075 -0.023036
v -0.007435 0.004132 0.019461
v -0.065789 -0.190233 -0.066355
v -0.041912 0.365371 -0.083295
v -0.049505 -0.192986 -0.070448
v 0.193104 -0.911997 0.025052
v -0.004515 -0.201760 -0.052696
v -0.089351 -0.588110 0.043164
v -0.078507 -0.596061 0.047623
v -0.139243 0.572416 0.025360
v 0.016810 0.255630 0.091203
v -0.036529 0.444749 -0.082578
v -0.061384 -0.057969 -0.016928
v -0.017989 -0.517165 0.084525
v -0.013723 -0.513513 0.084392
v 0.017043 0.260723 0.093907
v -0.016759 -0.011990 0.026659
v -0.031218 -0.204609 0.065932
v -0.028959 -0.190882 0.065362
v -0.010868 0.661324 0.075284
v 0.091133 0.859446 -0.038653
v -0.069444 0.073151 -0.006194
v -0.075532 0.148034 0.063848
v -0.077708 -0.149620 -0.058031
v 0.197418 0.844010 -0.040599
v -0.039882 0.630449 -0.047949
v -0.028470 -0.462437 0.078589
v -0.103373 -0.573836 0.043187
v 0.008030 0.709043 -0.075095
v -0.133021 0.536757 -0.049143
v 0.013935 0.267437 0.091546
v 0.040431 0.693325 0.051314
v 0.110268 -0.841608 0.033798
v -0.184263 0.379099 -0.043304
v -0.181957 0.380273 -0.047149
v -0.071092 0.308220 0.044051
v -0.081957 -0.242892 0.018662
v -0.181168 -0.321388 0.001239
v -0.021586 0.317500 -0.043621
v -0.033565 -0.406965 0.069751
v -0.009778 0.290745 0.060140
v 0.038188 0.649419 -0.076564
v 0.078782 0.260702 0.042475
v -0.100106 0.150547 0.064762
v -0.257728 -0.340833 -0.023651
v -0.017756 -0.020641 0.028711
v 0.039433 0.263057 -0.107260
v -0.207975 0.393462 0.085342
v -0.187369 0.398428 -0.043917
v 0.084716 -0.853782 -0.041817
v -0.036535 0.232432 -0.044446
v 0.053922 -0.680502 0.048140
v 0.003802 0.246660 -0.052682
v -0.143789 0.336029 0.045107
v -0.144687 0.323063 0.031012
v 0.018473 0.579002 -0.088063
v 0.114989 -0.868475 0.035657
v -0.069684 0.428113 -0.043234
v -0.095170 -0.296653 0.060239
v 0.039830 0.603157 0.045033
v 0.184268 0.837272 -0.029978
v 0.196658 0.839130 -0.027858
v -0.148244 -0.524819 -0.044202
v 0.048260 0.619350 0.032040
v -0.166255 -0.504919 0.043177
v -0.031691 -0.222176 0.083800
v -0.039739 -0.215257 0.081501
v 0.111738 -0.861884 0.027142
v -0.080070 -0.119476 -0.015225
v -0.025277 -0.428436 0.051600
v -0.069181 -0.216454 -0.027233
v 0.127601 -0.879583 0.027837
v -0.161895 0.328078 -0.025659
v -0.160590 0.336833 -0.037816
v 0.123463 -0.876322 0.035424
v -0.000057 0.168440 -0.047116
v -0.041962 0.030334 -0.029287
v -0.022756 0.015708 -0.029557
v 0.055561 -0.738649 0.062865
v -0.069087 -0.600825 -0.044266
v 0.037292 0.710239 -0.040430
v 0.033114 0.696154 -0.040011
v -0.032989 0.013659 -0.030035
v 0.121927 0.877051 0.027924
v -0.019225 0.346251 0.063056
v -0.008995 0.322913 0.059586
v -0.030709 0.325636 0.087996
v 0.140748 -0.890161 -0.027149
v 0.015542 0.256139 0.077185
v 0.061371 -0.726599 0.057049
v 0.034908 0.683494 -0.042959
v 0.027102 0.695323 0.038276
v -0.038852 -0.211709 0.073970
v -0.033753 -0.216883 0.076668
v 0.012481 0.278750 -0.091552
v 0.046772 -0.788531 0.061938
v 0.052133 0.264555 -0.089733
v -0.178804 0.377947 0.088542
v -0.036316 0.228243 -0.048136
v 0.195130 -0.929024 0.020738
v 0.202366 -0.936313 0.020017
v 0.200808 -0.924909 0.022997
v 0.049309 0.723873 0.058784
v -0.021977 -0.451405 -0.061918
v 0.020244 0.149002 -0.017219
v 0.147550 0.904054 0.036139
v 0.013172 0.143354 0.017039
v 0.000100 0.678620 0.061744
v -0.010249 0.663396 0.057626
v 0.176714 0.924289 -0.044416
v 0.151548 -0.899449 -0.047793
v -0.109079 0.146315 -0.049010
v -0.097794 0.143954 -0.038375
v -0.046888 0.645700 0.066946
v 0.010965 0.566167 -0.089389
v 0.019791 0.567288 -0.057205
v 0.035962 0.645457 0.070325
v -0.012191 -0.372055 -0.020419
v -0.007938 -0.344096 -0.025359
v -0.064250 -0.106161 0.025425
v -0.101702 -0.262482 0.002547
v 0.068470 0.779983 0.067159
v 0.050358 0.795484 -0.059971
v 0.056117 0.803380 -0.059249
v -0.050782 0.106163 0.033971
v 0.017430 0.118584 -0.004150
v 0.131036 -0.915981 -0.022003
v -0.064284 0.278688 -0.051632
v -0.005043 -0.335832 -0.026620
v 0.185856 0.938576 -0.042156
v 0.195214 0.955325 0.037156
v 0.180846 0.951445 0.034525
v 0.024916 0.268943 -0.090169
v -0.143752 -0.535736 -0.043965
v -0.034595 -0.477529 -0.064689
v 0.144099 0.925281 0.032971
v 0.138649 0.895953 0.032354
v 0.131471 0.886664 0.036945
v 0.132908 0.888485 0.029334
v -0.002565 -0.327688 0.034814
v -0.188856 0.323475 -0.002253
v -0.169315 0.316787 -0.001391
v 0.178390 0.930617 -0.043899
v -0.014797 -0.528669 0.045985
v 0.073093 -0.769891 0.041548
v -0.031980 0.395757 0.076156
v -0.031071 0.375746 0.075966
v -0.024877 0.377986 0.058369
v -0.044118 -0.240057 0.086120
v -0.027689 0.535641 -0.043782
v 0.162638 0.929267 -0.037861
v -0.025924 -0.368025 0.057670
v 0.023311 -0.618030 0.043144
v -0.152661 -0.526155 0.049473
v -0.152232 0.344036 -0.054918
v -0.015692 -0.249468 0.044502
v 0.178725 -0.916290 0.023284
v 0.185921 -0.908342 0.024453
v -0.028552 0.501107 0.060921
v 0.177712 -0.925796 0.022409
v -0.048815 -0.114228 0.042037
v -0.101879 -0.134843 0.025744
v -0.042700 -0.466158 0.043078
v 0.115866 -0.814303 -0.033697
v 0.008895 -0.507850 0.008841
v -0.207278 0.402401 0.049905
v -0.055838 0.401691 -0.043257
v 0.185643 -0.946122 -0.037052
v -0.067153 0.115065 -0.026886
v -0.000015 -0.334588 0.023451
v -0.068711 0.535313 -0.043620
v 0.125532 -0.873593 -0.026175
v 0.002021 -0.028479 0.013476
v -0.197624 0.389656 -0.066145
v -0.047557 -0.419953 0.042889
v -0.021186 0.647670 -0.075637
v -0.119410 -0.150078 0.001291
v -0.069887 0.097842 0.017275
v -0.190870 -0.384028 -0.086667
v -0.006554 -0.550494 -0.043020
v 0.129323 0.913873 0.031894
v -0.216426 0.350086 0.035421
v 0.006799 -0.136573 0.029931
v -0.173868 0.377936 -0.043551
v 0.161976 0.821124 0.001785
v -0.037611 -0.454254 0.047082
v 0.205154 0.964988 0.034376
v 0.063787 -0.832126 -0.025989
v 0.197352 0.960166 0.035493
v -0.080392 -0.253142 -0.033290
v -0.015961 0.300068 0.084451
v -0.125850 -0.301559 0.019530
v 0.200792 -0.909596 -0.029199
v 0.045293 -0.632220 0.030139
v -0.088820 0.314753 0.043688
v -0.076388 0.300595 0.058188
v -0.081427 0.301457 0.043635
v 0.011022 0.207368 0.045278
v -0.155686 0.311033 0.000180
v 0.194035 0.946981 0.040472
v -0.111698 -0.348558 0.089880
v -0.174727 0.528395 -0.049419
v 0.176311 -0.847795 -0.022674
v 0.164334 -0.857958 -0.023794
v -0.001185 -0.010462 0.014101
v 0.196115 0.912371 -0.035675
v 0.200137 0.917557 -0.035965
v -0.014758 -0.220651 -0.049531
v -0.040095 -0.199885 0.061968
v 0.001293 0.149691 0.048898
v -0.023048 0.003998 -0.029861
v -0.009601 -0.227180 -0.047714
v 0.136377 0.868194 -0.025732
v 0.045101 0.263663 -0.099653
v 0.007341 0.217954 -0.055549
v 0.047529 0.725445 0.050510
v -0.043715 0.203894 0.071816
v 0.075096 0.751020 0.023083
v 0.018336 -0.604437 0.043182
v 0.089239 0.799961 -0.044632
v 0.020393 -0.694800 -0.040391
v -0.036067 0.573045 -0.043829
v 0.023797 -0.763241 0.034223
v -0.038225 0.218912 0.060854
v -0.035735 -0.448587 -0.043062
v 0.095422 0.813661 0.052188
v -0.123136 0.143374 0.000624
v 0.012632 0.257194 -0.057059
v -0.150457 0.318949 0.020662
v 0.176832 -0.950202 -0.029937
v -0.173159 0.384026 0.043120
v -0.009739 -0.243093 -0.088728
v -0.064253 -0.610811 0.081755
v 0.062579 -0.786390 0.065996
v -0.031002 -0.211266 0.069768
v 0.024955 -0.580404 0.040117
v -0.161892 0.374507 -0.047231
v -0.031556 -0.319706 0.044415
v -0.021006 -0.371471 0.043558
v 0.048320 -0.757281 -0.053538
v -0.118082 -0.146136 0.014748
v 0.082963 -0.831670 0.057219
v 0.004874 -0.281002 -0.049806
v -0.076406 -0.595611 -0.044333
v -0.058281 -0.194009 0.077232
v 0.001298 0.275604 -0.089626
v -0.059200 0.606054 -0.045574
v 0.031670 0.579624 -0.027983
v -0.000868 0.182428 0.044465
v 0.051649 -0.823570 -0.002325
v -0.222220 0.382204 -0.078505
v 0.139283 0.894775 0.043323
v 0.051164 -0.757470 -0.053760
v -0.059327 0.114294 0.036806
v -0.066220 0.106003 0.023181
v -0.019084 0.322363 0.082072
v 0.002467 -0.317684 0.039211
v 0.000056 -0.304865 0.069260
vn 0.9133 0.4072 -0.0024
vn 0.8577 0.4574 -0.2349
vn 0.4539 0.1285 -0.8818
vn 0.9074 0.4086 0.0980
vn 0.5081 0.2785 -0.8150
vn -0.2232 -0.2930 -0.9297
vn -0.8851 0.4466 -0.1308
vn -0.6149 0.2484 -0.7485
vn -0.9182 0.3953 -0.0238
vn -0.9161 0.3481 -0.1990
vn -0.9101 0.4136 0.0253
vn -0.9066 0.4220 -0.0011
vn -0.8624 -0.4555 -0.2207
vn -0.8968 -0.4423 0.0061
vn -0.6543 -0.3647 -0.6625
vn -0.9010 -0.4337 0.0093
vn -0.8938 -0.4485 -0.0005
vn 0.8071 -0.5547 0.2024
vn 0.8327 -0.5378 0.1314
vn 0.8416 -0.4689 -0.2679
vn 0.8203 -0.5651 0.0881
vn 0.1025 -0.0851 -0.9911
vn -0.9742 0.2120 0.0778
vn -0.9775 0.2097 -0.0214
vn -0.9771 0.2094 0.0368
vn -0.9002 0.1817 -0.3958
vn -0.9216 0.1794 -0.3443
vn -0.1715 -0.0429 -0.9843
vn -0.9808 0.1903 -0.0429
vn 0.8356 -0.4720 -0.2810
vn 0.2538 -0.1804 -0.9503
vn 0.8058 -0.5881 0.0700
vn 0.3605 -0.4183 -0.8337
vn -0.2014 0.2384 -0.9500
vn 0.8552 -0.4935 0.1582
vn 0.4818 0.6537 -0.5835
vn 0.7609 0.3245 -0.5619
vn 0.7299 0.5688 -0.3792
vn 0.5295 0.7594 -0.3780
vn 0.5546 0.7229 -0.4120
vn -0.8001 -0.2775 -0.5318
vn -0.8064 -0.3043 -0.5071
vn -0.7801 -0.4011 -0.4802
vn -0.7597 -0.4190 -0.4973
vn 0.6499 -0.7379 -0.1820
vn 0.9161 -0.1368 0.3769
vn 0.3233 -0.7762 0.5412
vn -0.1379 -0.0296 -0.9900
vn -0.2978 0.0441 -0.9536
vn 0.0098 -0.1447 -0.9894
vn -0.0506 0.3936 -0.9179
vn -0.1905 0.3784 -0.9058
vn 0.5107 0.8394 0.1860
vn 0.4445 0.8041 -0.3948
vn 0.4523 0.8919 0.0006
vn 0.3978 0.7316 0.5536
vn 0.7219 -0.4444 -0.5304
vn 0.8616 -0.5030 -0.0684
vn 0.7508 -0.4576 -0.4763
vn 0.8375 -0.4431 -0.3196
vn -0.9284 -0.3689 -0.0437
vn -0.9457 -0.3243 0.0240
vn -0.8992 -0.4358 0.0403
vn -0.9236 -0.3687 0.1047
vn -0.7435 -0.4532 0.4917
vn -0.4106 -0.2404 0.8796
vn -0.8524 -0.4269 0.3018
vn -0.8841 -0.4473 -0.1351
vn -0.9277 -0.3727 -0.0224
vn 0.8679 0.4061 0.2861
vn 0.6339 0.2842 0.7194
vn 0.8761 0.4197 -0.2372
vn 0.8656 0.4472 -0.2252
vn 0.8614 0.4595 -0.2164
vn -0.2800 -0.2529 0.9261
vn -0.4104 -0.2938 0.8633
vn 0.5301 -0.3107 -0.7890
vn 0.5178 -0.3495 -0.7808
vn 0.5914 -0.7023 0.3961
vn 0.4369 -0.7023 0.5621
vn 0.6289 -0.5444 0.5551
vn -0.3439 -0.0271 0.9386
vn -0.5262 -0.1149 0.8426
vn -0.3400 -0.1397 0.9300
vn 0.9167 -0.1819 -0.3558
vn 0.8937 -0.1731 -0.4140
vn 0.9213 -0.1585 -0.3551
vn -0.3582 -0.4620 -0.8113
vn 0.4111 0.2867 -0.8653
vn -0.3313 -0.4227 -0.8436
vn -0.6857 0.7045 0.1831
vn -0.6856 0.6682 0.2888
vn -0.7079 0.6809 0.1878
vn -0.7768 -0.0362 0.6287
vn -0.9449 -0.0907 0.3145
vn -0.9637 -0.0486 0.2627
vn -0.7895 -0.0426 0.6123
vn -0.8967 0.3378 -0.2859
vn -0.9297 0.3645 0.0521
vn -0.8823 0.4685 0.0453
vn -0.6142 0.3995 -0.6806
vn -0.9184 -0.2344 -0.3188
vn -0.5631 -0.2894 -0.7740
vn -0.9404 -0.1982 -0.2765
vn -0.8421 0.0131 -0.5391
vn -0.8519 0.0854 -0.5167
vn -0.9920 0.0221 -0.1244
vn -0.2859 0.9185 -0.2732
vn -0.5845 0.7107 -0.3915
vn -0.6006 0.5957 -0.5333
vn 0.6683 0.2926 0.6839
vn 0.0693 -0.0025 0.9976
vn 0.9087 0.4164 0.0289
vn -0.6065 -0.6665 0.4336
vn -0.6314 -0.7574 0.1665
vn -0.6147 -0.6724 0.4123
vn 0.4293 0.2428 -0.8699
vn 0.8360 0.4807 -0.2645
vn 0.6650 0.3370 -0.6665
vn -0.3957 -0.8465 0.3563
vn -0.6000 -0.7119 0.3649
vn -0.6529 -0.6641 0.3642
vn -0.9206 -0.3047 0.2441
vn -0.9345 -0.3546 0.0313
vn -0.9007 -0.3453 0.2638
vn 0.3329 -0.9128 -0.2366
vn 0.6967 -0.4837 -0.5298
vn 0.8032 -0.1169 -0.5841
vn 0.9673 0.1391 0.2122
vn 0.9573 -0.2748 0.0897
vn 0.9393 -0.2189 -0.2641
vn 0.9772 -0.0200 -0.2112
vn -0.6330 0.6522 -0.4171
vn -0.6521 0.7364 -0.1801
vn -0.6850 0.7102 -0.1624
vn 0.3910 0.1673 -0.9050
vn -0.1374 -0.1282 -0.9822
vn -0.6231 -0.0541 -0.7803
vn -0.4938 -0.5123 0.7027
vn -0.6323 -0.7548 0.1747
vn -0.4945 -0.7224 0.4834
vn 0.8742 -0.3580 0.3281
vn 0.8951 -0.3724 0.2451
vn 0.8789 -0.3488 0.3254
vn -0.9929 0.0793 -0.0882
vn -0.8307 0.0809 0.5508
vn -0.9620 0.2227 0.1578
vn -0.9794 -0.1797 -0.0921
vn -0.9784 -0.2064 0.0108
vn -0.9571 -0.2888 0.0245
vn -0.6143 0.6131 -0.4967
vn -0.6385 0.6386 -0.4295
vn -0.6687 0.6916 -0.2731
vn -0.7373 -0.6134 0.2831
vn -0.9108 -0.3924 0.1282
vn -0.7849 -0.5120 0.3489
vn -0.7811 -0.0228 0.6240
vn -0.4910 -0.0486 0.8698
vn -0.4814 0.0667 0.8740
vn 0.6581 -0.5958 0.4604
vn 0.7438 -0.4350 0.5074
vn 0.7644 -0.5181 0.3838
vn -0.5219 0.3941 -0.7565
vn -0.2546 0.2795 -0.9258
vn -0.1040 0.2891 -0.9516
vn -0.5544 -0.5659 -0.6102
vn -0.3244 -0.4679 -0.8221
vn -0.4557 -0.5408 -0.7070
vn 0.5341 -0.3157 0.7842
vn 0.8258 -0.4626 0.3225
vn 0.7833 -0.4730 0.4034
vn 0.7317 0.5867 0.3470
vn 0.4828 0.4774 0.7342
vn 0.7173 0.6203 0.3175
vn -0.4907 0.1155 0.8636
vn -0.2579 -0.3874 0.8851
vn -0.2889 -0.3124 0.9050
vn -0.6851 0.0778 0.7243
vn 0.9280 -0.3378 0.1571
vn 0.6719 -0.1422 0.7269
vn 0.8615 -0.4573 0.2206
vn 0.2183 -0.9104 0.3515
vn 0.2178 -0.8936 0.3925
vn 0.0991 -0.5689 0.8164
vn -0.8681 0.4219 -0.2617
vn -0.8148 0.3188 -0.4842
vn -0.7587 0.4908 -0.4283
vn 0.6729 -0.2591 0.6929
vn 0.8127 -0.5700 0.1208
vn 0.6592 -0.3167 0.6820
vn 0.8868 0.3889 0.2499
vn 0.8942 0.4325 0.1159
vn 0.8989 0.4294 0.0868
vn 0.4134 0.0553 -0.9089
vn -0.7237 -0.4603 -0.5141
vn -0.5841 -0.3410 -0.7366
vn 0.8746 -0.1145 0.4711
vn 0.2351 0.1786 0.9554
vn 0.7210 0.5430 -0.4305
vn 0.7346 0.5926 -0.3305
vn 0.5949 0.5386 -0.5967
vn 0.7238 -0.6452 0.2445
vn 0.7704 -0.6007 0.2136
vn 0.7754 -0.5934 0.2158
vn -0.7417 -0.6473 0.1758
vn -0.7702 -0.6378 0.0010
vn -0.7061 -0.7079 0.0186
vn -0.4666 0.2502 -0.8483
vn -0.6597 0.2432 -0.7111
vn -0.6793 0.4120 -0.6073
vn -0.6576 0.7484 -0.0859
vn -0.3970 0.7681 0.5024
vn -0.5309 0.8257 0.1905
vn -0.7346 -0.4518 0.5062
vn -0.8036 -0.5227 0.2846
vn -0.7333 -0.5085 0.4513
vn -0.4770 0.2557 -0.8409
vn -0.3203 0.2093 -0.9239
vn 0.3788 -0.1360 -0.9154
vn -0.1659 0.2341 0.9580
vn 0.4079 -0.2921 0.8650
vn 0.6445 -0.2672 0.7164
vn -0.4860 -0.4005 -0.7768
vn -0.4817 -0.3945 -0.7825
vn -0.6282 -0.5500 -0.5503
vn -0.7391 0.5545 0.3824
vn -0.6132 0.5387 0.5778
vn -0.7821 0.5446 0.3028
vn 0.6593 -0.3319 0.6746
vn 0.8895 -0.4100 0.2015
vn 0.8909 -0.4432 0.0996
vn 0.4388 -0.2132 0.8729
vn 0.5170 -0.6439 -0.5641
vn 0.5635 -0.5163 -0.6449
vn 0.5031 -0.2764 -0.8189
vn 0.8446 0.3394 -0.4141
vn 0.6493 0.2490 -0.7186
vn 0.9104 0.4108 -0.0491
vn 0.9009 0.4218 -0.1019
vn 0.8970 -0.4245 -0.1230
vn 0.8895 -0.4569 -0.0018
vn 0.8962 0.2966 0.3300
vn 0.9375 0.3006 0.1755
vn 0.9082 0.3070 0.2846
vn -0.6996 0.5595 -0.4444
vn -0.7327 0.5751 -0.3639
vn -0.7655 0.5878 -0.2617
vn 0.5032 -0.3355 -0.7964
vn 0.5849 -0.4524 -0.6732
vn 0.4360 -0.3164 -0.8425
vn 0.2647 -0.5991 -0.7557
vn -0.0566 0.7975 0.6007
vn -0.0730 0.8004 0.5950
vn -0.2788 0.7962 0.5370
vn -0.6453 0.7635 -0.0253
vn -0.6438 0.7099 -0.2855
vn -0.6599 0.7510 -0.0229
vn 0.8417 0.4663 -0.2721
vn 0.8675 0.4937 0.0613
vn 0.9363 -0.3511 -0.0114
vn 0.9036 -0.3581 0.2351
vn 0.8627 -0.4333 0.2607
vn 0.3859 -0.8385 -0.3847
vn 0.4015 -0.8867 -0.2294
vn 0.5135 -0.8578 0.0232
vn 0.4942 -0.5664 -0.6595
vn 0.7523 -0.6477 0.1205
vn 0.6392 -0.7406 0.2071
vn 0.7746 -0.3729 -0.5108
vn 0.7614 -0.3099 -0.5695
vn 0.5786 -0.4022 -0.7095
vn 0.8359 0.5173 0.1838
vn 0.8940 0.4090 -0.1827
vn 0.8906 0.3743 -0.2582
vn 0.8622 -0.4482 0.2361
vn 0.6972 -0.3348 -0.6338
vn 0.6827 -0.3972 -0.6133
vn 0.6598 0.7503 -0.0422
vn 0.2298 0.2773 0.9329
vn 0.3353 0.2803 0.8994
vn 0.7633 -0.2289 -0.6042
vn 0.8771 0.4165 -0.2392
vn 0.5094 -0.6255 0.5910
vn 0.3400 -0.4675 0.8160
vn 0.5594 -0.8288 0.0144
vn 0.9293 0.3659 -0.0511
vn 0.9415 0.3370 -0.0024
vn 0.9189 0.3934 0.0282
vn 0.0046 0.0035 -1.0000
vn -0.4932 -0.2210 -0.8414
vn -0.5547 -0.2267 -0.8006
vn 0.2087 -0.3363 0.9183
vn 0.5366 -0.5134 0.6696
vn 0.4798 -0.4297 0.7650
vn -0.0892 0.8440 -0.5289
vn 0.0422 0.8350 -0.5486
vn -0.0769 0.8426 -0.5330
vn -0.7777 0.5900 0.2170
vn -0.7724 0.5751 0.2694
vn -0.8075 0.5704 0.1501
vn 0.7017 -0.7097 -0.0632
vn 0.2677 -0.2801 -0.9219
vn 0.5371 -0.4796 -0.6940
vn 0.1894 0.1711 -0.9669
vn 0.1883 0.1766 -0.9661
vn 0.4381 0.1000 -0.8933
vn 0.8179 0.5231 0.2394
vn 0.8266 0.4064 0.3893
vn 0.8369 0.5185 0.1757
vn -0.8760 -0.3966 -0.2746
vn -0.8274 -0.3662 -0.4258
vn -0.8539 -0.4192 -0.3085
vn -0.6711 -0.7186 0.1821
vn -0.8619 -0.1882 0.4709
vn -0.5464 -0.7480 0.3768
vn 0.9491 0.0679 0.3074
vn 0.9392 -0.0212 0.3428
vn 0.9387 0.1347 0.3173
vn 0.9738 0.0783 0.2133
vn 0.9034 -0.1135 0.4134
vn 0.9852 -0.0237 0.1696
vn 0.9882 -0.1503 -0.0302
vn 0.9828 -0.1809 -0.0371
vn 0.9593 -0.1490 -0.2398
vn -0.3064 0.1850 0.9337
vn -0.3663 0.3764 0.8510
vn 0.0257 -0.0925 0.9954
vn -0.2071 0.5267 -0.8244
vn 0.0832 0.5131 -0.8543
vn -0.0838 0.4987 -0.8627
vn -0.0540 -0.2903 0.9554
vn 0.1126 -0.0404 0.9928
vn 0.2917 -0.2609 0.9202
vn -0.8314 -0.5557 0.0052
vn -0.7989 -0.6014 0.0073
vn -0.1331 0.9879 -0.0791
vn -0.0960 0.9952 -0.0208
vn 0.0201 0.6886 -0.7249
vn -0.0791 0.7316 -0.6771
vn -0.4446 0.0391 0.8949
vn -0.5663 0.0091 0.8241
vn -0.5536 -0.1453 0.8200
vn 0.0425 0.6680 -0.7429
vn -0.0012 0.3101 -0.9507
vn 0.0875 0.2475 -0.9649
vn 0.0895 -0.2051 0.9746
vn 0.4021 -0.4135 0.8169
vn 0.3716 -0.2893 0.8822
vn 0.9660 -0.2578 0.0176
vn 0.9608 -0.1675 0.2210
vn 0.9851 -0.1719 -0.0044
vn 0.8297 0.3876 -0.4018
vn 0.8616 0.3656 -0.3521
vn 0.7822 0.5125 -0.3543
vn 0.8443 0.5188 -0.1344
vn -0.9590 -0.0614 0.2768
vn -0.9938 -0.1111 -0.0085
vn -0.9892 -0.0418 -0.1404
vn -0.9760 -0.1014 0.1925
vn -0.8443 0.1156 0.5232
vn -0.6410 -0.0535 0.7656
vn -0.7345 0.1670 0.6578
vn -0.9370 -0.3089 -0.1631
vn -0.9622 -0.2651 -0.0627
vn -0.7258 -0.1901 -0.6611
vn 0.9385 -0.0898 -0.3335
vn 0.9740 -0.2260 -0.0124
vn 0.9977 -0.0411 0.0539
vn 0.3817 0.9216 -0.0704
vn 0.2649 0.7588 0.5950
vn 0.3807 0.7767 0.5018
vn 0.4701 -0.4471 0.7610
vn 0.0191 -0.0136 0.9997
vn 0.0321 -0.0040 0.9995
vn -0.9312 -0.3638 0.0215
vn -0.2999 -0.2381 0.9238
vn -0.6653 -0.3304 0.6695
vn 0.6859 -0.3733 0.6247
vn 0.5809 -0.1936 0.7906
vn 0.7245 -0.1259 0.6777
vn -0.5527 0.4318 0.7128
vn -0.8294 0.5586 0.0105
vn -0.7840 0.6193 0.0421
vn 0.0263 -0.9765 0.2140
vn -0.1336 -0.9866 0.0939
vn -0.1591 -0.9670 0.1988
vn 0.0049 -0.0046 1.0000
vn -0.0012 -0.0024 1.0000
vn 0.0048 -0.0019 1.0000
vn -0.9181 -0.3963 0.0001
vn -0.6775 -0.2704 -0.6840
vn -0.7601 -0.3929 -0.5176
vn 0.6532 -0.2649 -0.7093
vn 0.0881 -0.4388 -0.8942
vn 0.4848 -0.5578 -0.6737
vn 0.5089 -0.3676 -0.7784
vn -0.2762 -0.3440 -0.8974
vn -0.5730 -0.2397 -0.7837
vn 0.2736 -0.0231 -0.9616
vn 0.4587 -0.4126 0.7870
vn -0.1417 -0.1119 0.9836
vn -0.6326 0.0051 0.7744
vn 0.9189 0.0447 -0.3920
vn 0.9853 0.0890 -0.1459
vn 0.9135 0.1480 -0.3789
vn -0.5699 -0.2901 0.7688
vn 0.3024 -0.0934 0.9486
vn 0.8058 0.0421 0.5907
vn 0.9723 0.1652 0.1651
vn 0.9881 0.1185 0.0982
vn 0.9887 0.1398 0.0541
vn 0.8357 0.0301 -0.5483
vn 0.9551 0.0305 -0.2947
vn 0.9435 0.0927 -0.3183
vn -0.4687 -0.8834 -0.0023
vn -0.0106 -0.9905 -0.1368
vn -0.3266 -0.9232 0.2024
vn 0.2767 0.5939 -0.7554
vn 0.5464 -0.0114 -0.8374
vn 0.3674 0.1012 -0.9245
vn -0.1934 0.2697 0.9433
vn 0.4520 -0.4992 0.7392
vn -0.0263 0.1932 0.9808
vn 0.9386 -0.3439 -0.0269
vn 0.8494 -0.2512 -0.4641
vn 0.8738 -0.4845 -0.0416
vn 0.8169 -0.5525 0.1657
vn 0.8046 -0.5772 -0.1394
vn 0.6764 -0.4235 -0.6025
vn 0.7916 -0.5801 0.1918
vn 0.7892 -0.4770 -0.3868
vn 0.7697 -0.6037 -0.2079
vn 0.4256 -0.1908 -0.8846
vn 0.5885 -0.3043 -0.7490
vn -0.3624 -0.8194 -0.4441
vn -0.4577 -0.7536 -0.4717
vn -0.5031 -0.8446 -0.1831
vn 0.0951 -0.0784 -0.9924
vn 0.0186 -0.7447 -0.6672
vn 0.0346 0.0693 -0.9970
vn 0.4018 0.6563 0.6386
vn 0.5018 0.8470 -0.1758
vn 0.4876 0.8395 -0.2399
vn 0.3801 0.6873 0.6190
vn 0.5522 -0.1640 -0.8174
vn -0.8185 0.5527 0.1570
vn -0.8241 0.5665 -0.0054
vn -0.4234 0.3539 0.8340
vn -0.0834 0.2415 0.9668
vn 0.4732 0.0996 -0.8753
vn 0.6312 0.1991 -0.7496
vn 0.7199 0.1091 -0.6855
vn 0.4630 -0.0818 -0.8826
vn 0.6368 0.7662 -0.0856
vn 0.6627 0.7451 -0.0755
vn -0.7882 -0.5021 0.3558
vn -0.8419 0.0270 0.5390
vn -0.6759 0.6617 0.3245
vn 0.0159 0.0006 0.9999
vn -0.0101 -0.0041 0.9999
vn 0.9795 -0.0792 0.1854
vn 0.9468 0.0053 0.3217
vn 0.6918 -0.5814 -0.4282
vn 0.7482 -0.5414 -0.3835
vn 0.8112 -0.4444 -0.3801
vn 0.8264 -0.4028 -0.3936
vn 0.8109 -0.5735 0.1160
vn 0.5990 -0.2315 -0.7666
vn 0.8795 0.0420 0.4741
vn 0.8495 0.1881 0.4929
vn 0.9075 0.1598 0.3886
vn -0.7696 0.2117 -0.6024
vn -0.2075 0.1728 -0.9629
vn -0.6670 0.2337 -0.7075
vn -0.9560 0.1548 -0.2492
vn -0.5346 -0.6475 0.5431
vn -0.5011 -0.7022 0.5058
vn 0.3433 0.3078 0.8873
vn 0.7056 0.6976 0.1248
vn 0.5640 0.5111 -0.6486
vn 0.7594 0.6421 0.1053
vn 0.2112 0.4819 0.8504
vn 0.3777 0.6267 0.6816
vn 0.4958 0.7757 0.3906
vn -0.5744 0.4744 0.6671
vn 0.3146 -0.1665 0.9345
vn 0.3541 -0.1828 0.9172
vn 0.7657 0.1596 -0.6231
vn 0.8989 0.1289 -0.4188
vn 0.9200 0.1473 -0.3631
vn -0.3907 0.6703 0.6310
vn -0.3370 0.6620 0.6694
vn -0.1980 0.3511 0.9152
vn 0.9455 -0.2470 -0.2121
vn 0.7948 -0.3719 -0.4796
vn 0.9206 -0.3815 -0.0839
vn 0.8911 0.3902 0.2316
vn 0.7693 0.3416 0.5400
vn 0.8671 0.4273 0.2559
vn -0.1311 -0.1512 0.9798
vn 0.2084 -0.3127 0.9267
vn 0.7645 0.0064 0.6446
vn -0.6201 0.2533 -0.7425
vn -0.4960 0.3724 -0.7844
vn 0.4694 -0.3026 -0.8295
vn 0.6571 0.3673 -0.6583
vn 0.4159 0.3589 -0.8356
vn 0.0261 0.0154 -0.9995
vn 0.9742 -0.2208 0.0469
vn 0.9078 -0.1501 0.3916
vn 0.9402 0.0145 0.3404
vn 0.9977 0.0184 0.0659
vn -0.6039 0.0988 0.7909
vn -0.4488 0.2804 0.8485
vn -0.6820 -0.0406 0.7303
vn -0.2103 -0.3481 0.9136
vn -0.4036 -0.4690 0.7856
vn -0.3541 0.5441 -0.7607
vn -0.4565 0.7283 -0.5111
vn -0.4864 0.5803 -0.6532
vn 0.3971 -0.2689 0.8775
vn 0.5867 -0.4163 0.6946
vn 0.9540 0.2364 -0.1842
vn 0.8894 0.3295 -0.3168
vn 0.8281 0.2791 -0.4862
vn -0.5843 0.5963 -0.5504
vn -0.5397 0.6300 -0.5584
vn -0.4138 0.4106 -0.8125
vn 0.6753 -0.3165 0.6662
vn 0.8713 -0.4506 -0.1944
vn 0.4646 -0.3988 0.7906
vn 0.6392 -0.4019 0.6557
vn 0.8057 -0.5918 0.0259
vn 0.7796 -0.6258 -0.0264
vn -0.3309 0.0819 0.9401
vn -0.8673 0.3075 0.3914
vn -0.8521 0.3095 0.4221
vn -0.2812 0.0913 0.9553
vn -0.7466 -0.2213 0.6273
vn -0.9316 -0.2404 0.2725
vn -0.7556 -0.2605 0.6010
vn -0.8777 -0.4735 0.0732
vn -0.3119 0.1882 -0.9313
vn -0.2608 0.0596 -0.9636
vn 0.5481 0.0388 -0.8355
vn -0.2120 0.3642 -0.9069
vn -0.5141 -0.8428 -0.1594
vn -0.4193 -0.7580 -0.4997
vn -0.4814 -0.8584 -0.1775
vn 0.6292 -0.0285 0.7767
vn 0.5754 0.2053 0.7917
vn 0.6656 0.0851 0.7414
vn 0.3038 0.6357 0.7097
vn 0.2657 0.5038 0.8219
vn 0.4818 0.1925 0.8549
vn 0.3753 0.9266 0.0249
vn 0.2058 0.9620 0.1792
vn 0.7464 0.5797 0.3268
vn -0.0809 -0.0185 0.9966
vn 0.3612 -0.0170 0.9323
vn 0.3257 0.3539 0.8768
vn 0.1269 0.0678 -0.9896
vn 0.8916 0.4487 0.0611
vn 0.8872 0.4562 -0.0693
vn 0.8263 0.4519 -0.3361
vn 0.7270 0.5812 -0.3656
vn 0.8599 0.5016 -0.0945
vn 0.0188 -0.1971 0.9802
vn -0.0924 -0.8148 0.5724
vn -0.8088 -0.4969 -0.3146
vn -0.7337 -0.4733 -0.4875
vn -0.7446 -0.4172 -0.5211
vn 0.5624 0.0348 0.8261
vn 0.8125 -0.0259 0.5824
vn 0.7731 0.0197 0.6340
vn 0.8619 0.4732 0.1820
vn 0.3809 0.2367 0.8938
vn 0.7147 0.3190 0.6225
vn -0.8986 -0.3974 -0.1861
vn -0.9061 -0.4193 -0.0557
vn 0.4618 -0.0234 0.8867
vn 0.5432 0.1085 0.8326
vn -0.3696 -0.2353 0.8989
vn -0.4798 -0.6837 -0.5499
vn -0.5114 -0.7118 -0.4815
vn -0.8433 0.5374 0.0018
vn -0.8330 0.4397 0.3359
vn -0.8499 0.5269 -0.0047
vn -0.6928 0.5866 -0.4195
vn -0.4929 0.4335 -0.7544
vn -0.6151 0.5863 -0.5272
vn 0.7599 -0.3652 0.5378
vn 0.8423 -0.3004 0.4475
vn 0.9253 -0.3541 -0.1359
vn 0.6153 0.3257 -0.7178
vn 0.0185 0.0088 -0.9998
vn 0.6189 0.2485 -0.7451
vn -0.8582 -0.2791 0.4308
vn -0.7406 -0.1939 0.6433
vn -0.7665 -0.1856 0.6149
vn 0.0023 -0.0032 -1.0000
vn 0.0259 -0.0083 -0.9996
vn 0.0121 -0.0185 -0.9998
vn 0.6013 -0.6729 -0.4310
vn 0.6299 -0.6614 -0.4070
vn 0.4529 -0.1834 0.8725
vn 0.6744 -0.3343 0.6583
vn -0.3443 0.3843 0.8566
vn 0.5223 -0.4501 0.7243
vn -0.9008 0.4205 0.1088
vn -0.6777 0.3062 0.6685
vn -0.9316 0.3361 -0.1385
vn 0.8139 -0.2168 -0.5391
vn 0.7935 -0.0887 -0.6020
vn 0.7708 -0.2928 -0.5658
vn 0.7510 -0.1779 -0.6359
vn -0.0190 0.0054 0.9998
vn 0.0015 0.0001 1.0000
vn -0.0009 -0.0078 1.0000
vn 0.0664 -0.0113 0.9977
vn -0.0438 0.0196 0.9988
vn 0.0055 0.0107 0.9999
vn 0.8936 0.1915 0.4060
vn 0.9361 0.1694 0.3084
vn 0.9402 0.2245 0.2563
vn 0.3479 -0.5456 0.7624
vn -0.5860 0.2430 -0.7730
vn -0.4564 -0.0272 -0.8893
vn -0.7874 -0.2677 -0.5552
vn -0.9179 -0.1404 0.3712
vn -0.9935 -0.1085 0.0352
vn -0.8273 -0.1338 0.5457
vn 0.6210 0.2271 0.7502
vn 0.7051 0.1903 0.6831
vn -0.6766 -0.7303 -0.0940
vn -0.6304 -0.7705 -0.0950
vn -0.6800 -0.7307 -0.0598
vn -0.2362 -0.8237 0.5155
vn -0.2577 -0.9120 0.3190
vn -0.3602 -0.8539 0.3756
vn 0.9946 -0.0982 0.0333
vn 0.9070 -0.0707 0.4151
vn 0.9312 0.0497 0.3610
vn 0.9852 0.1715 0.0045
vn 0.9216 0.0699 0.3819
vn 0.6655 -0.0106 0.7463
vn -0.9095 -0.3334 0.2484
vn -0.8093 -0.3275 0.4876
vn -0.7395 -0.2122 0.6388
vn 0.9028 0.4061 0.1415
vn -0.5670 0.5694 0.5952
vn -0.4666 0.4471 0.7632
vn -0.5638 0.5093 0.6502
vn 0.3773 -0.8950 0.2379
vn -0.5902 0.8068 -0.0269
vn -0.6250 0.7706 -0.1250
vn -0.6367 0.7677 -0.0731
vn -0.6815 0.7238 0.1077
vn -0.7896 0.1863 0.5846
vn -0.6366 0.0927 0.7656
vn -0.8043 0.1919 0.5623
vn -0.9385 0.1455 0.3131
vn -0.9724 0.1505 0.1784
vn -0.9046 0.2023 0.3751
vn -0.5689 -0.5228 0.6349
vn -0.5424 -0.5389 0.6446
vn -0.0405 -0.0062 0.9992
vn -0.7469 -0.0439 0.6635
vn -0.7466 0.0165 0.6651
vn 0.4905 0.7912 0.3652
vn 0.5333 0.7638 0.3637
vn 0.7662 -0.0390 -0.6414
vn 0.5626 -0.2761 -0.7793
vn 0.7918 -0.1471 -0.5928
vn 0.5443 -0.4840 -0.6852
vn 0.3882 -0.2769 -0.8790
vn 0.4047 -0.6685 -0.6239
vn 0.7003 0.7138 -0.0075
vn 0.4311 0.4487 -0.7828
vn 0.7125 0.7011 0.0288
vn 0.8120 0.1687 -0.5588
vn 0.8984 0.1490 -0.4131
vn 0.8246 -0.2442 -0.5102
vn -0.8233 -0.5633 -0.0695
vn -0.7758 -0.5418 -0.3233
vn -0.8313 -0.5529 -0.0576
vn 0.7839 -0.3830 0.4888
vn 0.9865 -0.0387 0.1591
vn -0.3654 -0.4085 -0.8364
vn 0.1763 0.4778 -0.8606
vn 0.0251 0.0436 -0.9987
vn -0.2650 0.7113 -0.6511
vn -0.2895 0.7181 -0.6329
vn -0.2170 0.6491 -0.7291
vn -0.5563 -0.2740 -0.7845
vn 0.4720 0.1676 -0.8655
vn 0.1373 -0.0950 0.9860
vn 0.3524 0.2531 0.9010
vn 0.4515 -0.0488 0.8909
vn 0.8346 0.5475 0.0601
vn 0.8288 -0.2628 0.4940
vn 0.9521 -0.0788 0.2954
vn 0.8111 0.1487 0.5656
vn 0.5589 0.2732 0.7829
vn -0.8189 0.5360 -0.2050
vn -0.8158 0.5780 -0.0177
vn -0.7715 0.5726 -0.2773
vn -0.8331 0.4246 -0.3545
vn -0.7841 0.4795 -0.3940
vn -0.7786 0.5279 -0.3392
vn 0.4656 -0.8458 0.2604
vn 0.5886 -0.7375 0.3311
vn 0.5982 -0.7176 0.3567
vn -0.6926 -0.3436 0.6342
vn -0.7430 0.1556 0.6510
vn -0.2752 -0.1815 0.9441
vn 0.8752 0.4836 0.0109
vn 0.7117 0.2443 0.6587
vn 0.8447 0.5351 -0.0097
vn 0.1341 -0.1975 -0.9711
vn 0.7580 -0.3972 -0.5174
vn -0.0420 -0.3488 -0.9363
vn -0.4539 0.4311 -0.7798
vn -0.5351 0.4090 -0.7391
vn 0.4980 -0.3114 -0.8093
vn 0.4838 0.5898 0.6466
vn 0.4722 0.5378 0.6985
vn 0.0074 0.0147 0.9999
vn 0.3572 0.3793 0.8536
vn -0.9247 -0.3718 -0.0817
vn -0.9894 -0.0768 -0.1230
vn -0.9720 -0.1045 0.2106
vn -0.9002 -0.3654 0.2367
vn 0.0149 -0.0084 0.9999
vn -0.2509 0.1373 0.9582
vn -0.6606 0.1609 0.7333
vn 0.5317 -0.1152 -0.8390
vn 0.7753 -0.4012 -0.4877
vn 0.5404 -0.1449 -0.8288
vn -0.7868 0.6153 -0.0494
vn -0.8065 0.5902 -0.0366
vn 0.9035 0.1168 0.4124
vn 0.8247 0.0105 0.5655
vn 0.7698 0.4570 0.4455
vn 0.3216 0.9392 0.1202
vn 0.1189 0.5847 0.8025
vn 0.1533 0.5648 0.8108
vn -0.6471 0.7604 -0.0551
vn -0.7279 0.6813 -0.0767
vn 0.6612 0.6746 0.3283
vn 0.3554 0.9080 0.2219
vn 0.3515 0.9035 0.2453
vn 0.7030 0.2711 -0.6575
vn 0.7547 0.2711 -0.5974
vn 0.4521 0.8623 -0.2279
vn 0.5392 0.8379 -0.0846
vn -0.8365 0.5239 -0.1605
vn -0.8522 0.5232 0.0049
vn -0.8244 0.5278 -0.2043
vn -0.8198 0.5270 -0.2242
vn 0.4903 -0.7361 -0.4667
vn 0.3482 -0.7408 -0.5744
vn 0.8781 0.4739 0.0666
vn 0.8816 0.4060 -0.2406
vn 0.9410 0.3377 0.0217
vn -0.5987 -0.4276 0.6773
vn 0.0201 -0.8486 0.5287
vn -0.5816 -0.3579 0.7305
vn -0.6734 0.7393 -0.0069
vn -0.6602 0.7083 -0.2498
vn -0.9900 0.1375 -0.0317
vn -0.6755 0.0814 0.7329
vn -0.9918 0.0624 -0.1113
vn -0.3838 0.1919 -0.9033
vn -0.4483 0.1789 -0.8758
vn -0.1425 0.2007 -0.9692
vn -0.5453 0.0705 -0.8353
vn -0.3343 0.0995 -0.9372
vn 0.6868 -0.6358 0.3522
vn -0.0668 0.8159 0.5744
vn -0.2260 0.8143 0.5346
vn 0.6916 -0.7115 0.1242
vn 0.5040 -0.8532 0.1341
vn 0.4847 -0.8374 0.2528
vn 0.8353 -0.0107 -0.5497
vn 0.8201 0.0977 -0.5638
vn 0.9306 -0.1640 -0.3272
vn -0.5337 0.4069 -0.7413
vn -0.1703 0.2019 -0.9645
vn 0.2801 -0.1464 -0.9487
vn -0.3971 0.3537 -0.8469
vn -0.6464 -0.3593 -0.6731
vn -0.8956 -0.4390 -0.0725
vn -0.6139 -0.3594 -0.7028
vn 0.9870 0.1500 0.0584
vn 0.8906 0.0359 0.4534
vn 0.7920 -0.4430 -0.4202
vn 0.8784 -0.3323 -0.3434
vn 0.2203 -0.4401 -0.8705
vn -0.9256 -0.0671 -0.3726
vn -0.8654 -0.0411 -0.4993
vn -0.2710 0.9490 -0.1609
vn -0.3854 0.9118 -0.1414
vn -0.2730 0.2591 -0.9265
vn -0.5373 0.4850 -0.6900
vn -0.3929 0.3496 -0.8505
vn -0.2319 0.2591 -0.9376
vn -0.5422 0.3955 -0.7414
vn -0.1008 0.1992 -0.9748
vn 0.3903 -0.5775 0.7170
vn 0.3606 -0.5527 0.7513
vn 0.4643 -0.8123 0.3529
vn -0.8096 0.4832 -0.3332
vn -0.7983 0.4883 -0.3525
vn -0.8067 0.5013 -0.3128
vn -0.3152 -0.6888 -0.6528
vn 0.3420 -0.1865 -0.9210
vn -0.3748 -0.7941 -0.4785
vn -0.7020 0.4765 0.5292
vn -0.5493 0.4218 0.7213
vn -0.4624 0.3909 0.7958
vn -0.7223 0.1559 -0.6737
vn -0.6609 0.1947 -0.7248
vn -0.9644 0.2629 0.0298
vn -0.9896 -0.1432 0.0102
vn -0.9357 0.1295 0.3283
vn -0.9506 -0.1113 0.2898
vn -0.9130 -0.4010 -0.0753
vn -0.9238 -0.3196 -0.2108
vn -0.5848 -0.6442 -0.4931
vn -0.6283 -0.1970 -0.7526
vn -0.8470 -0.2268 -0.4808
vn -0.0369 -0.6226 0.7817
vn 0.1163 -0.0700 0.9907
vn 0.0481 -0.0489 0.9976
vn -0.6968 0.0089 0.7173
vn -0.5868 0.1108 0.8021
vn 0.6569 -0.4157 -0.6290
vn 0.1593 -0.1411 -0.9771
vn 0.6013 -0.3455 -0.7204
vn -0.9028 0.2653 0.3386
vn -0.9566 0.2860 0.0565
vn -0.9175 0.2610 0.3002
vn 0.8626 -0.0743 -0.5005
vn 0.7070 0.4971 -0.5030
vn 0.8069 0.4550 -0.3766
vn 0.3477 0.7526 0.5592
vn 0.3343 0.8008 0.4969
vn 0.2651 0.8295 0.4916
vn -0.5518 -0.4817 0.6808
vn 0.2402 0.2633 0.9343
vn 0.5723 0.0954 -0.8145
vn 0.6662 -0.0788 -0.7416
vn -0.0914 -0.9640 0.2497
vn -0.0838 -0.8486 0.5224
vn -0.1176 -0.9903 0.0735
vn 0.6833 -0.6821 -0.2604
vn 0.6867 -0.7167 0.1216
vn 0.6726 -0.7399 -0.0112
vn 0.3672 0.3422 -0.8649
vn 0.3303 0.5453 -0.7704
vn -0.0095 -0.4506 -0.8927
vn -0.7825 0.2067 -0.5873
vn -0.6242 0.1473 -0.7672
vn -0.5412 0.5638 -0.6238
vn -0.6157 0.6478 -0.4487
vn 0.8766 0.4579 0.1483
vn -0.9799 -0.1970 -0.0316
vn -0.9432 -0.1403 -0.3010
vn -0.9621 -0.2727 -0.0045
vn -0.2604 0.3440 -0.9021
vn -0.0678 0.2109 -0.9752
vn -0.0772 0.6832 0.7261
vn -0.0304 0.7157 0.6977
vn 0.1171 0.0282 0.9927
vn 0.3467 -0.8072 -0.4777
vn 0.1115 0.9915 0.0675
vn 0.6406 0.4301 0.6361
vn 0.7449 0.4961 0.4462
vn 0.9495 0.3102 0.0479
vn 0.9528 0.2322 0.1956
vn -0.9098 0.4132 0.0398
vn -0.8381 0.5342 0.1104
vn 0.9745 -0.1506 0.1666
vn 0.9594 -0.1259 0.2523
vn 0.9702 -0.1970 0.1411
vn 0.8177 -0.4160 0.3980
vn 0.7820 -0.2809 0.5563
vn 0.8662 -0.2781 0.4152
vn 0.6818 0.1581 0.7142
vn 0.6407 0.2627 0.7215
vn 0.0368 0.0339 0.9987
vn -0.3463 0.8306 -0.4362
vn -0.1919 0.7157 -0.6716
vn -0.1568 0.8188 -0.5523
vn -0.5382 0.5427 0.6449
vn -0.9458 -0.1255 0.2995
vn -0.9130 -0.0209 0.4074
vn 0.4067 0.2647 -0.8744
vn 0.7993 0.2714 -0.5361
vn 0.2786 -0.8594 -0.4287
vn 0.3481 -0.7925 -0.5008
vn 0.3240 -0.7666 -0.5543
vn -0.9320 0.3163 -0.1769
vn -0.9103 0.3658 -0.1935
vn -0.6256 0.2344 -0.7441
vn -0.3273 0.2015 -0.9232
vn -0.8235 -0.5591 0.0961
vn -0.7724 -0.5929 0.2278
vn -0.7923 -0.5351 0.2931
vn -0.3683 0.0069 0.9297
vn -0.8384 0.0321 0.5440
vn -0.9028 -0.0224 0.4295
vn -0.8244 0.2923 -0.4846
vn -0.8420 0.1892 -0.5053
vn -0.7917 0.3924 -0.4683
vn 0.3504 -0.3171 -0.8813
vn 0.5051 -0.7559 -0.4164
vn 0.7726 0.1794 -0.6090
vn -0.6245 0.5332 -0.5707
vn 0.9828 -0.1330 0.1284
vn 0.7123 -0.0900 0.6961
vn 0.9361 -0.2197 0.2748
vn 0.9019 -0.1785 0.3934
vn -0.8845 0.0915 -0.4576
vn -0.7250 -0.6503 -0.2269
vn -0.8264 -0.5183 -0.2201
vn 0.2482 0.1493 -0.9571
vn 0.7978 0.1567 -0.5822
vn 0.7737 0.2312 -0.5898
vn -0.8406 0.5212 -0.1476
vn -0.8324 0.5252 -0.1769
vn -0.8392 0.5277 -0.1317
vn 0.0157 0.1629 -0.9865
vn 0.9002 0.2071 -0.3830
vn 0.8369 0.3357 -0.4323
vn 0.3764 0.4845 0.7897
vn 0.7125 0.4364 0.5494
vn 0.7286 0.1359 0.6713
vn 0.8369 -0.5472 -0.0105
vn 0.9317 0.1254 0.3408
vn -0.5325 -0.5525 0.6412
vn -0.8761 -0.3808 -0.2958
vn -0.8999 -0.2895 -0.3262
vn -0.9298 0.0199 -0.3676
vn -0.1119 -0.2339 0.9658
vn -0.2683 -0.2850 0.9202
vn -0.0229 -0.1499 0.9884
vn 0.6986 0.4133 0.5841
vn -0.3789 -0.3163 0.8697
vn -0.5630 -0.1434 0.8139
vn -0.3903 -0.0218 0.9204
vn -0.2755 -0.3105 0.9098
vn -0.6031 -0.4086 0.6850
vn 0.6862 -0.7270 0.0247
vn 0.5883 -0.7790 -0.2170
vn 0.2488 -0.9198 -0.3033
vn 0.6356 -0.5245 0.5665
vn 0.0018 -0.0110 0.9999
vn -0.0123 -0.0084 0.9999
vn -0.0200 0.6205 0.7840
vn 0.0655 0.0174 0.9977
vn 0.6749 0.0317 -0.7372
vn 0.9253 -0.1240 -0.3583
vn 0.0531 0.2884 -0.9560
vn 0.9424 -0.0832 0.3241
vn 0.9490 0.0003 0.3154
vn -0.8845 0.4635 0.0526
vn -0.0004 0.0088 -1.0000
vn 0.6874 0.2970 -0.6627
vn 0.9406 0.0594 -0.3344
vn 0.8685 0.1724 -0.4648
vn 0.2970 -0.9536 0.0502
vn 0.4111 -0.9041 0.1166
vn 0.4529 -0.8241 0.3402
vn -0.4399 0.1850 0.8788
vn -0.5692 0.2384 0.7869
vn -0.4641 0.1826 0.8668
vn 0.4491 -0.1972 0.8715
vn 0.5364 0.5357 0.6522
vn 0.4520 0.5662 0.6893
vn 0.6394 0.7688 0.0119
vn 0.8338 0.5075 0.2172
vn 0.6997 0.6048 0.3802
vn 0.8190 0.5717 0.0489
vn -0.5920 -0.1477 0.7923
vn -0.4183 -0.1632 0.8935
vn -0.9159 -0.3256 0.2349
vn -0.9441 -0.2939 0.1492
vn -0.8943 -0.4474 -0.0026
vn -0.8698 -0.4624 -0.1724
vn -0.8295 -0.5097 -0.2285
vn 0.2121 0.0344 0.9766
vn -0.0346 -0.2811 0.9591
vn 0.0115 0.0267 0.9996
vn -0.8054 -0.5152 0.2932
vn -0.5975 -0.3227 -0.7340
vn -0.8523 -0.4947 -0.1698
vn -0.6837 0.0017 -0.7298
vn -0.3960 0.2745 -0.8763
vn 0.4393 -0.8712 -0.2192
vn 0.8484 -0.2220 -0.4806
vn 0.3576 -0.9067 -0.2238
vn -0.5652 -0.4469 -0.6934
vn -0.5811 -0.4527 -0.6763
vn 0.1579 -0.8696 -0.4678
vn -0.9211 0.2439 -0.3035
vn -0.9358 0.1998 -0.2904
vn -0.9329 0.1656 -0.3198
vn 0.0326 -0.0258 -0.9991
vn 0.3874 -0.2903 -0.8750
vn 0.0251 -0.0276 -0.9993
vn 0.0467 0.0055 -0.9989
vn 0.5983 -0.3665 -0.7125
vn 0.0893 0.0138 -0.9959
vn 0.2822 -0.5060 0.8150
vn 0.5589 -0.7833 0.2723
vn 0.3281 -0.6290 0.7048
vn -0.5944 0.7358 -0.3244
vn -0.5762 0.7300 -0.3676
vn 0.0092 -0.0791 -0.9968
vn 0.0472 -0.1698 -0.9843
vn 0.2906 0.5889 -0.7542
vn -0.2596 0.2180 0.9408
vn -0.1340 -0.0730 0.9883
vn -0.1632 0.0621 -0.9846
vn -0.6414 -0.4346 -0.6323
vn 0.7467 0.5805 -0.3247
vn 0.9668 -0.2030 -0.1551
vn 0.9821 -0.1548 -0.1070
vn 0.0119 0.0009 -0.9999
vn 0.0235 0.0023 -0.9997
vn 0.6902 0.2097 -0.6926
vn -0.7838 -0.3837 -0.4884
vn -0.8457 -0.4271 -0.3201
vn 0.9683 0.2392 0.0721
vn 0.9335 0.3579 -0.0235
vn -0.0019 0.0950 -0.9955
vn 0.0340 0.0288 -0.9990
vn -0.7308 -0.6572 -0.1843
vn -0.8174 -0.5323 -0.2204
vn -0.7957 -0.6046 0.0367
vn 0.7752 -0.1648 0.6098
vn 0.7276 -0.4195 0.5428
vn 0.7449 0.0720 0.6633
vn 0.7515 0.2106 0.6252
vn 0.5785 0.6536 -0.4880
vn 0.6268 0.7396 -0.2452
vn 0.4523 0.8507 -0.2679
vn -0.4706 -0.2065 -0.8579
vn 0.8749 -0.4753 -0.0931
vn 0.4389 0.4444 -0.7810
vn 0.6025 0.3095 -0.7357
vn 0.8203 -0.3493 0.4528
vn 0.9280 -0.1054 0.3573
vn -0.6963 0.5165 -0.4984
vn -0.3287 0.2489 -0.9111
vn 0.6013 0.7976 -0.0477
vn 0.5676 0.8187 -0.0872
vn 0.4865 0.5718 0.6606
vn 0.6016 -0.7745 0.1956
vn 0.9483 0.3168 -0.0195
vn 0.9460 0.2472 0.2096
vn 0.6876 -0.3508 0.6357
vn 0.9171 -0.3909 -0.0785
vn 0.6550 -0.2443 0.7151
vn -0.4100 0.9008 -0.1428
vn -0.4958 0.8415 -0.2144
vn -0.4285 0.6120 -0.6647
vn -0.3338 0.5327 -0.7777
vn 0.7321 -0.0082 0.6811
vn -0.3384 0.6229 -0.7053
vn -0.4999 0.7824 -0.3715
vn -0.3904 0.7587 -0.5216
vn 0.8146 -0.5793 0.0306
vn 0.7272 -0.5286 0.4379
vn 0.2632 -0.9042 -0.3364
vn 0.3148 -0.9280 -0.1994
vn 0.2913 -0.9564 -0.0202
vn 0.0830 0.8424 -0.5324
vn 0.0535 0.9942 -0.0935
vn -0.0347 0.8546 -0.5181
vn 0.3635 0.9194 0.1499
vn 0.4001 0.9163 -0.0176
vn 0.4270 0.9038 0.0282
vn 0.3084 0.9316 0.1925
vn -0.7194 -0.3298 -0.6113
vn -0.6285 -0.3056 -0.7153
vn -0.5128 -0.5187 0.6840
vn -0.7258 -0.5672 0.3893
vn -0.6148 -0.5657 0.5496
vn -0.3465 -0.4421 0.8273
vn -0.2158 -0.2631 0.9403
vn -0.4067 -0.2106 0.8889
vn -0.2457 -0.7116 0.6582
vn -0.7678 0.5269 0.3644
vn -0.7202 0.6267 0.2977
vn -0.8119 0.3724 0.4496
vn -0.9365 -0.2459 0.2501
vn -0.9318 -0.3614 0.0338
vn -0.9899 -0.0752 -0.1200
vn -0.9897 -0.1002 0.1027
vn -0.9779 -0.2089 -0.0099
vn -0.5103 -0.4214 0.7497
vn -0.0969 0.1198 0.9881
vn 0.6332 0.6683 -0.3904
vn 0.6760 0.6461 -0.3545
vn 0.5990 0.7410 -0.3036
vn -0.0345 -0.0243 0.9991
vn 0.6354 -0.0487 0.7706
vn 0.5470 -0.1428 0.8248
vn 0.7469 0.4508 -0.4887
vn 0.8513 0.5098 -0.1244
vn 0.8395 0.3891 -0.3794
vn 0.3512 -0.0254 -0.9360
vn 0.8388 0.4957 -0.2251
vn -0.1850 -0.9707 -0.1534
vn -0.3640 -0.8706 -0.3310
vn -0.6862 -0.7041 -0.1826
vn -0.2808 -0.3464 -0.8951
vn -0.4414 -0.0928 -0.8925
vn -0.2119 0.8963 -0.3896
vn -0.0417 0.1878 -0.9813
vn 0.3859 0.6434 -0.6611
vn 0.3881 0.5853 -0.7119
vn -0.2845 -0.3106 0.9070
vn -0.2318 -0.3320 0.9144
vn -0.1038 -0.4347 0.8946
vn 0.4881 -0.6595 0.5717
vn -0.4023 -0.9090 0.1086
vn -0.9773 0.1191 0.1750
vn -0.9995 0.0299 -0.0126
vn -0.9971 0.0243 0.0725
vn 0.7143 -0.0248 0.6994
vn 0.7750 -0.1109 0.6222
vn 0.8392 -0.1251 0.5293
vn -0.8423 -0.5164 -0.1544
vn -0.8627 -0.4750 -0.1734
vn -0.8891 -0.4577 -0.0031
vn -0.9843 -0.1370 -0.1116
vn -0.9963 -0.0834 -0.0190
vn -0.9588 -0.1508 0.2406
vn -0.3381 0.5286 -0.7786
vn -0.0424 0.4596 -0.8871
vn -0.4597 0.8199 -0.3413
vn -0.2092 -0.1196 0.9705
vn 0.0457 -0.5022 0.8635
vn 0.2094 -0.6021 0.7705
vn -0.9832 -0.1812 -0.0201
vn -0.9761 -0.2004 0.0844
vn -0.0608 0.6326 -0.7721
vn -0.9122 0.3904 -0.1243
vn -0.3629 0.3378 -0.8685
vn -0.8898 0.4255 -0.1648
vn -0.1872 -0.3624 -0.9130
vn -0.6073 -0.2571 -0.7517
vn -0.7385 -0.1779 -0.6504
vn -0.5353 0.7590 0.3706
vn -0.5898 0.8069 -0.0306
vn -0.2188 -0.7896 -0.5732
vn -0.2276 -0.7599 -0.6088
vn -0.2851 -0.7423 -0.6063
vn -0.6156 0.3346 -0.7135
vn -0.0008 -0.0087 -1.0000
vn -0.5992 0.4290 -0.6759
vn 0.7732 -0.5609 -0.2958
vn 0.7555 -0.6369 0.1534
vn 0.7042 -0.5979 -0.3829
vn 0.4341 -0.7021 -0.5644
vn 0.4144 -0.8405 0.3491
vn 0.4054 -0.7684 -0.4952
vn -0.3958 0.1702 0.9024
vn -0.5267 0.1544 0.8359
vn -0.3944 0.0944 0.9141
vn 0.5426 -0.1151 -0.8321
vn 0.9849 0.0952 -0.1445
vn 0.6168 -0.0728 -0.7837
vn 0.0058 0.0109 -0.9999
vn -0.7196 -0.1471 -0.6786
vn -0.4432 -0.2020 -0.8734
vn -0.1243 0.4290 -0.8947
vn -0.1160 0.4016 -0.9084
vn 0.3808 -0.9004 -0.2104
vn 0.5396 0.0603 0.8398
vn -0.4173 -0.7460 0.5190
vn -0.3986 -0.7689 0.5000
vn -0.1787 -0.4134 0.8928
vn -0.6533 0.2009 0.7299
vn -0.4462 0.2162 0.8684
vn 0.9746 -0.1463 -0.1695
vn 0.9789 -0.1328 -0.1552
vn 0.9841 -0.1106 -0.1390
vn 0.2881 0.8511 0.4390
vn 0.1689 0.8749 0.4539
vn 0.2596 0.8903 0.3741
vn -0.0846 -0.7632 -0.6406
vn 0.1667 -0.7898 -0.5903
vn -0.0525 -0.3652 -0.9294
vn 0.5953 0.7183 0.3600
vn 0.6975 0.7080 0.1108
vn -0.7166 0.6557 -0.2380
vn -0.6773 0.5600 0.4771
vn -0.6846 0.6391 0.3505
vn 0.7241 0.5589 0.4041
vn 0.7497 0.5213 0.4076
vn -0.9284 -0.3383 -0.1535
vn 0.2620 0.0408 -0.9642
vn 0.9815 -0.0767 0.1756
vn -0.6210 -0.4595 0.6350
vn 0.0545 -0.8663 0.4965
vn 0.9616 -0.1155 -0.2489
vn 0.9649 -0.2298 -0.1268
vn 0.8526 -0.1476 -0.5012
vn -0.9866 0.1539 -0.0549
vn -0.9848 0.1548 0.0788
vn 0.4603 -0.8332 -0.3065
vn 0.2843 -0.9354 -0.2101
vn 0.3107 -0.9227 -0.2281
vn 0.9736 0.2265 -0.0272
vn 0.9436 0.2027 0.2617
vn 0.9405 0.2593 0.2196
vn 0.2772 -0.5054 -0.8171
vn 0.3192 -0.2235 -0.9210
vn 0.5025 -0.3836 -0.7749
vn -0.1335 -0.4406 0.8877
vn -0.3355 -0.0946 0.9373
vn -0.4584 -0.1200 0.8806
vn -0.1589 -0.0199 0.9871
vn -0.4301 0.6959 -0.5751
vn -0.5240 0.1429 -0.8396
vn 0.9508 -0.2756 0.1413
vn 0.2815 -0.9596 -0.0020
vn 0.0804 -0.1632 0.9833
vn 0.7879 0.5157 -0.3366
vn 0.8152 0.5578 -0.1557
vn 0.6369 0.5014 -0.5856
vn -0.8019 -0.1191 -0.5855
vn -0.1676 -0.4108 -0.8962
vn -0.7638 0.1182 -0.6346
vn 0.6433 0.5474 0.5352
vn 0.5388 0.6295 0.5599
vn 0.3885 0.6644 0.6385
vn -0.9932 0.1030 0.0545
vn 0.0156 -0.0159 -0.9998
vn 0.5926 -0.4704 -0.6539
vn 0.2834 -0.2153 -0.9345
vn -0.4581 0.1943 -0.8674
vn -0.4049 0.2288 -0.8853
vn 0.7064 -0.6992 -0.1103
vn 0.4248 -0.4138 0.8052
vn 0.3397 -0.4062 0.8483
vn -0.7202 0.0707 -0.6901
vn -0.9838 0.1173 -0.1356
vn -0.5063 0.0710 -0.8594
vn -0.5245 -0.1900 -0.8299
vn 0.5138 -0.0169 -0.8578
vn -0.7115 -0.1741 -0.6808
vn 0.9786 0.1811 0.0977
vn 0.9624 0.1545 0.2235
vn 0.9345 0.3148 0.1660
vn -0.3724 -0.7305 -0.5724
vn -0.4241 -0.6792 -0.5991
vn -0.5021 -0.6456 -0.5755
vn 0.3367 0.1599 -0.9279
vn 0.8418 0.1238 -0.5255
vn 0.5420 0.1088 -0.8333
vn 0.9467 -0.2760 -0.1663
vn 0.9624 -0.2538 -0.0967
vn 0.9079 -0.2443 -0.3406
vn 0.8769 -0.3323 -0.3474
vn 0.3884 0.1558 -0.9082
vn 0.4884 0.6464 -0.5862
vn 0.0864 -0.1316 -0.9875
vn 0.4663 -0.4186 -0.7793
vn 0.7760 -0.5318 -0.3391
vn 0.5187 -0.8544 0.0311
vn 0.7581 -0.5983 -0.2594
vn 0.7176 -0.5816 -0.3831
vn -0.9982 0.0194 -0.0570
vn -0.9699 0.0398 -0.2402
vn -0.9310 -0.0174 -0.3647
vn -0.9414 0.2171 0.2583
vn -0.8553 0.1801 0.4858
vn -0.9510 0.1595 0.2649
vn -0.0759 0.6854 -0.7242
vn 0.8779 0.4371 0.1954
vn 0.5363 0.2605 0.8028
vn 0.5009 0.2716 0.8218
vn -0.4679 0.1826 0.8647
vn -0.4694 0.2639 0.8426
vn -0.1083 0.1454 0.9834
vn -0.8983 -0.4244 -0.1138
vn 0.6519 0.7527 -0.0925
vn 0.7486 0.6181 -0.2399
vn 0.7762 0.5666 -0.2764
vn -0.7756 0.5592 0.2929
vn -0.5105 0.4392 0.7392
vn -0.5729 0.5008 0.6489
vn -0.9834 -0.1489 -0.1034
vn -0.9885 -0.1509 0.0043
vn -0.9650 -0.2154 0.1498
vn 0.3577 0.2028 0.9116
vn -0.4023 -0.4163 0.8154
vn 0.3741 0.2873 0.8818
vn -0.7177 -0.4578 0.5248
vn -0.5596 -0.4980 0.6625
vn -0.6428 -0.2906 0.7087
vn 0.9732 0.1349 0.1863
vn 0.9769 0.1212 -0.1758
vn -0.0206 -0.7015 0.7124
vn -0.1156 -0.8662 0.4862
vn 0.1189 -0.1881 0.9749
vn 0.2157 0.9756 0.0399
vn 0.6955 0.6492 -0.3078
vn 0.4691 0.8808 -0.0650
vn 0.8427 0.2144 -0.4939
vn 0.4286 0.2480 -0.8688
vn 0.6351 0.3272 -0.6997
vn 0.0162 0.0095 -0.9998
vn 0.1424 0.0979 -0.9850
vn 0.0291 0.0951 -0.9950
vn -0.0475 0.6602 -0.7496
vn -0.0480 0.6825 -0.7293
vn 0.0388 0.1068 0.9935
vn 0.6207 -0.3103 0.7201
vn 0.0040 0.0034 1.0000
vn -0.0026 -0.0019 1.0000
vn 0.0149 0.0098 0.9998
vn -0.7811 0.1870 0.5957
vn -0.6668 -0.6671 -0.3321
vn -0.7373 -0.5888 -0.3312
vn -0.7739 -0.6289 -0.0749
vn -0.5182 -0.5541 0.6516
vn 0.2681 0.9572 0.1093
vn 0.4045 0.9119 -0.0691
vn 0.4112 -0.5383 -0.7356
vn 0.5876 -0.7943 0.1542
vn 0.6889 -0.7052 0.1676
vn -0.5107 0.2627 0.8187
vn -0.4546 0.3253 0.8292
vn 0.6224 -0.2357 0.7464
vn -0.6868 0.5846 0.4320
vn -0.4082 0.4484 0.7952
vn -0.6096 0.6166 0.4983
vn -0.7738 -0.2103 -0.5975
vn -0.5774 -0.2039 -0.7906
vn -0.6859 -0.1902 -0.7024
vn -0.0044 -0.0289 0.9996
vn 0.3657 -0.7764 0.5133
vn 0.3170 0.6776 -0.6636
vn 0.5469 0.7474 -0.3771
vn 0.5396 -0.6620 -0.5201
vn 0.7842 0.4271 0.4501
vn 0.7071 0.5373 0.4597
vn 0.3249 0.0891 -0.9415
vn -0.5019 -0.7020 -0.5053
vn -0.0791 -0.2488 -0.9653
vn 0.5386 0.4507 0.7118
vn 0.7847 0.6001 -0.1554
vn 0.6302 0.3857 0.6739
vn -0.0769 -0.6620 -0.7456
vn -0.5302 -0.7117 -0.4608
vn -0.5238 0.0544 -0.8501
vn -0.6853 0.1318 -0.7162
vn 0.0977 -0.6927 -0.7146
vn 0.6577 -0.1614 -0.7358
vn 0.5170 -0.8082 -0.2819
vn -0.0359 -0.2737 -0.9611
vn 0.1792 -0.3231 -0.9293
vn 0.9311 -0.3642 0.0220
vn 0.6325 -0.0243 0.7742
vn 0.7099 0.3670 0.6011
vn -0.4813 0.1223 0.8680
vn -0.3426 -0.1022 0.9339
vn 0.1792 0.5995 0.7801
vn -0.8602 -0.4178 -0.2923
vn -0.8293 -0.4689 -0.3039
vn 0.6154 -0.4056 0.6758
vn 0.9159 -0.3819 -0.1239
vn 0.8656 -0.4617 -0.1940
vn -0.8699 -0.4805 0.1114
vn -0.9028 -0.4014 0.1546
vn -0.9502 -0.1956 0.2425
vn 0.5423 -0.3578 0.7602
vn 0.7733 -0.6003 0.2040
vn 0.6838 -0.4989 0.5325
vn 0.8722 0.2387 -0.4270
vn 0.9707 0.2400 -0.0108
vn 0.7089 0.6926 -0.1333
vn 0.8559 -0.5148 -0.0495
vn 0.8927 -0.1719 -0.4165
vn 0.4530 -0.8837 -0.1182
vn 0.4830 -0.8726 -0.0719
vn 0.8885 -0.4113 -0.2035
vn 0.8505 -0.4815 -0.2116
vn -0.8811 -0.4193 0.2189
vn -0.8598 -0.5086 -0.0455
vn -0.8496 -0.4768 0.2255
vn -0.6287 -0.3612 0.6887
vn 0.2813 -0.7250 0.6287
vn 0.5410 -0.6161 0.5725
vn 0.8216 -0.3721 0.4319
vn 0.6489 -0.5655 -0.5090
vn -0.6059 0.6459 -0.4644
vn -0.6303 0.6460 -0.4306
vn 0.6399 -0.7596 0.1161
vn 0.6756 -0.7168 -0.1727
vn -0.6411 0.3805 0.6665
vn -0.3710 0.4459 0.8146
vn 0.6867 0.0033 -0.7269
vn -0.9513 -0.1969 0.2370
vn -0.5819 0.7805 -0.2283
vn -0.3373 0.9413 0.0168
vn -0.5020 0.8065 -0.3123
vn -0.6322 -0.6928 0.3468
vn -0.6930 -0.7150 0.0922
vn -0.6558 -0.6745 0.3392
vn -0.9606 -0.2776 -0.0114
vn -0.7123 0.4327 -0.5526
vn 0.6550 -0.4929 -0.5727
vn 0.4581 0.6018 -0.6542
vn -0.0026 0.0032 -1.0000
vn 0.4958 0.5812 -0.6453
vn -0.3241 0.1399 -0.9356
vn 0.4365 -0.0552 -0.8980
vn -0.3073 0.2645 -0.9141
vn 0.7930 -0.0071 -0.6092
vn 0.9469 -0.0787 -0.3118
vn 0.7640 -0.0754 -0.6408
vn 0.6266 -0.6165 0.4768
vn 0.1030 0.8713 0.4799
vn 0.4445 0.4273 0.7873
vn 0.1226 0.9482 0.2932
vn 0.0101 -0.0189 -0.9998
vn -0.7488 -0.5571 0.3591
vn -0.7803 -0.5027 0.3721
vn -0.5864 -0.4021 0.7032
vn 0.0228 -0.8511 -0.5245
vn -0.0410 -0.8398 -0.5413
vn -0.0613 -0.8635 -0.5007
vn 0.5716 -0.4008 0.7160
vn 0.3316 -0.9391 0.0903
vn 0.4680 -0.5814 0.6655
vn -0.0002 -0.0365 -0.9993
vn 0.3951 -0.7448 -0.5378
vn 0.2481 -0.7467 -0.6172
vn 0.9100 -0.1174 0.3977
vn 0.5482 -0.0745 0.8330
vn 0.7601 -0.0177 0.6496
vn 0.7903 0.3593 -0.4963
vn 0.3501 0.0471 -0.9355
vn -0.6111 0.4621 -0.6426
vn -0.5947 0.4785 -0.6460
vn 0.0447 0.8241 -0.5647
vn -0.4071 0.4158 0.8133
vn 0.4213 -0.3515 0.8361
vn -0.4370 0.4674 0.7685
vn 0.5099 -0.7856 0.3504
vn -0.9342 -0.1481 0.3245
vn -0.8975 -0.2537 0.3607
vn -0.8563 -0.2190 0.4677
vn -0.2845 0.7851 -0.5502
vn -0.3350 0.7810 -0.5270
vn -0.3220 0.6761 -0.6628
vn 0.5678 -0.4160 0.7103
vn 0.4336 -0.2596 0.8629
vn 0.7726 -0.5927 0.2274
vn -0.9633 0.2515 -0.0942
vn -0.9750 0.2200 -0.0302
vn -0.9226 0.2048 0.3270
vn -0.8700 -0.4813 0.1068
vn -0.8287 -0.5336 0.1688
vn -0.6566 -0.3751 -0.6544
vn -0.5444 0.3863 0.7446
vn -0.1600 0.1325 0.9782
vn 0.8870 -0.2120 -0.4103
vn 0.9212 -0.2617 -0.2879
vn 0.9577 -0.1763 -0.2274
vn -0.7670 -0.5179 0.3789
vn -0.7961 -0.5480 0.2568
vn 0.5905 -0.5416 -0.5983
vn 0.6131 -0.0740 -0.7865
vn 0.6924 -0.2939 -0.6589
vn -0.7325 -0.6319 -0.2533
vn -0.7158 -0.6308 -0.2996
vn -0.6558 -0.7203 -0.2260
vn 0.0536 -0.2863 -0.9566
vn 0.4071 -0.7769 -0.4803
vn 0.6457 -0.6536 -0.3948
vn 0.8886 0.1073 -0.4460
vn 0.5734 -0.7621 -0.3006
vn 0.6289 -0.0791 0.7735
vn 0.7712 -0.0915 0.6300
vn 0.6209 -0.0511 0.7822
vn 0.7770 -0.4472 -0.4430
vn 0.8684 -0.4958 -0.0044
vn -0.7747 0.5094 0.3746
vn -0.6047 0.4300 0.6704
vn -0.7102 0.4566 0.5359
vn 0.3664 -0.3524 0.8611
vn 0.3656 -0.7617 0.5350
vn 0.2801 -0.4178 0.8643
vn 0.6304 -0.4713 -0.6168
vn 0.5057 -0.5872 -0.6320
vn 0.7578 -0.6012 -0.2536
vn 0.8257 -0.5080 -0.2452
vn -0.8645 0.3133 -0.3930
vn -0.4360 0.8166 -0.3782
vn 0.3194 -0.0616 0.9456
vn 0.8919 -0.3793 0.2464
vn 0.5859 -0.2040 0.7843
vn -0.8336 -0.5523 0.0079
vn -0.8658 -0.5004 0.0037
vn -0.8326 -0.5436 0.1061
vn 0.5920 -0.7758 0.2183
vn 0.6807 -0.7324 0.0132
vn 0.6489 -0.6991 0.3002
vn 0.5730 -0.7438 0.3441
vn 0.5129 0.7988 0.3144
vn -0.5548 -0.0524 -0.8303
vn -0.3365 0.0535 -0.9402
vn -0.6651 -0.0636 -0.7440
vn 0.6465 0.4497 -0.6163
vn 0.0539 0.0159 -0.9984
vn 0.1033 0.0197 -0.9945
vn -0.1821 -0.1018 -0.9780
vn 0.5633 -0.3668 0.7403
vn 0.8072 -0.5879 0.0523
vn 0.8133 -0.5751 0.0882
vn 0.1420 -0.1574 -0.9773
vn 0.0996 -0.2079 -0.9731
vn 0.8948 0.4028 -0.1924
vn 0.9571 -0.2694 -0.1063
vn 0.7622 -0.4424 -0.4726
vn -0.0785 0.1552 -0.9848
vn -0.4859 0.4858 -0.7265
vn 0.6289 0.5083 -0.5883
vn 0.7701 0.6192 0.1533
vn -0.8600 0.4558 -0.2294
vn -0.7646 0.5419 -0.3489
vn -0.7907 0.5703 -0.2225
vn 0.8040 -0.5909 0.0660
vn 0.1393 -0.8662 -0.4800
vn 0.3046 -0.8885 0.3432
vn -0.7090 0.3135 -0.6317
vn -0.7252 0.2205 -0.6523
vn -0.8629 0.2892 -0.4144
vn -0.1326 0.2686 0.9541
vn 0.6715 -0.6229 0.4015
vn 0.6957 -0.5248 0.4905
vn 0.8523 -0.5229 0.0141
vn -0.8152 0.3260 0.4787
vn -0.8705 0.3287 0.3663
vn -0.9076 0.4160 0.0564
vn 0.0080 -0.0064 -0.9999
vn 0.2154 0.1265 -0.9683
vn -0.0822 0.3051 -0.9488
vn 0.3367 0.7516 -0.5672
vn 0.2928 0.8084 -0.5107
vn -0.5798 0.2037 -0.7889
vn -0.7307 0.2814 -0.6220
vn -0.8837 0.3627 0.2959
vn -0.9264 0.3753 -0.0308
vn -0.9428 0.3324 -0.0258
vn -0.9163 0.3032 0.2617
vn -0.6812 -0.6140 -0.3987
vn -0.7506 -0.5663 -0.3405
vn 0.4253 -0.7242 -0.5428
vn 0.5616 -0.6699 -0.4856
vn 0.5267 -0.6024 -0.5998
vn 0.0445 0.0131 -0.9989
vn 0.6551 -0.5721 -0.4935
vn 0.2565 -0.4251 -0.8680
vn -0.1965 -0.3630 -0.9108
vn -0.2615 0.9241 -0.2788
vn -0.1993 0.5764 -0.7925
vn -0.3924 0.8596 -0.3273
vn -0.6236 -0.7044 0.3392
vn -0.6509 -0.7529 0.0977
vn 0.7928 -0.6090 0.0249
vn 0.7320 -0.4733 -0.4900
vn 0.6598 -0.6573 -0.3641
vn 0.9772 -0.1190 0.1759
vn -0.0500 -0.7714 -0.6344
vn -0.2264 -0.9661 -0.1241
vn -0.0921 -0.8774 -0.4708
vn -0.4103 -0.7956 -0.4457
vn 0.9634 0.2295 -0.1385
vn 0.9409 0.1629 -0.2971
vn 0.6714 -0.7294 0.1313
vn 0.6906 -0.7212 -0.0539
vn 0.4539 -0.5361 -0.7118
vn 0.5000 -0.5869 0.6369
vn -0.0069 0.0048 1.0000
vn 0.2715 -0.3195 0.9079
vn 0.6115 0.3407 0.7142
vn 0.5017 0.1498 0.8520
vn -0.4978 0.4266 0.7551
vn 0.3015 -0.4954 0.8147
vn 0.2945 -0.3277 0.8977
vn 0.5287 0.8040 -0.2721
vn 0.9410 -0.3299 -0.0747
vn -0.6746 -0.2810 0.6826
vn 0.8641 0.4005 -0.3049
vn 0.8868 0.4464 -0.1195
vn 0.7475 -0.5551 -0.3649
vn 0.7772 -0.5407 -0.3218
vn 0.9348 0.1125 0.3370
vn 0.9364 0.2971 0.1869
vn 0.4704 0.5511 0.6892
vn -0.3477 0.0259 0.9372
vn -0.0851 0.3792 0.9214
vn -0.9727 -0.1654 0.1630
vn -0.9498 -0.2746 0.1502
vn -0.8920 0.2833 -0.3523
vn -0.9220 0.2699 -0.2777
vn -0.8791 0.2616 -0.3984
vn 0.0211 0.0330 -0.9992
vn 0.0249 0.0233 -0.9994
vn 0.5007 0.5422 -0.6748
vn 0.0185 0.0898 0.9958
vn -0.0043 0.0865 0.9962
vn 0.7176 -0.3596 0.5964
vn -0.6391 0.7240 0.2594
vn -0.7702 0.6377 -0.0084
vn -0.7404 0.6067 0.2894
vn 0.9230 0.1950 0.3318
vn 0.8559 0.2327 0.4619
vn 0.1221 -0.8193 -0.5603
vn 0.0249 -0.8262 -0.5629
vn 0.1145 -0.8314 -0.5438
vn -0.2462 0.5174 -0.8196
vn 0.4846 -0.1001 -0.8690
vn -0.8903 0.4551 0.0151
vn 0.4880 -0.4629 0.7400
vn 0.6234 -0.7334 0.2710
vn 0.7256 -0.6815 -0.0949
vn 0.4145 -0.7883 0.4548
vn 0.7987 -0.4207 -0.4303
vn 0.7393 -0.3978 -0.5433
vn 0.8367 -0.2286 -0.4977
vn -0.9646 -0.2556 -0.0649
vn -0.9695 -0.2064 -0.1323
vn -0.9296 -0.3403 -0.1413
vn 0.7472 0.4794 -0.4603
vn 0.6778 0.5070 -0.5325
vn 0.5684 0.6900 -0.4482
vn 0.4737 0.1527 0.8673
vn 0.5432 0.1225 0.8306
vn -0.2076 -0.0558 0.9766
vn -0.4991 -0.6646 0.5560
vn 0.0428 -0.0010 0.9991
vn -0.6369 -0.7003 -0.3223
vn -0.0415 0.0022 -0.9991
vn -0.4279 -0.3752 -0.8222
vn -0.0154 -0.2058 -0.9785
vn 0.1052 -0.5264 -0.8437
vn 0.0816 -0.5620 -0.8231
vn -0.6887 0.3347 0.6432
vn -0.5366 0.2228 0.8139
vn 0.4674 -0.5805 0.6668
vn 0.1369 -0.1467 0.9797
vn 0.0779 -0.2035 0.9760
vn -0.3319 -0.1613 0.9294
vn 0.5803 0.6483 0.4929
vn 0.6352 0.6662 0.3907
vn 0.1834 -0.0639 0.9810
vn 0.1784 0.2927 0.9394
vn 0.5589 0.1059 0.8224
vn 0.6063 -0.1187 0.7863
vn 0.9801 0.0946 -0.1747
vn 0.4432 0.5559 -0.7032
vn 0.1166 0.1123 -0.9868
vn 0.0669 0.0830 -0.9943
vn 0.2492 -0.8455 -0.4723
vn 0.2458 -0.7103 -0.6596
vn 0.1668 -0.5458 -0.8211
vn 0.8339 -0.1461 -0.5322
vn 0.8606 -0.1983 -0.4690
vn 0.8896 0.1194 -0.4409
vn -0.1602 0.2852 -0.9450
vn -0.3861 0.4592 -0.8000
vn 0.3979 -0.1632 -0.9028
vn 0.6109 -0.3719 -0.6989
vn -0.8256 -0.0901 -0.5571
vn -0.2537 -0.2482 -0.9349
vn 0.3083 -0.5218 -0.7954
vn 0.9387 0.2138 -0.2705
vn -0.7934 0.5318 0.2962
vn -0.4288 0.7618 0.4856
vn -0.4288 0.7713 0.4703
vn 0.9602 0.1922 -0.2029
vn 0.9043 0.3392 -0.2591
vn 0.8811 0.3424 -0.3263
vn 0.3403 0.2369 -0.9100
vn 0.6356 0.4415 0.6334
vn 0.7678 0.6294 -0.1198
vn 0.8794 0.3457 0.3273
vn 0.8953 0.3180 0.3120
vn 0.1696 -0.8613 -0.4790
vn -0.8109 0.5411 0.2226
vn -0.8356 0.5146 0.1924
vn -0.8404 -0.0063 -0.5420
vn -0.8610 0.2301 -0.4536
vn -0.8447 0.2882 -0.4511
vn 0.3308 0.4036 -0.8530
vn 0.4027 0.4352 -0.8052
vn 0.5861 0.3882 -0.7111
vn -0.4962 0.2848 0.8202
vn -0.3967 0.0909 0.9134
vn 0.4376 -0.2419 0.8660
vn -0.9235 -0.3008 0.2379
vn -0.8441 -0.2253 0.4865
vn -0.7853 -0.4003 0.4723
vn -0.8087 0.5273 0.2606
vn -0.8097 -0.4468 0.3806
vn 0.3020 -0.7968 0.5233
vn 0.4884 -0.8489 0.2022
vn -0.2592 -0.7429 0.6172
vn 0.2164 -0.6696 0.7105
vn 0.5182 -0.5919 0.6174
vn 0.0069 -0.0041 1.0000
vn 0.5205 -0.5967 0.6108
vn 0.8238 -0.5661 0.0281
vn 0.4105 -0.1878 0.8923
vn -0.6327 0.7556 0.1698
vn 0.0082 -0.0070 -0.9999
vn -0.6703 0.1842 -0.7188
vn -0.6933 0.7207 -0.0027
vn -0.7771 0.6115 -0.1489
vn 0.0063 -0.0080 0.9999
vn 0.2242 -0.6315 0.7422
vn -0.3474 -0.5354 0.7699
vn -0.1010 -0.9028 0.4180
vn 0.8395 0.4853 0.2444
vn 0.5408 0.8339 0.1105
vn -0.2060 0.6315 0.7475
vn 0.4317 0.8793 -0.2009
vn 0.7818 -0.5836 0.2197
vn 0.6011 -0.4877 -0.6332
vn 0.6674 -0.4271 -0.6101
vn -0.7259 0.2813 0.6277
vn -0.3837 0.8546 0.3499
vn -0.4591 0.7112 0.5323
vn -0.6648 0.1756 0.7260
vn 0.9178 -0.1853 0.3511
vn 0.8381 -0.2031 0.5063
vn 0.8857 -0.1570 0.4368
vn 0.9537 -0.2167 -0.2084
vn 0.9190 -0.3655 -0.1476
vn 0.9055 -0.3644 -0.2173
vn 0.9226 -0.2781 -0.2675
vn 0.8860 -0.4152 -0.2067
vn -0.6550 -0.6240 0.4261
vn -0.7235 -0.5059 -0.4696
vn -0.9141 -0.1320 0.3833
vn 0.2549 0.6246 0.7382
vn -0.8067 -0.5907 -0.0157
vn 0.5144 -0.8009 -0.3064
vn 0.5359 -0.7686 -0.3495
vn -0.3692 0.7900 0.4896
vn 0.2594 0.3560 0.8978
vn -0.0039 0.0032 1.0000
vn 0.6972 0.0736 -0.7131
vn 0.9756 0.2096 -0.0650
vn 0.5035 -0.1579 -0.8494
vn -0.2833 0.7995 0.5297
vn 0.0172 0.0082 0.9998
vn 0.0062 0.0049 1.0000
vn -0.1993 -0.4314 0.8799
vn 0.3365 0.7400 -0.5824
vn 0.2346 -0.9231 0.3048
vn 0.3420 -0.9371 0.0696
vn 0.4677 -0.8328 0.2963
vn 0.7711 0.3029 0.5601
vn 0.6782 0.7348 0.0135
vn 0.6644 0.7222 0.1924
vn 0.6471 0.7266 0.2310
vn 0.5157 -0.7627 0.3902
vn 0.5376 -0.8313 0.1411
vn 0.5276 -0.7407 -0.4160
vn 0.9804 0.1448 -0.1333
vn 0.9666 0.1300 -0.2209
vn -0.6450 -0.7527 0.1321
vn -0.6485 -0.7611 0.0122
vn -0.6892 -0.7246 0.0021
vn 0.6026 -0.1999 0.7726
vn -0.9544 0.2144 -0.2077
vn -0.5018 -0.2107 0.8389
vn 0.9004 -0.4209 -0.1098
vn -0.0646 0.8496 0.5235
vn -0.0899 0.9957 0.0212
vn -0.8513 -0.5236 -0.0343
vn 0.6555 0.7552 -0.0081
vn 0.6845 0.7287 -0.0239
vn 0.5838 0.7968 -0.1560
vn 0.9673 0.2236 -0.1200
vn 0.9667 -0.1856 0.1761
vn 0.6894 -0.7242 0.0150
vn -0.5388 -0.8391 0.0751
vn -0.4948 -0.8587 0.1337
vn -0.9221 -0.0717 0.3802
vn -0.9144 -0.4048 -0.0074
vn -0.0321 0.0105 -0.9994
vn 0.4131 0.4499 -0.7918
vn 0.6445 -0.0536 -0.7627
vn 0.7959 0.1054 -0.5962
vn 0.0888 -0.1743 -0.9807
vn -0.8226 -0.2929 0.4873
vn 0.3557 0.2930 0.8875
vn -0.5888 -0.4388 0.6788
vn 0.3013 0.1758 0.9372
vn -0.6368 0.2695 0.7224
vn -0.6239 0.2333 0.7458
vn -0.9282 0.3560 0.1086
vn 0.8281 -0.3507 0.4374
vn 0.6205 -0.2986 0.7251
vn 0.8140 -0.1907 0.5486
vn 0.6563 -0.4226 -0.6250
vn 0.8923 -0.3509 0.2840
vn 0.8561 -0.4403 0.2705
vn 0.8770 -0.3582 0.3202
vn 0.4755 0.8536 -0.2127
vn 0.3951 -0.1427 -0.9075
vn 0.4962 0.1463 -0.8558
vn 0.4382 0.1409 -0.8878
vn -0.4913 -0.2485 -0.8348
vn -0.6799 -0.3730 0.6314
vn -0.8018 -0.0509 0.5954
vn 0.3999 0.4548 -0.7958
vn 0.6274 0.2514 -0.7370
vn 0.2838 0.3373 -0.8976
vn -0.3788 -0.0614 -0.9234
vn -0.9629 0.2697 -0.0106
vn -0.9740 0.1945 -0.1161
vn 0.8322 -0.3041 -0.4637
vn 0.4878 -0.0982 -0.8674
vn -0.4807 -0.1913 0.8558
vn -0.4694 -0.1709 0.8663
vn 0.9769 -0.1164 -0.1794
vn 0.9583 -0.0896 -0.2715
vn 0.6146 -0.1059 0.7817
vn 0.7807 -0.0421 0.6235
vn 0.7753 -0.0483 0.6298
vn -0.1071 -0.0187 0.9941
vn 0.3925 -0.0455 0.9186
vn 0.1814 -0.4174 0.8904
vn 0.6857 0.4573 -0.5663
vn 0.8522 0.3669 -0.3730
vn 0.4964 0.1413 -0.8565
vn 0.7015 -0.3139 0.6398
vn 0.6994 -0.2399 0.6732
vn -0.2298 0.8905 -0.3927
vn -0.4274 0.8642 -0.2657
vn -0.4108 0.7840 -0.4655
vn -0.5125 0.6670 0.5407
vn -0.6105 0.7258 0.3170
vn -0.4399 0.5062 0.7418
vn 0.7874 -0.6162 0.0158
vn 0.8037 -0.5692 0.1734
vn 0.5685 -0.7587 -0.3182
vn 0.7289 -0.6663 -0.1576
vn -0.5950 0.7560 -0.2729
vn -0.9131 -0.3803 -0.1473
vn -0.9473 0.0437 -0.3172
vn -0.6235 0.6190 0.4776
vn -0.6379 0.6524 0.4092
vn -0.5657 0.5829 0.5832
vn 0.3870 -0.3540 -0.8514
vn 0.2500 -0.2830 -0.9260
vn 0.6559 -0.6695 -0.3486
vn 0.4757 -0.0563 -0.8778
vn 0.7054 -0.1097 -0.7003
vn 0.4863 0.0531 -0.8722
vn 0.9492 0.2561 -0.1830
vn 0.8638 0.2593 -0.4320
vn 0.9013 0.4171 -0.1167
vn 0.9127 0.3259 -0.2467
vn -0.1561 -0.3781 -0.9125
vn -0.5216 -0.8468 -0.1041
vn -0.5497 -0.6972 -0.4601
vn -0.9305 0.1529 0.3330
vn -0.8244 0.5635 -0.0525
vn -0.7561 0.5799 0.3034
vn -0.1314 -0.2713 0.9535
vn -0.1719 -0.2814 0.9441
vn -0.0245 -0.2040 0.9787
vn 0.3432 0.0272 -0.9389
vn 0.6707 -0.7407 0.0391
vn 0.4250 -0.5311 0.7330
vn -0.1583 -0.1238 -0.9796
vn -0.0597 -0.0308 -0.9977
vn -0.3070 0.0105 -0.9517
vn 0.0003 0.0058 1.0000
vn -0.4047 0.3054 -0.8620
vn -0.1492 0.1188 -0.9816
vn -0.6823 -0.5055 -0.5282
vn -0.4570 0.2304 -0.8591
vn 0.4692 -0.1082 -0.8764
vn 0.5813 -0.1465 -0.8004
vn 0.6929 0.1834 0.6973
vn -0.6429 0.4508 0.6192
vn -0.6552 0.4412 0.6133
vn 0.0105 0.8071 0.5903
vn 0.3871 -0.3891 -0.8359
vn 0.2920 -0.3534 -0.8887
vn 0.0306 -0.0366 -0.9989
vn -0.5943 -0.6252 0.5059
vn -0.6750 -0.7378 -0.0019
vn 0.6389 0.2592 0.7244
vn 0.3480 -0.9054 0.2433
vn 0.3393 -0.9002 0.2731
vn 0.3682 -0.8631 0.3457
vn 0.9050 -0.2558 0.3398
vn 0.9158 -0.2269 0.3314
vn 0.9328 -0.1580 0.3240
vn 0.9047 0.3879 0.1761
vn 0.9414 0.3236 0.0948
vn 0.2670 0.9613 -0.0683
vn 0.5831 0.8113 -0.0436
vn -0.0487 -0.8288 0.5574
vn -0.0337 -0.9563 0.2904
vn 0.4145 -0.6696 0.6163
vn 0.9450 -0.0387 0.3248
vn -0.9550 -0.2938 0.0400
vn -0.9372 -0.3394 -0.0799
vn -0.6698 -0.2201 -0.7092
vn -0.6384 -0.7593 -0.1264
vn -0.6199 -0.6600 -0.4243
vn -0.6016 -0.6883 -0.4054
vn -0.6372 -0.7629 -0.1089
vn -0.8129 -0.1302 -0.5676
vn -0.3685 -0.0021 -0.9296
vn 0.1557 0.0438 -0.9868
vn -0.9408 -0.3375 0.0313
vn -0.7608 -0.2649 0.5924
vn -0.6791 -0.1524 0.7180
vn -0.3150 -0.7174 0.6213
vn -0.1736 -0.6205 0.7648
vn 0.0741 -0.2497 0.9655
vn 0.8630 -0.4136 -0.2902
vn 0.4105 -0.2560 -0.8752
vn 0.2915 -0.0315 -0.9560
vn -0.6716 0.7297 -0.1283
vn -0.6811 0.7309 -0.0439
vn -0.6729 -0.3126 -0.6705
vn -0.5076 -0.2601 -0.8214
vn 0.4192 0.5179 0.7457
vn 0.0597 0.0814 0.9949
vn 0.8968 0.4413 0.0300
vn 0.3060 0.0900 0.9478
vn 0.2405 0.0587 0.9689
vn 0.8514 0.5243 -0.0129
vn -0.4546 0.7520 -0.4773
vn -0.5180 0.7516 -0.4084
vn -0.5626 0.6911 -0.4537
vn 0.0099 -0.0111 -0.9999
vn 0.5313 -0.4806 -0.6977
vn 0.3383 0.4626 0.8195
vn -0.1892 0.7058 0.6827
vn -0.0573 0.2726 0.9604
vn 0.7168 0.6946 -0.0608
vn 0.7426 0.6476 0.1708
vn 0.6959 0.7178 -0.0226
vn 0.9211 0.2543 0.2947
vn 0.0485 0.4603 0.8864
vn 0.6420 0.2629 0.7202
vn -0.8516 -0.5011 0.1540
vn -0.8899 -0.4430 -0.1085
vn 0.8448 -0.0871 -0.5279
vn 0.7380 -0.0854 -0.6694
vn -0.1544 0.0187 0.9878
vn 0.3723 -0.1335 0.9185
vn -0.1585 -0.4009 0.9023
vn -0.0035 -0.7999 0.6001
vn -0.9243 -0.1280 -0.3595
vn 0.3083 -0.8676 -0.3902
vn -0.9639 -0.2550 -0.0764
vn -0.9325 0.3579 0.0488
vn -0.8025 0.1542 -0.5764
vn -0.6243 -0.4554 0.6347
vn -0.2076 -0.2551 0.9444
vn -0.6784 -0.4491 0.5815
vn 0.7914 -0.6113 0.0053
vn -0.3490 -0.4003 -0.8473
vn 0.2041 0.0367 -0.9783
vn -0.8502 -0.4623 0.2518
vn 0.8511 0.5247 0.0195
vn 0.8353 0.5398 -0.1044
vn -0.7941 0.4618 -0.3952
vn -0.9026 -0.2197 0.3703
vn -0.6240 -0.3179 0.7139
vn -0.8972 -0.4341 0.0808
vn 0.1230 -0.0159 0.9923
vn -0.9233 0.3841 -0.0047
vn -0.6586 0.4141 0.6284
vn -0.8778 0.4733 -0.0737
vn -0.7235 0.4988 0.4773
vn -0.7973 0.5045 0.3312
vn -0.7970 -0.1721 -0.5789
vn -0.4997 0.3588 -0.7884
vn 0.0254 -0.0129 -0.9996
vn -0.3122 0.3914 -0.8657
vn 0.4686 -0.7743 -0.4253
vn 0.4677 0.3712 -0.8021
vn -0.9605 0.2526 0.1168
vn -0.7798 0.2146 0.5881
vn -0.9833 0.1810 0.0196
vn 0.2667 -0.4819 -0.8346
vn 0.5522 -0.3738 -0.7452
vn 0.3053 -0.0575 -0.9505
vn 0.8032 -0.5872 0.1009
vn 0.7727 -0.6329 0.0488
vn 0.7168 0.6870 -0.1192
vn 0.7794 0.6043 -0.1655
vn 0.7187 0.6857 -0.1156
vn 0.7037 0.6876 -0.1787
vn -0.9414 0.2774 0.1918
vn -0.4560 0.1526 0.8768
vn -0.9984 0.0559 -0.0026
vn -0.9994 -0.0309 0.0165
vn -0.9819 -0.0664 0.1772
vn -0.9868 0.0117 -0.1614
vn -0.5798 -0.3599 -0.7310
vn -0.0622 -0.8020 -0.5941
vn -0.9503 0.3112 -0.0005
vn 0.8738 0.1224 -0.4706
vn -0.7051 -0.0515 0.7072
vn -0.9959 -0.0738 -0.0518
vn 0.8617 -0.2898 0.4165
vn 0.9437 -0.3104 0.1141
vn 0.9033 -0.4041 0.1439
vn 0.5371 -0.3727 -0.7567
vn -0.1559 -0.3401 -0.9274
vn 0.0406 0.1365 -0.9898
vn -0.9244 -0.3771 -0.0568
vn -0.9176 -0.3974 -0.0087
vn -0.9096 -0.3851 0.1558
vn 0.7707 -0.4589 0.4421
vn 0.8635 -0.4999 0.0674
vn 0.6927 0.7192 -0.0548
vn 0.7079 0.6977 -0.1104
vn 0.6635 0.7465 -0.0503
vn -0.1235 -0.2015 -0.9717
vn -0.0505 0.1207 -0.9914
vn -0.2678 0.0244 -0.9632
vn 0.0030 -0.0147 -0.9999
vn -0.0098 -0.0053 -0.9999
vn 0.0128 0.5413 -0.8407
vn 0.1478 0.5256 -0.8378
vn 0.0619 0.5171 -0.8537
vn -0.7977 0.1638 0.5804
vn -0.7935 0.1283 0.5949
vn -0.9711 0.1948 0.1377
vn -0.7535 -0.6569 0.0273
vn -0.9270 -0.3441 0.1495
vn -0.7175 -0.6692 0.1935
vn -0.7538 -0.6304 0.1854
vn 0.8650 0.4142 -0.2831
vn 0.8846 0.4173 -0.2081
vn 0.8503 0.4017 -0.3400
vn 0.3448 0.7262 0.5948
vn 0.4576 0.4731 0.7528
vn 0.5008 0.5856 0.6374
vn 0.8587 0.3681 -0.3565
vn 0.9048 0.3955 -0.1579
vn -0.8603 -0.3293 -0.3891
vn -0.6070 0.2870 0.7411
vn -0.9198 0.3896 0.0475
vn -0.6414 0.2956 0.7079
vn -0.8272 0.0138 -0.5617
vn -0.4949 0.0608 -0.8668
vn -0.7851 0.3454 -0.5142
vn -0.5864 -0.6949 -0.4162
vn -0.9205 -0.3888 -0.0389
vn -0.8886 -0.3701 -0.2709
vn -0.8786 0.4728 0.0671
vn -0.3851 0.0695 -0.9202
vn -0.2083 0.4544 -0.8661
vn -0.2409 0.5114 -0.8249
vn -0.8552 -0.3097 -0.4157
vn 0.8438 0.1746 0.5075
vn 0.7303 0.0638 0.6801
vn 0.6831 0.3903 0.6173
vn -0.0709 -0.9514 -0.2996
vn 0.1402 -0.1567 -0.9776
vn 0.1865 -0.8138 -0.5505
vn -0.0358 -0.1330 -0.9905
vn -0.5571 -0.1114 -0.8229
vn -0.6816 -0.2571 -0.6851
vn 0.7695 0.6231 0.1401
vn 0.7814 0.6150 0.1055
vn -0.6540 0.6399 -0.4035
vn -0.4128 -0.3189 -0.8532
vn -0.7243 -0.3190 -0.6112
vn -0.8262 -0.1459 0.5441
vn -0.8268 0.0880 0.5556
vn -0.7937 -0.0784 0.6032
vn 0.4325 0.2333 -0.8709
vn 0.8297 0.4108 -0.3780
vn -0.5809 -0.2578 -0.7721
vn -0.7969 0.5174 -0.3119
vn 0.5133 -0.2950 0.8059
vn 0.6177 -0.6757 -0.4025
vn 0.1629 -0.1949 -0.9672
vn 0.8823 -0.4697 0.0302
vn 0.8822 -0.4681 -0.0516
vn -0.8329 0.5090 0.2172
vn -0.8355 0.5223 0.1709
vn 0.7839 -0.6203 0.0275
vn -0.9423 -0.1517 -0.2984
vn -0.9741 -0.1112 -0.1969
vn -0.1375 -0.8537 -0.5022
vn -0.0818 -0.9665 -0.2431
vn 0.9571 -0.2723 -0.0989
vn 0.8970 -0.2795 0.3425
vn 0.9047 -0.2911 0.3111
vn 0.2612 0.6010 0.7554
vn -0.0162 -0.0077 0.9998
vn 0.8837 0.4665 0.0389
vn 0.8705 0.4845 -0.0869
vn 0.6551 0.4271 0.6232
vn -0.9484 0.2351 -0.2130
vn -0.1395 -0.0159 -0.9901
vn -0.9868 -0.1455 0.0713
vn -0.6762 -0.1202 -0.7269
vn 0.8012 -0.4224 0.4239
vn 0.7708 -0.4225 0.4768
vn 0.4236 -0.3356 -0.8414
vn 0.3671 -0.2597 -0.8932
vn -0.8587 0.2417 0.4520
vn -0.7923 0.2246 0.5673
vn 0.1537 -0.1006 0.9830
vn 0.3690 0.0923 0.9248
vn 0.8406 0.4920 0.2264
vn -0.3419 0.8645 0.3684
vn 0.4533 0.1412 0.8801
vn 0.5301 0.4563 0.7147
vn 0.7149 -0.6341 -0.2946
vn 0.6850 -0.6643 -0.2992
vn 0.6950 -0.6744 -0.2495
vn 0.5063 -0.3683 0.7797
vn -0.0151 -0.0023 0.9999
vn -0.2340 0.0978 0.9673
vn -0.2078 0.1978 0.9580
vn -0.5011 -0.5577 0.6618
vn 0.5323 0.7793 0.3307
vn 0.5318 0.7879 0.3105
vn 0.9695 -0.2304 -0.0835
vn 0.6002 -0.2170 0.7698
vn 0.5641 -0.0511 0.8241
vn -0.9556 0.2933 0.0291
vn -0.9696 0.1931 0.1503
vn 0.1857 0.0898 -0.9785
vn 0.5930 0.8046 -0.0302
vn 0.3793 0.9217 0.0810
vn -0.2014 0.9795 0.0018
vn -0.8851 -0.4652 -0.0115
vn -0.8712 -0.4525 0.1906
vn 0.9303 -0.2555 0.2631
vn 0.9338 -0.3559 0.0356
vn -0.1416 0.7084 -0.6915
vn -0.2238 0.3088 -0.9244
vn 0.0053 -0.0057 1.0000
vn 0.0029 -0.0005 1.0000
vn 0.0070 0.0010 1.0000
vn -0.1152 -0.1160 -0.9865
vn 0.2070 -0.0914 -0.9741
vn -0.0537 -0.1284 -0.9903
vn -0.8051 -0.5054 -0.3105
vn -0.7898 -0.5430 -0.2854
vn 0.8309 0.0357 -0.5553
vn 0.8365 0.4115 -0.3618
vn 0.7509 0.3611 -0.5530
vn 0.0964 0.4334 -0.8960
vn 0.2702 0.7858 -0.5564
vn 0.1067 0.7649 -0.6352
vn -0.3164 -0.2502 -0.9150
vn 0.3458 -0.0298 -0.9378
vn 0.2908 0.1853 -0.9387
vn 0.4469 0.8851 0.1302
vn 0.3609 0.4660 -0.8078
vn 0.4351 0.6347 -0.6387
vn 0.7018 0.7058 -0.0962
vn 0.4243 0.1230 -0.8971
vn 0.8271 0.3531 -0.4373
vn 0.7203 0.3430 -0.6029
vn -0.6279 -0.3321 0.7039
vn 0.2158 -0.0795 0.9732
vn 0.4450 0.4966 -0.7452
vn 0.6289 0.6443 -0.4351
vn 0.9164 -0.0503 -0.3972
vn 0.5213 0.0649 -0.8509
vn 0.9072 -0.0409 -0.4187
vn 0.8975 0.3388 -0.2823
vn 0.9458 0.3034 0.1162
vn 0.2345 -0.6011 0.7640
vn -0.0429 -0.9201 0.3894
vn 0.4702 -0.2454 0.8477
vn 0.7552 -0.4422 0.4838
vn 0.6768 -0.4458 0.5859
vn 0.1033 -0.0129 0.9946
vn -0.7112 -0.4669 -0.5256
vn -0.5563 -0.3677 -0.7452
vn -0.5539 -0.4402 -0.7067
vn 0.6034 -0.7947 0.0655
vn 0.9171 -0.1192 -0.3804
vn 0.9722 -0.0575 -0.2271
vn 0.9262 -0.0594 -0.3724
vn 0.7736 -0.4538 0.4423
vn 0.8693 -0.4916 0.0525
vn -0.1320 0.0095 0.9912
vn -0.5815 -0.1930 0.7903
vn -0.2932 -0.5264 0.7981
vn 0.5221 -0.0039 0.8529
vn -0.3963 0.7927 -0.4632
vn -0.5222 -0.2052 0.8278
vn -0.2486 -0.1546 0.9562
vn -0.0093 -0.1542 0.9880
vn -0.3258 0.6945 0.6416
vn -0.0946 0.7290 0.6779
vn -0.2185 0.4900 0.8439
vn -0.0411 -0.0138 0.9991
vn -0.0263 0.4330 -0.9010
vn -0.0627 0.2015 -0.9775
vn 0.7669 0.0842 -0.6362
vn 0.5335 -0.7899 -0.3024
vn 0.8993 0.0825 -0.4295
vn 0.5914 -0.8062 -0.0138
vn -0.5344 0.3958 -0.7468
vn 0.4540 -0.0031 0.8910
vn 0.5454 -0.2072 0.8122
vn 0.6908 0.1662 0.7037
vn 0.5020 -0.3617 0.7856
vn 0.5925 -0.4879 0.6410
vn 0.6943 -0.3248 0.6422
vn 0.9275 0.1850 -0.3249
vn 0.9181 -0.3741 -0.1309
vn 0.8625 -0.3186 0.3932
vn 0.8463 -0.4390 0.3017
vn -0.0110 -0.9402 0.3404
vn -0.1008 -0.9692 -0.2248
vn -0.1333 -0.9483 0.2879
vn 0.4398 -0.8435 0.3083
vn 0.6650 -0.6058 0.4367
vn 0.5523 -0.6936 0.4625
vn 0.4744 -0.7770 0.4138
vn 0.9139 -0.3445 0.2148
vn 0.9336 -0.3569 -0.0307
vn 0.8792 0.4762 0.0141
vn 0.8783 0.4671 -0.1023
vn 0.9365 0.3079 0.1676
vn 0.9006 0.3063 0.3083
vn -0.9950 0.0121 0.0993
vn -0.9982 -0.0045 -0.0604
vn -0.0291 0.0476 0.9984
vn 0.6565 0.0981 0.7479
vn 0.8780 0.3659 -0.3086
vn 0.8858 0.3689 -0.2814
vn 0.8908 0.4055 -0.2052
vn 0.8740 0.3746 -0.3095
vn 0.7276 0.0191 0.6857
vn -0.8225 0.4963 0.2777
vn 0.7587 0.6096 -0.2295
vn 0.6384 0.7374 -0.2208
vn 0.3846 0.2629 -0.8848
vn -0.4883 0.8723 -0.0248
vn 0.4212 -0.9011 -0.1030
vn 0.3325 -0.9413 0.0588
vn 0.7457 0.6243 -0.2328
vn 0.3954 0.3571 -0.8463
vn 0.6363 0.5046 -0.5835
vn 0.1127 -0.1028 0.9883
vn 0.1652 -0.0139 0.9862
vn 0.9144 0.0257 -0.4040
vn 0.9374 0.0565 -0.3436
vn 0.9025 0.3502 0.2508
vn 0.5376 0.1945 0.8204
vn 0.8932 0.3998 0.2060
vn 0.4288 0.8753 0.2237
vn 0.2303 0.9596 0.1618
vn 0.0478 0.9774 0.2060
vn 0.0928 0.9931 0.0719
vn 0.7708 -0.3898 -0.5040
vn 0.7915 -0.4264 -0.4378
vn 0.4981 0.2225 0.8381
vn -0.8020 0.5974 -0.0001
vn 0.6670 0.7301 0.1486
vn 0.9430 -0.0760 -0.3239
vn 0.9331 -0.0209 -0.3589
vn 0.9440 -0.0994 -0.3146
vn 0.6415 -0.7062 0.2996
vn 0.7443 -0.6296 -0.2228
vn 0.0445 -0.5092 -0.8595
vn 0.3953 -0.4375 -0.8077
vn 0.8609 -0.4782 0.1735
vn 0.8792 -0.4758 0.0261
vn 0.3005 0.1447 -0.9427
vn 0.7921 0.6050 0.0812
vn 0.3656 0.2377 -0.8999
vn -0.5349 0.5205 0.6656
vn -0.4240 0.3845 0.8200
vn -0.0090 0.8229 0.5681
vn -0.5817 0.4392 -0.6846
vn -0.5958 0.2008 -0.7777
vn 0.7120 0.3983 0.5783
vn 0.7587 -0.3319 0.5605
vn -0.0931 -0.0453 0.9946
vn -0.7360 -0.1856 0.6511
vn 0.8068 0.5776 0.1246
vn 0.8169 0.4992 -0.2890
vn 0.7958 0.5510 -0.2513
vn 0.4439 -0.5324 0.7208
vn -0.6327 0.1099 -0.7665
vn -0.1279 0.0272 -0.9914
vn -0.9181 0.0490 -0.3934
vn -0.4238 -0.2839 0.8601
vn 0.5421 0.4171 0.7295
vn -0.5175 0.0593 -0.8536
vn -0.6135 0.0097 -0.7896
vn -0.9607 0.2759 -0.0311
vn -0.8305 -0.3370 0.4435
vn -0.9237 -0.1939 0.3303
vn -0.8416 -0.2302 0.4886
vn 0.3027 0.1085 0.9469
vn 0.5563 0.0108 0.8309
vn 0.2267 -0.2264 0.9473
vn -0.7190 -0.5668 -0.4022
vn -0.7370 -0.6144 -0.2818
vn 0.3875 -0.3905 0.8351
vn 0.6786 -0.7295 -0.0857
vn 0.6929 -0.7196 -0.0452
vn 0.4567 0.4257 0.7811
vn 0.7614 0.6371 0.1202
vn 0.4444 0.4784 0.7574
vn 0.4083 0.0647 -0.9105
vn 0.5129 0.1467 -0.8458
vn 0.8375 0.2615 -0.4798
vn 0.8046 -0.5907 0.0612
vn 0.5104 0.0446 -0.8588
vn 0.7791 0.0846 -0.6212
vn 0.1895 0.9754 -0.1126
vn 0.2948 0.9427 -0.1562
vn 0.8042 0.3387 -0.4884
vn 0.4123 0.3547 -0.8391
vn 0.6198 0.7719 -0.1416
vn 0.3329 0.7543 -0.5658
vn -0.0056 0.0144 -0.9999
vn -0.7313 0.6787 -0.0685
vn 0.6323 -0.6237 -0.4596
vn 0.1482 -0.2784 -0.9490
vn 0.5554 -0.6730 -0.4884
vn -0.6818 -0.2920 0.6707
vn -0.7321 -0.0698 0.6777
vn -0.1828 0.3190 0.9300
vn -0.6153 -0.7704 0.1669
vn -0.6240 -0.7810 0.0267
vn -0.6256 -0.7677 0.1389
vn -0.1491 0.0633 0.9868
vn 0.7388 0.5732 -0.3545
vn 0.7718 0.6318 -0.0717
vn 0.6039 0.7252 -0.3307
vn -0.0925 0.2103 -0.9733
vn 0.8704 0.2026 -0.4488
vn -0.3613 -0.2829 0.8885
vn 0.7756 -0.5048 -0.3789
vn 0.7017 -0.3057 -0.6435
vn 0.1869 0.2343 -0.9540
vn 0.1227 0.1782 -0.9763
vn -0.6842 -0.6586 0.3132
vn -0.6358 -0.7683 0.0748
vn -0.6391 -0.6953 0.3289
vn 0.8189 0.1589 -0.5515
vn 0.7303 0.2646 -0.6298
vn 0.4552 -0.8898 -0.0336
vn -0.2319 0.1318 0.9638
vn 0.3981 -0.2486 0.8830
vn 0.7927 -0.5973 0.1218
vn 0.8770 -0.1439 -0.4585
vn 0.6328 0.2066 0.7462
vn -0.7672 -0.6325 0.1067
vn 0.8022 -0.4433 0.4000
vn 0.8885 -0.3109 0.3376
vn 0.8722 -0.3502 0.3415
vn 0.3051 0.6750 0.6718
vn 0.3680 0.8998 0.2344
vn -0.2538 0.2291 0.9397
vn 0.5271 0.2008 0.8257
vn -0.6170 -0.4666 -0.6337
vn 0.0662 0.4197 0.9052
vn 0.5593 -0.0856 0.8246
vn -0.7150 0.3044 0.6293
vn -0.7943 0.3860 0.4691
vn -0.8359 0.3598 0.4145
vn -0.8394 0.2385 -0.4884
vn -0.4887 -0.3176 -0.8126
vn -0.6439 0.2772 -0.7131
vn -0.4039 0.3092 -0.8610
vn -0.8471 0.4944 -0.1947
vn 0.5038 -0.2750 -0.8189
vn 0.6318 -0.7084 0.3145
vn 0.6047 -0.7268 0.3257
vn 0.9116 0.4048 0.0713
vn 0.9408 0.3378 0.0285
vn 0.9189 0.3912 -0.0510
vn 0.4321 -0.2232 -0.8738
vn 0.1028 0.3982 -0.9115
vn 0.6306 -0.2894 -0.7201
vn 0.8017 -0.1339 -0.5825
vn 0.9163 -0.1048 -0.3866
vn 0.5381 -0.0728 -0.8397
vn -0.1778 0.4262 -0.8870
vn -0.0938 0.7441 -0.6615
vn -0.0409 0.6052 -0.7950
vn -0.1226 0.7397 -0.6617
vn 0.7511 -0.2211 -0.6221
vn 0.6369 -0.1738 -0.7511
vn 0.6613 -0.4027 -0.6329
vn 0.3998 -0.1263 -0.9079
vn 0.6166 -0.3879 -0.6851
vn -0.3782 0.0398 0.9249
vn -0.5706 -0.5695 0.5917
vn -0.3862 -0.5369 0.7501
vn 0.7963 -0.6042 0.0299
vn 0.6335 0.7658 0.1107
vn 0.6290 0.7661 0.1322
vn -0.5869 0.5373 0.6056
vn -0.7773 0.5729 0.2599
vn -0.5580 0.1757 0.8110
vn -0.6220 -0.6061 -0.4957
vn -0.6104 -0.6237 -0.4882
vn 0.6951 0.6906 0.1996
vn -0.1740 -0.3301 0.9278
vn 0.2195 -0.0825 0.9721
vn -0.1772 -0.1143 0.9775
vn 0.1536 0.4906 0.8577
vn 0.2088 0.6447 0.7354
vn 0.2307 0.7347 0.6380
vn -0.7994 0.5524 0.2361
vn 0.8339 -0.3420 -0.4332
vn 0.8966 0.0520 -0.4398
vn 0.0546 0.0552 0.9970
vn 0.2288 0.2654 -0.9366
vn -0.6904 -0.6245 0.3653
vn -0.5122 -0.2227 0.8295
vn -0.4361 -0.1662 0.8844
vn -0.6861 -0.3235 0.6516
vn 0.1054 0.6871 0.7189
vn -0.7691 -0.6335 0.0839
vn 0.7764 -0.0696 0.6264
vn 0.6301 0.1069 0.7691
vn 0.8450 0.5250 0.1016
vn 0.8092 0.5082 -0.2948
vn 0.6303 0.2735 0.7266
vn -0.6606 0.3555 -0.6613
vn -0.5104 0.2038 -0.8354
vn 0.7423 -0.5732 -0.3469
vn 0.7524 -0.5817 -0.3091
vn -0.9669 0.0789 -0.2426
vn -0.9861 0.1081 0.1264
vn -0.7709 -0.6369 -0.0020
vn -0.1994 0.3664 0.9089
vn -0.3734 0.4721 0.7985
vn -0.4434 -0.2630 0.8569
vn 0.4622 0.5340 0.7080
vn -0.8746 0.1887 -0.4466
vn -0.9029 0.2166 -0.3712
vn -0.7501 0.2001 -0.6303
vn 0.5398 0.7474 0.3873
vn 0.5319 0.7499 0.3934
vn -0.5183 0.3742 -0.7690
vn 0.8031 0.3104 0.5086
vn 0.7610 0.2086 0.6143
vn 0.7956 0.4884 0.3584
vn -0.5156 0.3275 -0.7918
vn 0.4766 0.3371 0.8119
vn 0.1643 0.0059 0.9864
vn 0.0238 -0.0339 0.9991
vn -0.5861 0.3939 -0.7081
vn -0.5980 -0.8014 0.0127
vn -0.6189 -0.7852 0.0190
vn -0.6145 -0.7726 -0.1600
vn -0.1935 0.2265 -0.9546
vn -0.7716 0.0716 0.6320
vn -0.3339 0.0941 0.9379
vn -0.4877 0.1003 0.8672
vn 0.0372 -0.8696 -0.4923
vn -0.6167 -0.3292 -0.7151
vn -0.5631 -0.3519 -0.7477
vn -0.5773 -0.4341 -0.6916
vn 0.1592 -0.1083 -0.9813
vn 0.6748 0.1063 0.7303
vn 0.4971 0.1315 0.8577
vn 0.9226 0.1407 0.3593
vn -0.7499 -0.4706 0.4649
vn -0.6869 -0.4372 0.5805
vn -0.9596 -0.1758 -0.2197
vn -0.8453 -0.0525 -0.5317
vn 0.4607 -0.3300 -0.8239
vn -0.3903 -0.9019 0.1848
vn -0.3640 -0.9308 0.0335
vn -0.7083 0.4381 0.5535
vn -0.6032 0.6180 0.5042
vn 0.1625 0.0648 -0.9846
vn -0.5324 0.7073 -0.4650
vn -0.8332 0.5064 0.2221
vn -0.6354 0.7284 0.2563
vn -0.8191 0.1585 0.5514
vn 0.4784 0.3566 0.8025
vn -0.6849 0.3902 -0.6154
vn -0.6573 -0.5941 0.4637
vn 0.6670 -0.6902 -0.2808
vn 0.1998 -0.6554 0.7284
vn 0.9153 -0.1605 -0.3695
vn -0.5890 -0.5035 -0.6321
vn 0.1663 0.1237 -0.9783
vn 0.1827 -0.0335 -0.9826
vn 0.4443 -0.0666 -0.8934
vn 0.3846 0.1906 -0.9032
vn 0.5004 0.2204 0.8373
vn 0.5455 0.1043 -0.8316
vn 0.6853 0.4638 -0.5615
vn 0.8352 0.5019 0.2247
vn -0.8818 0.3753 0.2858
vn -0.8325 -0.5439 -0.1055
vn -0.6696 -0.4399 -0.5984
vn -0.8255 -0.5627 0.0433
vn 0.8908 -0.1468 -0.4300
vn 0.9852 -0.1492 -0.0846
vn 0.9492 -0.0018 -0.3147
vn 0.2256 0.9502 -0.2152
vn -0.2212 -0.5164 -0.8273
vn 0.5970 0.8008 -0.0471
vn 0.4926 0.7745 -0.3968
vn 0.5709 0.8207 -0.0213
vn -0.2364 0.0428 0.9707
vn 0.3583 -0.6100 0.7068
vn -0.6693 0.7175 0.1929
vn -0.6817 0.6726 0.2881
vn 0.4452 -0.7831 -0.4343
vn 0.7763 -0.5303 -0.3408
vn 0.8296 -0.5243 -0.1922
vn 0.2814 -0.3394 -0.8976
vn -0.6337 0.6625 0.3994
vn 0.4612 -0.7900 -0.4039
vn 0.9288 -0.2250 0.2946
vn 0.8885 0.2588 -0.3790
vn 0.9655 0.2287 -0.1248
vn 0.9429 0.3297 -0.0476
vn -0.1022 0.5358 -0.8382
vn 0.0769 0.5952 -0.7999
vn 0.7111 0.2845 0.6429
vn 0.8379 0.5309 -0.1269
vn 0.8877 0.4601 -0.0144
vn 0.7609 0.5275 0.3778
vn -0.6861 -0.3501 -0.6377
vn -0.4461 -0.2140 -0.8690
vn 0.4820 0.6452 0.5927
vn 0.8991 0.1387 -0.4152
vn 0.8693 0.2594 -0.4207
vn 0.5987 0.7687 0.2251
vn 0.7177 0.6736 0.1766
vn 0.3437 0.9230 -0.1733
vn 0.4611 0.8667 -0.1905
vn 0.8427 0.5381 -0.0150
vn -0.1575 0.2304 0.9603
vn -0.3295 0.8756 0.3532
vn -0.4811 0.7506 0.4529
vn -0.2240 0.9197 0.3225
vn -0.0941 -0.1861 -0.9780
vn 0.6465 0.2362 -0.7254
vn 0.4415 0.2664 -0.8568
vn 0.8699 -0.0863 0.4856
vn 0.8819 -0.1400 0.4501
vn 0.7202 0.4953 -0.4858
vn 0.6366 0.7065 -0.3094
vn 0.6282 0.4904 -0.6041
vn 0.4312 0.7299 -0.5304
vn -0.4582 -0.2782 0.8442
vn -0.1693 -0.7272 0.6652
vn -0.9826 -0.1545 -0.1029
vn -0.6587 0.6405 0.3949
vn 0.2788 0.0041 -0.9603
vn 0.5577 -0.6459 0.5214
vn 0.8720 -0.4895 0.0096
vn 0.8378 -0.5027 0.2129
vn -0.4308 -0.8574 0.2814
vn 0.9308 -0.1155 0.3468
vn -0.1040 0.0352 0.9940
vn -0.5409 0.0932 0.8359
vn -0.7016 0.0626 0.7098
vn -0.5307 -0.3351 -0.7785
vn 0.3148 0.0472 -0.9480
vn -0.8347 0.3988 -0.3799
vn -0.7730 -0.6214 0.1279
vn -0.7638 -0.6333 0.1250
vn 0.6649 -0.5753 -0.4764
vn 0.2963 0.9535 0.0549
vn 0.3079 0.9498 0.0558
vn 0.2985 0.9471 -0.1177
vn 0.2580 0.9085 -0.3287
vn -0.7867 0.5374 -0.3039
vn -0.6084 0.4538 -0.6511
vn -0.7675 0.5172 -0.3788
vn -0.5857 0.8084 0.0585
vn -0.6278 0.7742 0.0807
vn -0.8433 -0.1292 0.5217
vn -0.8605 0.0334 0.5084
vn -0.6537 -0.4786 -0.5861
vn -0.3782 -0.3656 -0.8505
vn 0.2400 0.2759 0.9307
vn 0.0206 -0.6230 0.7820
vn 0.2468 0.1168 0.9620
vn 0.8316 0.4252 -0.3572
vn 0.8724 0.4481 -0.1954
vn 0.7724 0.4457 -0.4524
vn 0.0483 -0.0500 0.9976
vn 0.0041 -0.1213 0.9926
vn 0.7359 0.3752 0.5637
vn -0.8588 -0.5068 -0.0751
vn -0.0286 0.7276 0.6854
vn -0.0333 0.6521 0.7574
vn -0.0514 0.7030 0.7093
vn -0.9526 0.3043 -0.0036
vn -0.9661 0.2494 0.0670
vn 0.6425 0.7577 -0.1146
vn -0.1377 0.3081 0.9413
vn 0.6187 -0.4938 0.6110
vn -0.0598 0.1113 0.9920
vn 0.7533 -0.6542 -0.0678
vn 0.8086 -0.5838 0.0736
vn 0.9964 0.0800 0.0271
vn 0.0063 -0.0042 1.0000
vn 0.6150 -0.3699 0.6964
vn 0.9067 -0.2916 0.3048
vn 0.5823 0.0306 0.8124
vn -0.6427 0.3875 0.6609
vn -0.5642 0.2590 0.7839
vn -0.9394 -0.1555 0.3056
vn -0.8577 -0.2846 0.4282
vn 0.7578 -0.6409 0.1224
vn 0.2564 -0.7021 0.6643
vn 0.1024 -0.2493 0.9630
vn -0.8852 -0.4002 0.2374
vn 0.9247 -0.3759 0.0602
vn 0.8760 -0.4742 0.0882
vn 0.8829 -0.4499 0.1347
vn -0.5722 -0.6058 -0.5528
vn -0.6184 -0.6461 -0.4474
vn 0.9799 0.1548 -0.1260
vn 0.9718 0.1468 -0.1843
vn 0.9579 0.0934 -0.2713
vn 0.4336 0.2411 0.8683
vn 0.7852 0.3056 0.5385
vn 0.4912 0.2114 0.8450
vn 0.6293 0.5266 -0.5716
vn 0.8900 0.3827 0.2480
vn -0.7407 -0.0514 0.6699
vn -0.9433 0.2800 -0.1783
vn -0.0119 -0.0084 0.9999
vn -0.0988 -0.9657 0.2401
vn 0.0080 0.5798 -0.8147
vn 0.4545 -0.0488 0.8894
vn -0.6353 -0.0653 0.7695
vn 0.3930 0.1497 0.9073
vn 0.7199 -0.4314 -0.5437
vn 0.9256 -0.2668 -0.2685
vn 0.7276 -0.6110 -0.3119
vn 0.7336 -0.6145 -0.2902
vn 0.5945 -0.1852 -0.7825
vn 0.4840 -0.6993 0.5261
vn 0.1309 -0.0163 0.9913
vn -0.4257 -0.6368 0.6429
vn 0.3389 -0.2932 0.8940
vn 0.4178 0.0029 0.9085
vn 0.6205 0.7120 -0.3287
vn -0.6743 0.4469 0.5879
vn -0.8685 0.4910 0.0676
vn -0.5674 -0.2542 -0.7832
vn -0.6101 0.3657 0.7029
vn -0.8565 0.5145 -0.0409
vn -0.8072 0.5642 0.1733
vn -0.0587 0.2928 -0.9544
vn -0.7475 0.4776 0.4617
vn -0.7379 0.5318 0.4155
vn -0.6999 0.4806 0.5283
vn -0.6516 0.6942 0.3059
vn -0.6078 0.6450 0.4632
vn -0.6233 0.6422 0.4462
vn 0.6325 0.5935 -0.4977
vn 0.4038 0.7230 -0.5606
vn 0.4951 0.6627 -0.5619
vn 0.8713 -0.1866 -0.4539
vn 0.9244 -0.1339 -0.3572
vn 0.7387 -0.1078 -0.6654
vn 0.6898 -0.1521 -0.7079
vn 0.4156 -0.1182 -0.9018
vn 0.2970 0.0116 -0.9548
vn -0.8146 0.1530 0.5595
vn -0.7959 0.3534 0.4916
vn -0.8093 0.3055 0.5018
vn -0.0007 -0.0084 1.0000
vn 0.0001 -0.0005 1.0000
vn 0.5410 -0.8405 -0.0315
vn 0.6356 -0.7715 0.0283
vn -0.3526 0.0209 -0.9355
vn 0.7604 -0.3094 -0.5711
vn 0.8381 -0.2311 -0.4941
vn 0.1836 -0.0821 -0.9796
vn 0.9230 -0.1512 -0.3538
vn -0.7603 0.5309 0.3744
vn -0.7103 0.6975 0.0945
vn -0.6284 0.7545 0.1892
vn 0.8892 0.2070 -0.4081
vn 0.9703 -0.2105 -0.1195
vn 0.9855 0.0959 -0.1399
vn 0.9287 0.3050 -0.2110
vn -0.3134 -0.7857 -0.5334
vn 0.4796 -0.8193 -0.3142
vn 0.3347 -0.0681 -0.9399
vn -0.8021 -0.4635 -0.3766
vn 0.4334 -0.7915 0.4309
vn 0.8494 0.2569 -0.4610
vn -0.8351 -0.0863 -0.5433
vn -0.5938 0.4653 -0.6565
vn -0.7426 0.2545 0.6195
vn -0.6766 -0.7243 0.1325
vn -0.1761 -0.0525 -0.9830
vn -0.3088 0.0073 -0.9511
vn 0.8009 0.4263 0.4205
vn 0.5872 0.4420 -0.6781
vn 0.7818 0.6041 -0.1545
vn 0.8505 0.5246 0.0384
vn 0.5545 0.7462 0.3683
vn 0.8512 0.1901 0.4891
vn 0.8533 -0.2976 0.4281
vn 0.9599 -0.1043 0.2601
vn 0.7681 -0.6248 0.1398
vn 0.9109 -0.3823 -0.1553
vn 0.5052 -0.2478 -0.8267
vn -0.7063 0.2569 -0.6596
vn 0.5219 0.5840 0.6217
vn 0.7610 0.4695 0.4477
vn 0.4570 0.3956 0.7966
vn 0.8909 0.3970 -0.2207
vn 0.8987 0.3905 -0.1994
vn 0.9011 0.4094 -0.1432
vn 0.8493 0.5279 -0.0088
vn 0.5910 0.7432 0.3136
vn 0.9847 -0.0900 0.1493
vn 0.6801 -0.4122 0.6063
vn -0.6995 -0.0830 -0.7098
vn -0.9598 -0.1895 -0.2071
vn -0.6357 -0.1191 -0.7627
vn 0.6452 0.6868 0.3347
vn 0.1840 0.9764 -0.1128
vn 0.6466 -0.1396 -0.7500
vn 0.9057 -0.0156 -0.4237
vn 0.6817 0.0690 -0.7284
vn -0.9105 -0.4073 -0.0717
vn -0.1006 0.2285 0.9683
vn -0.1646 -0.0516 -0.9850
vn -0.0632 -0.0637 -0.9960
vn 0.3944 -0.9132 0.1023
vn 0.5888 0.4019 0.7013
vn 0.8435 -0.5347 0.0515
vn 0.7267 -0.5224 0.4461
vn -0.7907 0.6119 0.0210
vn -0.9530 -0.0336 -0.3011
vn -0.9995 0.0304 -0.0104
vn 0.1796 0.3702 0.9114
vn 0.1273 0.3526 0.9271
vn 0.3942 0.3534 0.8484
vn 0.3397 0.4348 0.8340
vn -0.8519 0.5132 -0.1047
vn -0.3196 0.2915 -0.9016
vn 0.3893 0.7682 -0.5083
vn -0.1586 0.3775 -0.9123
vn 0.2727 0.4419 -0.8546
vn 0.2988 0.0734 0.9515
vn 0.3120 0.3367 0.8884
vn -0.6779 -0.3298 0.6570
vn 0.2626 0.1325 0.9558
vn 0.3874 0.8824 -0.2672
vn 0.3394 0.9403 0.0241
vn 0.2328 0.9632 -0.1346
vn 0.0052 -0.0064 1.0000
vn 0.0006 0.0080 1.0000
vn -0.5161 0.8492 0.1117
vn -0.4852 0.7936 0.3671
vn 0.4499 -0.6732 -0.5868
vn -0.4217 0.8324 0.3596
vn -0.4537 0.8904 -0.0368
vn -0.3678 0.3331 0.8682
vn -0.7379 0.6515 0.1759
vn 0.7952 0.5357 -0.2840
vn 0.7864 -0.5341 -0.3103
vn -0.8450 -0.4793 0.2372
vn 0.6272 0.3610 0.6902
vn 0.8189 0.1502 0.5539
vn 0.7356 -0.3968 0.5490
vn 0.8479 -0.1427 0.5106
vn 0.6475 -0.3603 0.6715
vn 0.4274 -0.4880 0.7610
vn 0.7907 -0.3994 -0.4640
vn -0.5092 -0.7618 -0.4005
vn -0.6970 -0.6251 -0.3512
vn -0.9257 -0.1620 0.3417
vn 0.9721 -0.1410 0.1873
vn 0.5381 -0.3492 0.7671
vn -0.6498 -0.6431 0.4053
vn -0.6151 -0.6477 0.4497
vn -0.7452 -0.5541 0.3710
vn -0.6104 -0.6490 -0.4541
vn 0.9008 0.4299 -0.0613
vn 0.8810 0.3293 0.3398
vn 0.8044 0.5911 -0.0597
vn 0.8359 0.5417 0.0883
vn 0.9646 -0.0093 0.2634
vn 0.9997 -0.0138 0.0188
vn -0.8882 -0.3563 0.2902
vn 0.3829 -0.0346 0.9232
vn -0.2267 0.9396 0.2564
vn -0.4259 0.8317 0.3563
vn -0.0283 -0.2859 0.9578
vn 0.0603 -0.1138 0.9917
vn 0.0354 -0.1317 0.9907
vn 0.3164 0.9456 0.0760
vn 0.1723 0.6877 0.7052
vn 0.3239 0.9461 -0.0014
vn -0.7699 0.4745 -0.4267
vn -0.7522 0.5620 -0.3440
vn -0.6233 -0.2976 -0.7232
vn 0.6050 -0.6949 -0.3887
vn 0.6897 -0.6749 -0.2624
vn 0.5151 -0.8267 -0.2263
vn 0.5595 -0.0938 -0.8235
vn 0.9654 0.2104 -0.1543
vn 0.2210 0.9620 -0.1604
vn 0.1607 0.9870 0.0052
vn 0.3210 0.9269 -0.1943
vn -0.8395 -0.0532 -0.5407
vn -0.8727 -0.0564 -0.4850
vn -0.5852 -0.0692 -0.8079
vn -0.5090 -0.0477 -0.8594
vn 0.8693 -0.4468 -0.2112
vn 0.8870 -0.4618 0.0044
vn 0.8606 -0.4436 -0.2503
vn -0.2162 -0.0599 0.9745
vn -0.6425 -0.0921 0.7608
vn 0.0510 -0.6785 0.7328
vn -0.1831 0.8104 0.5565
vn 0.9224 0.2211 -0.3168
vn 0.8935 0.3204 -0.3145
vn -0.9957 -0.0776 -0.0509
vn -0.9996 0.0000 -0.0275
vn -0.9309 0.0553 0.3610
vn 0.8872 0.4213 0.1883
vn -0.8013 -0.3251 -0.5022
vn -0.7222 0.4366 0.5364
vn 0.8052 -0.3914 -0.4456
vn -0.5858 0.3791 0.7163
vn 0.9474 0.2127 0.2391
vn 0.9269 0.2805 0.2493
vn 0.8924 -0.4221 -0.1593
vn 0.5439 0.7092 0.4485
vn 0.5982 0.6126 0.5167
vn 0.8667 0.4943 -0.0670
vn 0.8424 0.5218 0.1344
vn 0.7942 0.6074 -0.0167
vn 0.6187 -0.7533 -0.2230
vn 0.4330 -0.8263 -0.3602
vn -0.9973 -0.0387 0.0624
vn -0.9713 -0.0841 -0.2223
vn 0.3933 0.1574 -0.9058
vn 0.1434 0.2429 -0.9594
vn -0.7418 0.6092 -0.2803
vn -0.6713 0.6935 -0.2616
vn -0.8456 0.5061 0.1697
vn -0.8404 0.5141 0.1716
vn -0.9621 -0.1273 0.2413
vn -0.8781 -0.4783 0.0095
vn -0.8077 -0.4852 0.3349
vn -0.8751 -0.4621 0.1434
vn -0.8273 -0.4622 0.3192
vn -0.6149 0.7577 0.2187
vn -0.4667 0.3719 0.8024
vn -0.4939 0.7836 0.3768
vn -0.7380 0.5480 -0.3938
vn -0.9077 -0.3405 -0.2452
vn -0.9435 0.0678 -0.3242
vn 0.9274 0.3729 -0.0296
vn 0.8457 0.5332 -0.0197
vn 0.8340 0.4385 -0.3349
vn -0.0434 0.7875 -0.6148
vn -0.7488 0.4676 0.4698
vn -0.8106 0.4927 0.3164
vn -0.7402 0.4303 0.5167
vn -0.7285 -0.6560 0.1974
vn -0.6847 -0.7283 0.0266
vn -0.3724 0.3074 0.8757
vn -0.6645 0.4288 0.6120
vn -0.3790 0.5793 -0.7216
vn 0.0033 -0.0077 1.0000
vn -0.7252 -0.2682 0.6342
vn 0.8730 0.0829 0.4807
vn 0.5103 -0.8077 0.2954
vn 0.4816 -0.8226 0.3022
vn -0.9796 0.1843 0.0805
vn -0.5830 0.1008 0.8062
vn 0.6205 -0.5923 0.5140
vn 0.7543 -0.3705 0.5419
vn -0.4656 -0.3052 0.8307
vn -0.7271 -0.4224 -0.5413
vn -0.0895 -0.0100 -0.9959
vn -0.6615 -0.4109 -0.6274
vn -0.6367 0.7625 0.1146
vn 0.1132 0.2072 -0.9717
vn -0.1382 -0.0851 -0.9867
vn -0.4927 -0.5161 -0.7006
vn 0.7578 -0.0057 0.6525
vn 0.7376 -0.0385 0.6742
vn 0.9116 0.3918 0.1244
vn 0.3115 0.4003 0.8618
vn 0.5890 0.4879 0.6442
vn -0.0165 -0.0064 0.9998
vn -0.0409 0.6755 0.7362
vn -0.0263 0.6057 0.7953
vn 0.5663 -0.3628 0.7400
vn 0.5267 -0.4296 0.7335
vn 0.4887 -0.5912 0.6416
vn -0.8138 -0.4011 0.4206
vn -0.8297 -0.2825 0.4814
vn -0.7695 -0.4098 0.4898
vn 0.8650 0.4925 -0.0961
vn 0.8538 0.5058 0.1231
vn 0.8251 0.5569 -0.0954
vn 0.9882 0.1342 -0.0742
vn 0.9423 -0.2466 0.2264
vn 0.7325 -0.6546 0.1871
vn -0.8866 0.1658 0.4319
vn -0.8923 0.0539 0.4482
vn -0.7593 0.5378 -0.3663
vn -0.6659 0.6348 -0.3918
vn 0.1233 -0.4043 0.9063
vn 0.5772 0.7365 -0.3527
vn 0.1282 -0.4545 0.8815
vn -0.7313 -0.0500 0.6802
vn -0.8552 0.2343 0.4623
vn -0.3266 -0.6027 0.7280
vn -0.0379 0.6671 -0.7440
vn 0.1253 -0.4250 -0.8965
vn -0.9190 0.1363 0.3700
vn 0.7101 -0.3283 -0.6229
vn 0.6943 -0.3170 -0.6461
vn 0.7587 -0.3092 -0.5734
vn 0.7350 0.6771 -0.0371
vn 0.7387 0.6663 0.1018
vn -0.8291 0.3770 0.4128
vn -0.9175 0.1387 0.3727
vn 0.5145 0.3351 0.7893
vn 0.7866 0.5863 0.1937
vn 0.8177 0.4401 0.3710
vn -0.5566 0.6740 -0.4857
vn -0.6505 0.5688 -0.5033
vn 0.3035 0.9344 -0.1867
vn 0.2058 0.9785 0.0140
vn 0.1753 0.9784 -0.1095
vn 0.7368 0.6493 -0.1885
vn 0.7249 0.6718 -0.1521
vn -0.5067 0.1931 0.8402
vn 0.3786 0.0216 -0.9253
vn 0.0041 -0.0001 -1.0000
vn 0.0013 0.0065 -1.0000
vn 0.2774 -0.2042 -0.9388
vn 0.9109 -0.4081 -0.0604
vn 0.4134 0.8909 -0.1882
vn 0.4157 0.8914 -0.1804
vn 0.1929 0.9753 -0.1074
vn -0.9447 -0.2200 0.2431
vn -0.9797 -0.1906 0.0621
vn -0.9805 -0.1166 0.1584
vn 0.7830 0.6214 0.0295
vn -0.5024 0.8628 -0.0554
vn -0.4604 0.8855 -0.0621
vn 0.2350 -0.2972 -0.9254
vn 0.6772 -0.7204 -0.1496
vn 0.2446 0.6808 -0.6904
vn 0.0024 0.0014 -1.0000
vn 0.2922 0.6982 -0.6535
vn -0.8455 0.3967 -0.3574
vn 0.7689 -0.4228 -0.4796
vn -0.7039 0.2427 0.6676
vn 0.0202 0.7886 0.6146
vn 0.0100 0.1666 0.9860
vn 0.2538 -0.2832 0.9249
vn 0.6157 0.6169 0.4903
vn -0.9943 -0.1055 0.0168
vn -0.8815 -0.1900 0.4322
vn 0.0186 -0.0039 -0.9998
vn -0.5309 0.3758 -0.7596
vn -0.4662 -0.2154 0.8581
vn -0.7829 -0.2374 0.5750
vn -0.1879 -0.2060 0.9603
vn 0.9341 -0.3131 -0.1716
vn 0.8494 -0.4478 0.2792
vn 0.4500 0.8885 0.0894
vn -0.0797 -0.1221 0.9893
vn 0.0170 -0.2104 0.9775
vn 0.0445 -0.3273 0.9439
vn 0.9849 -0.0375 -0.1692
vn 0.9926 -0.0003 0.1218
vn 0.9626 0.0234 -0.2698
vn -0.5582 -0.2521 0.7905
vn -0.7777 -0.3589 0.5160
vn -0.5093 -0.4836 -0.7119
vn -0.0047 -0.0005 1.0000
vn -0.6825 -0.2285 0.6943
vn -0.9157 -0.3277 0.2325
vn -0.4727 -0.4473 0.7593
vn -0.7589 -0.5734 0.3087
vn -0.6934 -0.6019 0.3960
vn -0.7871 0.5530 -0.2733
vn -0.4845 0.5221 -0.7019
vn -0.4581 -0.0880 0.8845
vn -0.2281 0.1309 0.9648
vn -0.2572 0.0046 0.9663
vn -0.4005 -0.2364 -0.8853
vn -0.9084 -0.4041 -0.1069
vn -0.6396 -0.3476 -0.6856
vn -0.0549 0.0088 -0.9985
vn 0.7336 0.4029 -0.5472
vn 0.7891 0.5975 0.1424
vn 0.7653 0.5169 -0.3836
vn 0.8324 0.5349 -0.1450
vn -0.9466 -0.3187 -0.0486
vn -0.9358 -0.3513 -0.0305
vn -0.9217 -0.3720 0.1099
vn -0.9831 0.1347 0.1238
vn 0.6416 0.0309 -0.7664
vn -0.3459 -0.0663 -0.9359
vn -0.7742 -0.4622 -0.4325
vn 0.7738 0.3515 -0.5269
vn 0.8801 0.3643 -0.3044
vn -0.0506 -0.9560 -0.2889
vn 0.1079 -0.6838 -0.7216
vn -0.1260 -0.7747 -0.6197
vn -0.7622 -0.5901 0.2663
vn -0.1601 -0.9580 0.2378
vn -0.0448 -0.6802 0.7317
vn -0.6620 -0.2570 0.7041
vn 0.2872 -0.7778 -0.5591
vn 0.9505 0.2672 -0.1583
vn 0.9876 0.1436 -0.0628
vn 0.9047 0.3875 -0.1771
vn 0.4050 -0.0036 0.9143
vn 0.8676 -0.3401 -0.3628
vn 0.8195 -0.2414 -0.5197
vn 0.8577 0.3352 0.3899
vn -0.7668 -0.4835 -0.4222
vn 0.0405 0.6907 0.7220
vn 0.2561 -0.2488 0.9341
vn 0.2450 0.2535 0.9358
vn 0.1995 0.3383 0.9196
vn -0.6482 0.4143 -0.6389
vn -0.6050 0.5497 -0.5761
vn 0.7767 0.6230 -0.0926
vn 0.7918 0.6102 -0.0250
vn 0.8203 0.5603 -0.1146
vn 0.8475 0.5284 -0.0493
vn 0.8181 0.5711 -0.0676
vn -0.3767 0.3907 -0.8399
vn 0.6478 0.6804 0.3427
vn -0.6691 -0.6232 -0.4049
vn -0.8689 -0.4929 -0.0455
vn -0.8288 0.2146 0.5168
vn -0.7044 0.1681 0.6896
vn -0.8772 0.3095 0.3672
vn -0.9315 -0.3630 0.0236
vn -0.9106 -0.3847 -0.1513
vn -0.8996 -0.3646 0.2406
vn -0.8845 -0.3932 -0.2510
vn -0.7116 -0.2441 0.6588
vn 0.8089 0.3640 0.4617
vn 0.7830 0.4130 0.4651
vn 0.0301 -0.2220 -0.9746
vn -0.0127 -0.7052 -0.7088
vn 0.0006 -0.0031 1.0000
vn 0.8974 -0.3670 -0.2448
vn 0.9278 -0.2423 -0.2837
vn -0.9933 -0.0999 0.0588
vn -0.1728 0.1589 -0.9721
vn 0.6183 0.3111 -0.7217
vn 0.8098 0.5814 0.0788
vn 0.6811 0.6772 -0.2784
vn 0.5505 -0.7432 0.3802
vn -0.5463 0.3385 0.7661
vn -0.7223 0.5665 0.3967
vn -0.8260 0.5519 0.1148
vn -0.8875 0.4549 0.0733
vn 0.3210 -0.2026 0.9252
vn 0.0095 -0.0108 0.9999
vn 0.4848 -0.3143 0.8162
vn 0.6386 -0.3534 0.6836
vn 0.1609 0.7465 -0.6457
vn -0.2111 -0.6302 -0.7472
vn -0.1246 -0.9026 -0.4121
vn -0.2865 0.2032 0.9363
vn 0.0352 0.2999 0.9533
vn -0.0765 -0.1846 0.9798
vn -0.3588 0.1576 0.9200
vn -0.0150 0.6666 0.7453
vn 0.8343 -0.1205 0.5380
vn -0.7348 0.1234 0.6670
vn -0.5796 0.0468 0.8136
vn -0.4994 0.0996 0.8606
vn -0.3227 -0.9379 -0.1271
vn -0.0562 0.3395 -0.9389
vn -0.0719 0.3117 -0.9475
vn -0.6140 0.5662 -0.5499
vn -0.7704 0.6338 0.0693
vn -0.0660 -0.4154 -0.9072
vn -0.1736 -0.8178 0.5487
vn -0.0904 -0.8412 0.5331
vn -0.1022 0.9913 0.0835
vn -0.1612 0.8342 0.5274
vn -0.0856 0.9963 -0.0092
vn 0.8427 -0.3243 -0.4298
vn -0.5904 -0.3167 0.7424
vn -0.4941 -0.0802 0.8657
vn 0.7958 -0.1345 0.5905
vn -0.2957 0.9326 0.2070
vn -0.5614 -0.2356 0.7933
vn -0.8231 -0.4734 0.3137
vn -0.8679 -0.4116 0.2781
vn -0.8747 0.4804 -0.0633
vn 0.2287 0.0392 -0.9727
vn -0.0269 0.0268 -0.9993
vn 0.7428 -0.1147 -0.6596
vn -0.4303 -0.3569 -0.8291
vn 0.5743 -0.1337 0.8077
vn 0.6726 0.0301 0.7394
vn 0.7750 0.1680 -0.6092
vn 0.9384 -0.2295 -0.2583
vn -0.4281 -0.1462 -0.8918
vn 0.8520 0.4189 -0.3141
vn -0.4290 0.3887 0.8154
vn -0.3806 0.4048 0.8314
vn 0.1471 -0.1814 0.9723
vn -0.3208 0.8340 -0.4489
vn 0.7326 -0.6803 0.0213
vn 0.7336 -0.6712 0.1063
vn 0.0626 0.1654 -0.9842
vn 0.3013 -0.9429 -0.1419
vn -0.7851 -0.4989 -0.3671
vn -0.4759 -0.3470 -0.8082
vn -0.5647 -0.4190 -0.7110
vn -0.9117 -0.4084 -0.0456
vn 0.8920 0.4174 0.1733
vn 0.8855 0.3625 0.2907
vn -0.0433 0.3206 0.9462
vn -0.7967 0.4456 0.4083
vn 0.4152 0.3622 -0.8345
vn 0.1174 -0.0096 -0.9930
vn 0.1176 0.0631 -0.9911
vn 0.7594 0.5688 -0.3159
vn 0.7024 0.6567 0.2746
vn -0.6624 0.4041 -0.6308
vn 0.7748 -0.6202 0.1229
vn 0.5873 -0.4664 -0.6614
vn 0.9171 -0.3966 -0.0412
vn 0.0544 0.9856 0.1600
vn -0.5019 -0.2961 0.8127
vn 0.0657 0.1371 -0.9884
vn 0.7592 0.3300 0.5610
vn -0.2403 0.7791 0.5790
vn 0.0085 -0.0007 -1.0000
vn 0.0072 0.0051 -1.0000
vn 0.4647 -0.2779 -0.8407
vn 0.3988 -0.3807 -0.8343
vn 0.7531 -0.5390 0.3773
vn 0.5963 -0.8005 -0.0597
vn 0.4447 -0.0327 0.8951
vn 0.4598 -0.0910 0.8833
vn 0.8540 -0.5203 0.0058
vn -0.6770 0.1216 0.7259
vn 0.9098 0.4136 0.0343
vn 0.5931 0.2337 0.7705
vn 0.8194 0.3165 -0.4779
vn 0.6163 -0.0640 -0.7849
vn 0.5231 0.2542 -0.8135
vn 0.3754 -0.6788 -0.6311
vn -0.7830 -0.2682 0.5613
vn -0.7119 -0.3711 0.5963
vn 0.5455 0.7985 0.2546
vn 0.7289 0.6104 0.3100
vn -0.8843 0.3376 0.3227
vn -0.7062 0.1487 0.6923
vn 0.8753 0.4513 0.1737
vn -0.1989 -0.3980 0.8956
vn 0.4860 -0.3876 0.7833
vn -0.2542 0.0572 0.9655
vn 0.5583 0.8201 -0.1257
vn 0.7579 0.5817 0.2953
vn -0.8579 0.5030 -0.1051
vn -0.8071 0.4479 -0.3846
vn -0.8744 0.3631 -0.3217
vn 0.2943 0.1340 0.9463
vn 0.6200 -0.1374 0.7725
vn 0.5840 -0.0074 0.8117
vn 0.5111 -0.2273 0.8289
vn 0.9783 0.1977 -0.0619
vn -0.3958 -0.4485 0.8014
vn -0.4072 -0.3658 0.8369
vn 0.0386 0.0357 0.9986
vn -0.1023 -0.9941 0.0366
vn -0.1136 -0.9934 0.0166
vn 0.4934 -0.2252 -0.8401
vn -0.5680 -0.5485 -0.6136
vn -0.1841 -0.8127 -0.5528
vn -0.2695 -0.7970 -0.5405
vn 0.8832 0.4581 -0.1010
vn 0.8585 0.5061 0.0824
vn 0.8805 0.4669 0.0826
vn 0.2080 -0.3360 -0.9186
vn -0.6483 0.1566 -0.7451
vn 0.5420 -0.6310 0.5550
vn 0.0109 0.0039 0.9999
vn 0.0185 -0.0049 0.9998
vn -0.2027 0.6039 0.7709
vn -0.8605 -0.4952 0.1196
vn 0.8897 -0.3039 -0.3406
vn 0.5467 0.5725 -0.6111
vn 0.4752 -0.5681 0.6719
vn 0.9804 0.1425 -0.1361
vn 0.7929 -0.3972 0.4621
vn 0.3291 0.9403 0.0867
vn 0.4051 0.9046 -0.1328
vn 0.9408 -0.0880 -0.3273
vn 0.9602 -0.0057 -0.2791
vn 0.9517 0.0186 -0.3066
vn -0.0408 0.7437 -0.6672
vn 0.0237 0.0864 -0.9960
vn 0.0193 0.0633 -0.9978
vn 0.0669 0.8746 -0.4802
vn -0.6523 -0.4702 0.5945
vn -0.5480 -0.7745 0.3161
vn 0.0531 -0.8807 0.4706
vn 0.5773 -0.7604 -0.2976
vn 0.5934 -0.7513 -0.2889
vn -0.7240 -0.5295 0.4421
vn -0.9329 0.3483 -0.0913
vn -0.9587 0.2842 -0.0051
vn -0.9650 0.2607 0.0287
vn -0.8081 0.4912 -0.3251
vn 0.0173 -0.0067 0.9998
vn -0.8059 0.4541 -0.3798
vn -0.7252 0.5612 -0.3990
vn 0.4009 -0.4692 -0.7868
vn -0.0866 -0.0503 0.9950
vn -0.0518 -0.0158 0.9985
vn 0.1690 -0.0534 0.9842
vn 0.9878 0.1475 -0.0496
vn 0.9849 0.1169 -0.1278
vn 0.0485 0.0423 0.9979
vn -0.0522 -0.1417 0.9885
vn -0.0043 -0.0296 0.9996
vn -0.3782 -0.7374 0.5597
vn 0.9997 -0.0240 -0.0018
vn 0.8180 0.3707 0.4399
vn 0.7919 0.4753 0.3833
vn -0.8460 0.5331 0.0081
vn 0.4222 -0.8012 -0.4240
vn -0.7238 0.1184 -0.6797
vn 0.9656 0.1591 0.2058
vn -0.3426 0.9393 -0.0205
vn -0.3387 0.9072 -0.2495
vn 0.7930 0.6074 -0.0470
vn 0.6832 -0.4368 -0.5853
vn -0.8126 -0.2615 -0.5209
vn -0.7986 -0.4227 -0.4285
vn 0.5187 0.5596 -0.6464
vn 0.6799 0.7104 0.1818
vn 0.7746 -0.3594 0.5205
vn 0.7932 0.6060 0.0600
vn 0.9637 0.2345 -0.1276
vn -0.6747 -0.2978 0.6753
vn -0.8159 -0.3568 0.4550
vn -0.6583 -0.3056 0.6880
vn 0.7262 -0.5691 -0.3857
vn 0.8508 -0.5236 -0.0436
vn 0.7516 -0.5289 -0.3942
vn 0.2237 -0.8524 0.4726
vn -0.6281 -0.1996 0.7521
vn -0.7222 -0.6739 -0.1560
vn -0.6909 -0.7230 0.0022
vn 0.2925 0.4917 0.8202
vn -0.4964 -0.8681 -0.0080
vn 0.8298 0.2871 0.4786
vn 0.8408 -0.2649 0.4721
vn 0.9394 -0.2733 0.2072
vn -0.9082 -0.1917 0.3721
vn 0.0028 1.0000 0.0057
vn 0.8743 0.4197 0.2439
vn 0.8604 0.3471 0.3731
vn 0.9449 0.3257 -0.0339
vn 0.8844 0.3995 -0.2412
vn -0.8784 -0.1373 -0.4579
vn -0.2790 0.4309 0.8582
vn 0.2554 -0.6197 0.7421
vn -0.3307 0.1527 0.9313
vn 0.2097 -0.4284 0.8789
vn 0.1390 -0.6307 0.7635
vn 0.7256 -0.6843 0.0723
vn 0.7578 -0.6377 -0.1381
vn 0.5527 -0.0872 -0.8288
vn 0.9237 0.3394 -0.1779
vn 0.8913 0.3557 -0.2811
vn -0.0644 -0.0285 -0.9975
vn 0.9292 -0.2632 -0.2593
vn 0.7775 -0.2040 -0.5948
vn -0.8478 0.0380 0.5289
vn 0.4656 -0.7961 -0.3866
vn 0.9485 0.1695 0.2678
vn 0.1114 0.1717 0.9788
vn 0.9843 -0.1439 0.1018
vn 0.2566 0.1512 -0.9546
vn 0.3036 0.2244 -0.9260
vn 0.2479 -0.9213 -0.2997
vn 0.2902 -0.7789 -0.5559
vn 0.2598 -0.9627 0.0761
vn 0.5137 -0.0189 -0.8578
vn 0.7883 0.0197 -0.6150
vn 0.8150 -0.0344 -0.5784
vn -0.9673 0.1119 -0.2275
vn -0.9863 0.0440 -0.1591
vn 0.7527 -0.0423 -0.6570
vn 0.8978 -0.3550 0.2607
vn 0.6560 -0.3042 -0.6907
vn 0.6749 0.3631 0.6424
vn 0.6200 0.4787 0.6216
vn 0.8254 -0.5643 0.0164
vn 0.7004 -0.7011 0.1335
vn -0.6085 -0.3378 -0.7181
vn 0.4703 0.1040 -0.8764
vn 0.2525 0.7325 0.6322
vn -0.5173 -0.2611 -0.8150
vn -0.9070 -0.3953 -0.1454
vn -0.7714 -0.5926 0.2319
vn 0.8497 0.4128 -0.3281
vn -0.8508 0.5207 0.0708
vn -0.6149 0.2950 -0.7313
vn -0.6075 0.4612 -0.6467
vn -0.8540 0.5200 0.0177
vn 0.4523 0.4728 -0.7563
vn -0.5459 0.7455 -0.3824
vn 0.5222 0.5419 0.6585
vn 0.4385 0.5217 0.7318
vn 0.6635 0.7187 0.2078
vn -0.2526 0.6911 0.6772
vn -0.0876 0.8230 0.5612
vn -0.1962 0.6550 0.7298
vn -0.7982 0.4481 0.4026
vn -0.7152 0.5728 0.4005
vn -0.7427 0.5506 0.3810
vn 0.2563 0.4924 -0.8318
vn -0.3589 0.7361 -0.5739
vn 0.4104 0.4793 -0.7758
vn 0.6492 -0.7606 -0.0112
vn 0.2759 0.3098 0.9099
vn 0.2735 0.6502 0.7089
vn -0.8786 -0.3588 -0.3151
vn 0.6253 -0.5242 0.5781
vn 0.3358 -0.3372 0.8795
vn 0.8113 -0.5732 -0.1147
vn 0.5336 -0.4095 0.7400
vn 0.9440 0.2177 -0.2481
vn 0.9128 0.3098 -0.2660
vn 0.5238 -0.7485 -0.4067
vn -0.9733 0.2226 0.0554
vn 0.8824 0.4402 -0.1660
vn 0.7406 0.4006 -0.5395
vn -0.2300 -0.3861 0.8933
vn 0.8941 -0.0017 -0.4478
vn 0.8928 -0.0088 -0.4504
vn -0.0034 -0.4556 -0.8902
vn -0.7493 0.6018 -0.2764
vn -0.6998 0.4342 -0.5672
vn 0.9559 0.2254 -0.1883
vn 0.4561 0.2099 0.8648
vn 0.8726 0.4880 -0.0206
vn 0.4632 -0.5276 0.7121
vn -0.6189 0.3593 0.6985
vn -0.5520 0.1739 0.8155
vn 0.5114 -0.7680 -0.3856
vn 0.9842 -0.1138 0.1357
vn 0.8266 -0.2896 0.4825
vn -0.4296 0.4609 0.7766
vn -0.5829 -0.0286 0.8120
vn -0.7468 -0.0691 0.6614
vn -0.6824 -0.1223 0.7207
vn -0.5710 0.8043 0.1647
vn -0.3113 0.0543 0.9488
vn -0.3656 0.0928 0.9261
vn 0.1698 0.9805 0.0994
vn 0.8161 0.4273 0.3890
vn 0.8169 0.4424 0.3701
vn 0.0068 -0.0180 0.9998
vn 0.8610 -0.3822 -0.3355
vn -0.7367 -0.2316 0.6353
vn -0.5816 -0.2182 0.7836
vn 0.4316 0.1127 0.8950
vn -0.1032 0.0439 0.9937
vn -0.2673 0.7799 0.5659
vn -0.7507 -0.4416 -0.4913
vn -0.8360 -0.4785 -0.2686
vn 0.1125 0.0580 0.9920
vn 0.8310 0.2571 0.4932
vn -0.3631 0.3933 0.8447
vn -0.1334 0.1301 0.9825
vn -0.2973 0.2805 0.9126
vn 0.7700 -0.6287 -0.1092
vn -0.0644 -0.1005 -0.9929
vn -0.9419 -0.2165 0.2569
vn -0.8473 -0.1619 0.5059
vn 0.7554 -0.4081 0.5126
vn 0.8296 -0.5569 0.0402
vn 0.5365 0.4536 0.7116
vn 0.7836 0.6184 0.0600
vn 0.8642 0.4997 -0.0579
vn 0.9676 0.1131 0.2259
vn 0.3571 -0.7136 -0.6027
vn -0.0125 0.0426 0.9990
vn -0.1066 0.2010 0.9738
vn -0.5548 0.3733 0.7436
vn 0.7157 0.4315 0.5492
vn 0.6944 -0.4660 -0.5483
vn 0.6565 -0.0990 -0.7478
vn -0.8150 0.2375 -0.5285
vn 0.6649 0.2627 0.6993
vn 0.9262 0.3761 -0.0279
vn -0.1437 0.5967 0.7895
vn 0.5981 -0.6458 -0.4745
vn 0.2242 0.0024 0.9745
vn 0.1444 0.0327 0.9890
vn 0.4745 -0.0233 0.8799
vn 0.9023 0.3696 0.2218
vn 0.9303 0.3663 -0.0188
vn 0.9377 0.3468 -0.0188
vn -0.0019 0.0003 1.0000
vn -0.0022 0.0038 1.0000
vn -0.7608 -0.4298 -0.4863
vn 0.4987 0.8579 0.1240
vn 0.9948 0.0822 -0.0608
vn 0.7552 0.5367 0.3762
vn 0.6397 0.5129 0.5724
vn -0.6152 -0.4625 0.6384
vn 0.0147 0.8250 0.5650
vn -0.5292 0.4439 0.7231
vn -0.5634 0.3784 0.7344
vn -0.9914 -0.1229 0.0459
vn -0.6579 0.4299 -0.6184
vn -0.9794 -0.2016 -0.0071
vn 0.7117 -0.5825 -0.3928
vn 0.7477 0.4778 -0.4612
vn -0.0739 0.1598 0.9844
vn 0.6736 0.7321 0.1013
vn 0.1744 0.4922 -0.8528
vn -0.3637 0.5761 0.7320
vn -0.3405 0.4723 0.8130
vn -0.1038 0.4824 0.8698
vn -0.5566 0.5844 0.5905
vn -0.4781 0.6297 0.6123
vn 0.7052 -0.5885 0.3954
vn 0.2474 -0.9629 -0.1078
vn 0.8807 0.3152 -0.3536
vn -0.3263 0.0042 -0.9453
vn -0.4665 0.0206 -0.8843
vn 0.4954 -0.8014 -0.3351
vn 0.0952 0.8356 -0.5410
vn 0.1732 0.9578 -0.2293
vn 0.3544 0.3547 -0.8652
vn -0.0359 0.4082 0.9122
vn 0.4685 -0.8512 0.2368
vn 0.5560 -0.7840 0.2762
vn -0.4721 -0.4497 0.7582
vn 0.2781 -0.0054 0.9605
vn 0.7692 0.6368 -0.0529
vn 0.6849 -0.4146 -0.5992
vn 0.6964 0.0551 -0.7156
vn 0.9175 0.0861 -0.3882
vn 0.5564 0.0812 -0.8270
vn -0.5939 -0.3195 -0.7384
vn -0.0862 0.3542 0.9312
vn -0.5231 0.5387 -0.6604
vn -0.4185 -0.3766 0.8265
vn -0.5325 -0.4057 0.7429
vn 0.9095 0.1337 -0.3937
vn 0.6994 0.0632 0.7119
vn -0.5092 -0.1279 0.8511
vn -0.5162 -0.6235 0.5872
vn 0.5545 0.8027 0.2194
vn 0.4011 0.4135 0.8174
vn 0.7610 -0.6487 -0.0041
vn 0.6471 -0.6918 -0.3204
vn -0.1885 0.1965 -0.9622
vn -0.3145 0.5426 -0.7789
vn 0.1316 0.5528 -0.8228
vn 0.6835 -0.7018 0.2006
vn 0.6199 -0.6908 -0.3722
vn 0.3737 -0.5674 -0.7338
vn 0.9065 0.4172 -0.0650
vn -0.6404 0.3489 -0.6842
vn 0.3579 -0.4904 0.7946
vn 0.4977 -0.0835 -0.8633
vn 0.1266 -0.2106 -0.9693
vn 0.8720 -0.4035 0.2772
vn -0.0141 0.0265 -0.9995
vn 0.2703 -0.0811 -0.9594
vn -0.2299 0.8389 -0.4933
vn -0.8454 0.0907 0.5264
vn -0.9496 0.2050 0.2373
vn 0.2900 0.7496 -0.5950
vn -0.8162 0.5153 -0.2612
vn -0.9807 -0.1043 0.1655
vn -0.4332 0.4041 0.8056
vn 0.4146 -0.4158 0.8094
vn -0.4945 0.4452 0.7465
vn 0.8867 -0.4205 -0.1920
vn 0.4271 0.2825 -0.8590
vn 0.1102 -0.0397 -0.9931
vn 0.3831 0.3455 -0.8566
vn 0.5336 0.5338 -0.6560
vn 0.4467 -0.6276 0.6376
vn 0.7369 -0.0517 -0.6740
vn -0.0877 0.0771 0.9932
vn 0.1876 -0.8807 0.4350
vn -0.1303 0.0968 0.9867
vn -0.8182 0.0280 -0.5743
vn -0.4504 0.8631 -0.2284
vn 0.7315 -0.6628 -0.1601
vn 0.4095 -0.3698 0.8340
vn 0.7573 -0.6414 -0.1229
vn -0.2134 -0.9493 0.2308
vn -0.1374 -0.9502 0.2799
vn -0.5554 -0.5142 0.6535
vn 0.4273 -0.3594 -0.8296
vn 0.7700 0.4925 -0.4057
vn 0.6878 -0.6287 -0.3629
vn 0.0036 -0.6875 0.7261
vn 0.3220 -0.9453 -0.0525
vn 0.0170 -0.5291 -0.8484
vn 0.8723 0.4865 0.0486
vn 0.9399 0.0469 0.3383
vn 0.7609 0.3836 0.5234
vn 0.0164 -0.5556 -0.8313
vn -0.6313 -0.4173 -0.6537
vn 0.8101 0.4588 0.3651
vn 0.7497 0.4045 -0.5237
vn 0.5137 0.4209 -0.7476
vn -0.5731 0.4665 0.6738
vn -0.9039 -0.0161 0.4275
vn -0.0684 -0.0229 -0.9974
vn 0.9875 0.1450 0.0616
vn 0.9097 0.4093 0.0701
vn 0.9034 0.4255 0.0524
vn 0.5192 0.8142 0.2599
vn -0.4552 0.7814 -0.4269
vn -0.5192 0.7231 -0.4555
vn -0.3068 0.4001 0.8636
vn 0.6168 -0.0560 0.7851
vn 0.5531 -0.2027 0.8081
vn -0.8976 -0.4352 0.0701
vn -0.9175 -0.3835 0.1057
vn -0.9313 -0.3545 0.0834
vn 0.6008 -0.3559 -0.7158
vn 0.0372 -0.0147 -0.9992
vn 0.6832 0.5183 -0.5144
vn -0.4833 0.0603 0.8734
vn 0.3662 -0.2401 0.8990
vn 0.0120 -0.1398 0.9901
vn -0.8536 0.3174 0.4131
vn 0.1130 -0.7661 -0.6327
vn 0.3446 0.9359 0.0734
vn 0.3505 0.9230 0.1587
vn 0.4499 0.8762 0.1728
vn -0.7835 -0.5745 0.2369
vn -0.8097 -0.5731 0.1258
vn -0.9847 0.1364 0.1083
vn 0.1713 0.8731 0.4565
vn 0.9476 0.2656 -0.1776
vn 0.9219 0.3358 -0.1932
vn 0.8577 -0.4263 0.2875
vn 0.7296 -0.2751 -0.6261
vn 0.6000 0.7581 0.2555
vn 0.5369 0.7415 0.4024
vn 0.0263 -0.1687 -0.9853
vn -0.1008 -0.0736 -0.9922
vn 0.8624 -0.0494 0.5039
vn 0.8482 -0.0852 0.5227
vn 0.8061 -0.5856 0.0853
vn 0.7948 -0.5798 0.1790
vn 0.8185 -0.5113 0.2621
vn -0.7541 0.5083 -0.4158
vn -0.8320 0.3304 -0.4457
vn 0.4768 0.7700 0.4241
vn -0.0995 -0.0868 0.9912
vn 0.3104 -0.1164 0.9435
vn 0.2506 -0.4728 0.8448
vn 0.8476 0.4318 0.3085
vn -0.4781 0.5283 -0.7017
vn -0.6351 0.7697 -0.0648
vn 0.0629 0.0847 0.9944
vn 0.3185 0.3235 0.8910
vn -0.4837 -0.0030 -0.8752
vn -0.7120 -0.0580 -0.6997
vn -0.8835 0.3028 -0.3574
vn -0.7861 -0.5635 -0.2539
vn 0.4536 -0.3551 0.8174
vn 0.7514 -0.6596 -0.0175
vn 0.7153 0.3671 -0.5946
vn 0.8368 0.5349 -0.1167
vn -0.2464 -0.5892 0.7695
vn -0.3086 -0.5457 0.7791
vn 0.7693 0.3766 0.5161
vn -0.1889 -0.1861 0.9642
vn 0.6419 0.3405 0.6870
vn -0.7500 0.4975 -0.4360
vn -0.0070 -0.0091 0.9999
vn -0.9246 -0.3795 0.0318
vn -0.7852 -0.1789 -0.5928
vn -0.6126 -0.2205 -0.7590
vn -0.8937 -0.4483 0.0157
vn -0.7546 -0.6549 0.0421
vn 0.9634 -0.1230 -0.2381
vn 0.9771 -0.0892 0.1931
vn 0.9873 0.1394 -0.0765
vn -0.4964 -0.8675 0.0313
vn 0.8014 -0.5982 -0.0009
vn 0.7778 -0.6091 0.1549
vn 0.5005 -0.6602 -0.5601
vn 0.2874 -0.5529 -0.7821
vn 0.5320 -0.7756 0.3397
vn 0.3616 0.9085 -0.2097
vn 0.2943 0.9335 -0.2046
vn -0.8970 -0.3502 -0.2697
vn 0.9671 0.2529 -0.0269
vn -0.7957 -0.5395 -0.2752
vn -0.9596 -0.2761 -0.0537
vn -0.4793 -0.8776 -0.0089
vn 0.0326 -0.9150 0.4022
vn 0.7252 -0.0001 -0.6885
vn -0.7698 0.6359 0.0546
vn 0.9277 0.1054 -0.3581
vn 0.3287 -0.8004 -0.5013
vn -0.8478 0.5294 -0.0297
vn 0.9069 -0.1778 0.3821
vn -0.0919 0.2909 -0.9523
vn 0.1085 -0.3582 -0.9273
vn -0.6254 -0.7650 0.1537
vn -0.1662 -0.9586 -0.2313
vn -0.4262 -0.7209 -0.5466
vn -0.8724 -0.4880 -0.0262
vn 0.1914 0.6152 -0.7648
vn 0.3212 0.7162 -0.6196
vn 0.7039 0.4011 -0.5862
vn 0.1880 0.0357 -0.9815
vn 0.3604 0.5906 -0.7220
vn 0.8034 0.4335 0.4082
vn 0.7029 0.0196 0.7110
vn -0.6882 -0.5281 -0.4975
vn 0.5760 0.8012 0.1622
vn 0.6785 -0.7136 -0.1745
vn 0.0504 -0.1083 0.9928
vn 0.8874 0.4507 -0.0966
vn 0.6382 0.3398 0.6908
vn 0.2675 -0.6646 -0.6976
vn -0.0110 -0.8514 0.5245
vn -0.8085 0.2777 0.5188
vn -0.2365 0.3801 0.8942
vn -0.3237 0.5440 0.7741
vn 0.0078 0.0041 -1.0000
vn 0.3166 0.2717 0.9088
vn 0.4291 0.1919 -0.8826
vn 0.1459 0.1198 0.9820
vn 0.6435 0.7277 0.2375
vn 0.8517 -0.4643 0.2428
vn -0.5985 -0.6991 -0.3913
vn -0.4762 -0.4941 -0.7274
vn -0.5367 -0.5390 -0.6492
vn 0.5531 0.3737 -0.7446
vn -0.2068 0.9552 0.2118
vn -0.0972 0.9861 0.1349
vn -0.8294 -0.1594 -0.5354
vn 0.9605 -0.1727 -0.2180
vn 0.1408 0.0612 -0.9881
vn 0.2758 0.0217 -0.9610
vn 0.1057 -0.0504 -0.9931
vn -0.8687 0.4943 0.0328
vn -0.8449 0.5348 -0.0099
vn -0.0046 0.0608 -0.9981
vn 0.5084 0.5706 -0.6449
vn 0.5218 0.5469 -0.6547
vn 0.1146 0.2196 -0.9688
vn -0.5478 -0.0109 0.8365
vn -0.6030 -0.1162 0.7892
vn 0.7843 -0.6028 -0.1464
vn 0.3167 -0.2573 -0.9130
vn -0.5658 0.3804 -0.7316
vn 0.2889 0.0786 -0.9541
vn 0.6527 0.4438 0.6141
vn 0.0335 -0.0245 -0.9991
vn 0.0102 -0.0122 -0.9999
vn 0.0545 -0.0236 0.9982
vn -0.0946 0.0178 0.9954
vn 0.8335 -0.4615 -0.3039
vn 0.8434 -0.4522 -0.2901
vn 0.2708 0.2773 0.9218
vn -0.6164 -0.3973 0.6799
vn 0.2814 0.3311 0.9007
vn -0.5895 0.4166 -0.6920
vn -0.3478 0.4282 -0.8341
vn 0.8844 0.2272 0.4077
vn 0.9611 0.2360 0.1438
vn -0.9794 0.1709 0.1079
vn 0.9097 0.4139 0.0340
vn 0.4874 0.1885 0.8526
vn 0.0704 0.1536 0.9856
vn -0.0859 0.4072 0.9093
vn 0.3741 0.7260 0.5770
vn -0.2581 0.8466 -0.4654
vn -0.4053 0.8010 -0.4405
vn 0.2513 0.1971 -0.9476
vn 0.4718 0.1817 -0.8628
vn -0.4690 0.8159 -0.3381
vn -0.4960 0.4586 -0.7374
vn -0.7865 0.2816 0.5496
vn 0.7902 0.5022 0.3513
vn 0.5782 -0.7212 -0.3816
vn 0.6580 -0.7302 -0.1842
vn -0.2791 0.5471 0.7891
vn 0.7956 0.4456 -0.4105
vn 0.2044 -0.1210 0.9714
vn 0.2452 -0.0296 0.9690
vn 0.6154 -0.5358 0.5782
vn 0.6205 -0.6588 0.4254
vn 0.4210 -0.2375 0.8754
vn 0.6562 0.3346 0.6763
vn 0.7767 0.6296 -0.0152
vn 0.6767 0.6463 0.3526
vn 0.9097 0.2173 0.3538
vn -0.7011 0.4834 0.5242
vn -0.5678 -0.6525 -0.5018
vn -0.5714 -0.8206 -0.0039
vn -0.2345 0.9184 -0.3186
vn 0.5811 0.7106 -0.3967
vn 0.2745 0.2627 0.9250
vn 0.6729 0.7363 -0.0719
vn 0.2268 -0.3231 0.9188
vn -0.1502 0.3263 0.9333
vn 0.9499 0.0358 -0.3106
vn -0.5085 0.3437 0.7895
vn -0.4711 0.3568 0.8067
vn 0.1252 -0.0358 0.9915
vn 0.4019 0.2676 0.8757
vn -0.5767 -0.3179 0.7525
vn -0.4089 -0.2277 0.8837
vn 0.7860 0.4646 -0.4080
vn 0.8735 -0.4299 -0.2285
vn 0.2917 -0.8533 -0.4322
vn 0.8258 -0.5597 0.0691
vn -0.5678 0.7232 0.3932
vn -0.9023 -0.3979 -0.1659
vn -0.9417 -0.3324 0.0514
vn -0.5413 -0.4219 -0.7273
vn 0.7304 -0.0436 -0.6817
vn 0.9671 -0.0365 -0.2519
vn 0.8166 -0.3299 0.4737
vn 0.9692 -0.0054 0.2463
vn 0.5977 0.7245 -0.3433
vn -0.7209 0.5300 -0.4465
vn -0.6985 -0.6439 0.3123
vn -0.4836 -0.4936 0.7228
vn 0.1670 0.2935 0.9413
vn -0.9119 -0.2556 -0.3210
vn 0.9015 -0.4295 -0.0534
vn 0.9828 -0.1206 -0.1399
vn -0.0319 -0.0544 -0.9980
vn -0.3531 -0.3946 -0.8483
vn -0.4021 -0.2909 -0.8681
vn 0.3236 0.1640 0.9319
vn 0.8766 -0.4624 0.1334
vn 0.8793 -0.4678 -0.0894
vn 0.8958 -0.4237 -0.1344
vn 0.8923 -0.4211 0.1628
vn -0.5953 -0.2801 -0.7531
vn -0.1843 0.9760 0.1158
vn 0.8555 0.4488 0.2582
vn 0.6068 0.7568 -0.2431
vn 0.8493 -0.4793 -0.2215
vn -0.4516 0.4729 0.7566
vn -0.5373 0.5759 0.6162
vn 0.4272 -0.0412 0.9032
vn 0.5978 0.0068 0.8016
vn 0.4710 -0.4240 0.7735
vn 0.6381 0.7042 -0.3114
vn 0.8171 0.2370 0.5256
vn 0.4748 0.1483 0.8675
vn 0.4184 0.2228 0.8805
vn 0.8619 0.4174 0.2878
vn -0.4789 -0.3414 0.8088
vn 0.8703 -0.2277 0.4366
vn 0.1398 -0.6333 0.7612
vn -0.1996 -0.5775 -0.7916
vn -0.0018 0.0156 -0.9999
vn -0.6526 0.0127 0.7576
vn 0.9529 -0.0209 -0.3025
vn -0.9787 0.0666 -0.1943
vn -0.1504 0.8065 0.5718
vn 0.9055 0.4067 0.1213
vn 0.8615 0.4179 0.2885
vn -0.1018 -0.3910 0.9148
vn 0.2207 -0.6253 0.7485
vn 0.3434 -0.9391 -0.0156
vn -0.6769 -0.5505 -0.4886
vn -0.4753 -0.3832 -0.7920
vn -0.2595 -0.3047 -0.9164
vn -0.9373 0.3318 0.1069
vn 0.6689 0.5377 0.5133
vn -0.5768 0.5776 0.5776
vn -0.5314 0.4881 0.6923
vn 0.6475 -0.1464 -0.7479
vn 0.1166 0.2443 0.9627
vn 0.3206 0.1835 0.9293
vn -0.3981 -0.0733 -0.9144
vn 0.1795 -0.0220 -0.9835
vn 0.5994 -0.2513 0.7600
vn 0.6090 -0.2080 0.7654
vn 0.6113 -0.6858 -0.3949
vn 0.6299 -0.6922 -0.3522
vn -0.0141 0.0052 -0.9999
vn 0.6227 -0.5728 -0.5330
vn 0.7102 -0.6892 0.1439
vn -0.7659 -0.4882 0.4184
vn 0.8447 -0.3660 -0.3905
vn 0.5236 -0.2321 -0.8197
vn 0.4128 -0.1098 -0.9042
vn -0.5638 -0.4499 0.6926
vn 0.3649 0.9240 0.1140
vn 0.4337 0.4945 0.7533
vn 0.1836 0.3078 -0.9336
vn 0.6669 0.7396 0.0907
vn 0.2439 0.3227 -0.9145
vn 0.8279 0.2904 0.4799
vn 0.7646 0.3433 0.5455
vn 0.5168 -0.6189 -0.5915
vn -0.9235 -0.0269 0.3827
vn -0.8546 0.1805 0.4869
vn -0.2231 -0.7001 -0.6783
vn -0.1947 -0.1568 -0.9683
vn 0.0540 0.9291 -0.3659
vn -0.1794 0.8000 -0.5725
vn -0.7347 -0.5318 -0.4212
vn -0.4217 -0.4748 -0.7725
vn -0.5320 -0.5048 -0.6798
vn -0.5977 -0.6417 -0.4806
vn -0.4298 0.6892 0.5833
vn -0.2367 -0.7863 -0.5707
vn -0.9371 0.3457 -0.0493
vn -0.9261 0.3771 0.0077
vn 0.7902 0.4548 -0.4109
vn 0.1059 0.0232 -0.9941
vn 0.6606 -0.6129 -0.4336
vn -0.6685 -0.2512 -0.7000
vn 0.0357 0.2500 -0.9676
vn -0.8329 -0.2866 -0.4734
vn 0.6185 -0.7055 -0.3459
vn 0.6614 -0.6643 -0.3482
vn 0.2863 -0.2104 -0.9347
vn 0.0401 -0.3530 0.9348
vn -0.2218 -0.4515 0.8643
vn -0.7869 0.5916 0.1754
vn -0.0146 -0.0054 0.9999
vn 0.7400 -0.5471 -0.3913
vn 0.7209 -0.6454 -0.2527
vn 0.5599 0.7607 -0.3284
vn 0.5326 0.4547 0.7138
vn -0.0208 0.7938 0.6078
vn 0.6371 -0.7198 -0.2756
vn 0.7930 -0.5653 0.2269
vn 0.6696 -0.4746 -0.5713
vn -0.7196 -0.0459 -0.6929
vn 0.1870 0.0510 -0.9810
vn -0.6269 -0.5851 0.5145
vn -0.6883 -0.5601 0.4610
vn -0.6708 -0.5089 0.5395
vn 0.4737 0.0295 0.8802
vn 0.8468 0.5159 0.1294
vn -0.2338 0.0112 -0.9722
vn -0.6451 -0.3148 -0.6963
vn -0.7824 -0.0479 -0.6210
vn -0.4309 0.8635 -0.2621
vn 0.7834 0.5526 0.2844
vn 0.0009 0.0052 1.0000
vn -0.6621 -0.2735 0.6977
vn -0.6687 -0.3380 0.6623
vn 0.9334 -0.1653 0.3186
vn -0.8387 0.5446 -0.0027
vn -0.8266 0.5200 -0.2155
vn 0.6364 0.4829 0.6015
vn 0.2242 -0.0987 0.9695
vn -0.2036 -0.8210 -0.5333
vn 0.7311 0.5542 0.3980
vn 0.3195 -0.8435 0.4318
vn -0.0237 0.0385 0.9990
vn -0.9424 -0.3329 0.0322
vn 0.6235 -0.6260 0.4685
vn 0.1074 -0.1303 0.9856
vn -0.5999 -0.2402 0.7632
vn -0.7398 -0.0883 0.6670
vn -0.1255 -0.1516 0.9804
vn 0.8210 -0.5637 0.0908
vn 0.6258 0.4461 -0.6398
vn -0.6768 0.5885 -0.4423
vn -0.7961 0.6051 -0.0072
vn 0.0527 0.0391 0.9978
vn 0.4478 0.0306 0.8936
vn 0.3102 -0.0838 0.9470
vn 0.7479 -0.6018 -0.2801
vn 0.5107 0.8261 -0.2383
vn 0.9527 0.1094 -0.2836
vn 0.5461 0.8225 0.1591
vn 0.6776 0.7353 0.0158
vn 0.4863 0.7094 -0.5102
vn -0.8721 -0.0209 -0.4888
vn -0.5889 -0.0384 -0.8073
vn -0.5595 0.1061 -0.8220
vn -0.6097 -0.6945 -0.3820
vn -0.7086 -0.6655 0.2343
vn 0.0925 0.2704 0.9583
vn -0.2325 0.8778 0.4188
vn -0.8060 -0.5875 -0.0719
vn -0.8265 -0.3816 -0.4139
vn -0.1600 -0.9437 -0.2896
vn -0.5284 -0.1528 0.8351
vn 0.0877 -0.1579 -0.9836
vn 0.8928 0.4195 -0.1640
vn 0.3546 0.0889 -0.9308
vn 0.0337 0.0007 0.9994
vn 0.4652 0.2279 0.8554
vn -0.1848 -0.2919 0.9384
vn 0.5856 0.7851 -0.2016
vn 0.6809 0.2744 0.6791
vn -0.9981 -0.0427 -0.0452
vn -0.9978 -0.0271 0.0604
vn 0.9028 0.4280 0.0427
vn 0.9086 0.3582 0.2148
vn -0.2877 0.6560 0.6977
vn 0.8556 0.1846 0.4836
vn 0.7944 0.3107 0.5219
vn 0.9052 0.3138 0.2867
vn 0.6883 -0.3787 0.6187
vn -0.9979 -0.0235 -0.0603
vn -0.5601 -0.0366 -0.8276
vn 0.5830 -0.3399 0.7380
vn -0.2819 -0.7810 0.5573
vn -0.2909 -0.8001 0.5247
vn -0.9544 -0.2804 0.1024
vn -0.7331 -0.6428 0.2221
vn -0.8632 -0.5034 -0.0377
vn -0.4471 0.4887 0.7491
vn -0.8919 0.4384 0.1105
vn 0.7349 -0.0250 0.6777
vn 0.7821 0.0699 0.6192
vn 0.9035 -0.0049 0.4285
vn -0.0945 0.0772 0.9925
vn -0.5792 -0.5804 -0.5724
vn 0.9141 -0.1822 0.3622
vn 0.8867 -0.2941 0.3568
vn 0.9627 -0.2647 0.0558
vn 0.4315 -0.8669 0.2497
vn 0.4884 -0.8354 0.2521
vn 0.2282 0.3135 0.9218
vn 0.6507 0.7593 0.0045
vn 0.7875 0.0034 -0.6163
vn -0.1317 -0.2239 0.9657
vn 0.0626 -0.2439 0.9678
vn 0.2575 0.4705 0.8440
vn 0.1324 0.2941 0.9466
vn 0.3877 -0.2158 0.8962
vn 0.6861 -0.7058 0.1764
vn 0.9088 0.3864 -0.1576
vn 0.8676 0.3857 -0.3138
vn 0.2944 0.9405 0.1698
vn -0.4787 0.7093 0.5174
vn -0.5550 0.6768 0.4836
vn 0.4101 -0.1890 -0.8923
vn -0.1606 -0.3223 0.9329
vn 0.3222 0.2977 0.8986
vn -0.5003 0.4883 -0.7150
vn -0.0200 -0.1695 -0.9853
vn 0.3136 -0.3106 -0.8973
vn 0.8365 0.2980 0.4599
vn -0.5398 -0.5120 0.6682
vn -0.7738 -0.3292 0.5412
vn -0.6569 -0.5312 0.5350
vn -0.6633 -0.5233 0.5350
vn 0.1173 0.3399 -0.9331
vn 0.4334 0.5611 -0.7052
vn 0.9094 -0.2390 -0.3405
vn 0.8663 -0.3152 -0.3875
vn 0.9254 -0.1567 -0.3451
vn 0.9161 -0.1726 -0.3618
vn 0.9388 -0.1770 -0.2955
vn -0.6352 0.5982 0.4885
vn 0.9392 0.1954 -0.2823
vn 0.4681 -0.5762 0.6700
vn -0.7261 -0.5698 -0.3849
vn 0.4109 0.4885 -0.7698
vn 0.6705 0.3612 -0.6481
vn -0.7216 -0.6919 -0.0241
vn -0.3471 0.1757 -0.9212
vn -0.0823 0.1384 -0.9870
vn 0.6956 -0.4833 0.5316
vn -0.5498 -0.8328 0.0648
vn -0.2599 0.5828 -0.7699
vn 0.0122 0.4653 -0.8851
vn 0.4890 -0.8189 0.3006
vn 0.9332 -0.0537 -0.3553
vn 0.0024 0.0017 1.0000
vn 0.5528 0.3202 -0.7693
vn 0.7470 0.6090 -0.2666
vn 0.6666 -0.4654 0.5822
vn 0.0389 0.0070 -0.9992
vn 0.7434 0.3435 -0.5739
vn 0.9919 0.1140 0.0558
vn -0.9620 0.2411 0.1282
vn 0.9545 0.1140 -0.2756
vn 0.9595 0.1248 -0.2524
vn 0.9514 0.1606 -0.2629
vn 0.6472 0.0183 0.7621
vn -0.4635 -0.7354 0.4944
vn -0.1312 -0.9366 0.3250
vn 0.7501 -0.3723 -0.5465
vn 0.0652 0.1840 0.9808
vn 0.0500 0.9759 0.2125
vn 0.3822 0.0967 -0.9190
vn -0.3689 -0.6722 0.6420
vn -0.9400 -0.2331 -0.2493
vn -0.8873 -0.1002 0.4502
vn 0.9175 -0.0624 0.3927
vn 0.9977 0.0665 -0.0158
vn 0.5230 0.5876 0.6174
vn 0.2654 -0.9099 0.3187
vn 0.1143 -0.5923 0.7976
vn 0.8787 0.4484 -0.1638
vn -0.3369 -0.1728 0.9255
vn -0.8103 0.3112 0.4965
vn 0.6697 0.7373 -0.0894
vn 0.3938 -0.6723 0.6268
vn -0.7130 -0.5502 0.4347
vn -0.5844 -0.5616 0.5857
vn 0.8731 0.0533 -0.4846
vn 0.6587 0.0528 -0.7505
vn 0.4209 0.7421 0.5216
vn -0.4377 0.3261 0.8379
vn 0.5544 0.3850 -0.7378
vn 0.7243 0.4551 -0.5179
vn -0.1285 -0.2296 -0.9648
vn 0.4652 0.0953 -0.8801
vn -0.8586 0.2942 0.4198
vn 0.6568 0.7371 -0.1591
vn -0.1965 -0.8115 0.5504
vn -0.2688 -0.7952 0.5435
vn -0.6276 0.4992 0.5974
vn -0.6288 0.6467 0.4317
vn -0.7263 -0.6873 0.0004
vn -0.5201 -0.2731 0.8092
vn -0.2124 -0.0485 0.9760
vn 0.3949 0.2832 0.8740
vn -0.5710 0.6007 0.5595
vn 0.5972 0.4602 -0.6569
vn 0.8554 0.5036 -0.1207
vn 0.5581 -0.5728 -0.6004
vn 0.5321 -0.5284 -0.6616
vn 0.3663 0.2266 -0.9025
vn 0.5407 0.2705 -0.7966
vn 0.0559 0.0477 0.9973
vn 0.0114 0.0844 0.9964
vn -0.5729 0.4565 0.6807
vn 0.7956 0.1758 -0.5797
vn 0.3157 -0.5349 -0.7837
vn -0.7680 -0.4494 0.4563
vn 0.9503 0.1501 -0.2726
vn 0.8442 0.3611 0.3962
vn -0.7554 -0.1112 -0.6458
vn -0.9273 0.3688 0.0644
vn -0.2715 -0.6243 -0.7325
vn 0.4536 0.0973 -0.8859
vn 0.6979 0.0764 -0.7121
vn 0.3189 -0.8438 0.4317
vn -0.5956 -0.3922 0.7010
vn -0.4339 0.6138 0.6595
vn -0.4554 0.8221 0.3417
vn 0.9839 0.1479 -0.1004
vn 0.3495 -0.3920 0.8510
vn -0.5541 0.2111 -0.8053
vn 0.0251 -0.9936 -0.1102
vn -0.6297 0.0891 0.7717
vn -0.3516 -0.0210 0.9359
vn -0.5462 0.5359 -0.6439
vn -0.4072 0.3901 -0.8258
vn -0.3526 0.3506 -0.8676
vn 0.9301 -0.0930 0.3554
vn 0.9177 -0.0668 0.3916
vn 0.5289 0.2459 0.8123
vn -0.6199 -0.6178 0.4838
vn -0.3912 0.2200 0.8936
vn -0.5702 -0.8049 0.1643
vn 0.7664 0.5711 0.2942
vn -0.2166 0.1762 0.9602
vn 0.1125 0.3200 0.9407
vn 0.5507 0.6940 0.4638
vn -0.7147 -0.6657 0.2147
vn -0.6820 -0.7238 0.1052
vn 0.0134 -0.0038 -0.9999
vn 0.9784 -0.0331 -0.2041
vn -0.5029 -0.8639 0.0276
vn 0.8556 -0.4823 0.1881
vn -0.8061 -0.5240 -0.2751
vn -0.0976 0.9948 -0.0289
vn 0.4529 0.5768 0.6798
vn 0.5622 0.7775 -0.2818
vn 0.4549 0.6528 0.6057
vn 0.8912 -0.3941 -0.2246
vn 0.8792 -0.4484 -0.1611
vn 0.8619 -0.4524 -0.2291
vn -0.9054 0.1818 -0.3837
vn 0.9784 0.1777 0.1056
vn 0.9811 0.1669 0.0975
vn -0.0125 0.1215 0.9925
vn 0.1405 0.4930 0.8586
vn 0.0859 0.3839 0.9194
vn -0.2386 0.2372 0.9417
vn -0.3592 0.1333 -0.9237
vn 0.3707 0.1642 -0.9141
vn -0.8419 0.3405 -0.4187
vn -0.3785 0.6014 0.7036
vn 0.9055 0.4147 0.0898
vn 0.8779 0.4686 -0.0987
vn -0.7986 0.6003 0.0447
vn -0.7238 0.6896 0.0217
vn -0.9119 0.3936 0.1165
vn -0.4897 0.3924 0.7786
vn 0.3728 -0.3692 0.8513
vn -0.4947 -0.2641 0.8279
vn 0.1361 -0.2013 0.9700
vn -0.8565 0.3637 -0.3661
vn 0.5210 0.1016 -0.8475
vn -0.6927 -0.2511 -0.6761
vn -0.1138 0.6759 -0.7281
vn 0.9734 0.0467 -0.2241
vn 0.9898 0.1423 -0.0049
vn -0.5849 0.8083 -0.0680
vn -0.4953 0.2779 -0.8231
vn 0.0254 -0.0367 -0.9990
vn 0.8758 0.1073 0.4706
vn 0.8597 -0.0549 0.5078
vn 0.9344 -0.3240 -0.1479
vn 0.6280 -0.6768 0.3840
vn 0.0733 0.0190 -0.9971
vn 0.3884 0.4712 -0.7919
vn 0.3140 0.3389 -0.8869
vn -0.3729 -0.0706 -0.9252
vn 0.7107 -0.6670 -0.2238
vn 0.8499 0.2836 -0.4441
vn -0.2117 -0.9518 0.2218
vn -0.1275 -0.9847 0.1187
vn 0.5488 0.8337 0.0616
vn 0.6198 0.4309 0.6559
vn 0.8463 0.4812 -0.2286
vn -0.8030 0.5956 -0.0230
vn 0.9172 0.1487 0.3697
vn -0.5038 -0.8638 0.0089
vn -0.4706 -0.8494 0.2387
vn 0.2461 -0.4347 -0.8663
vn 0.5076 -0.8568 0.0910
vn 0.7932 -0.0573 -0.6063
vn 0.9379 -0.0190 0.3463
vn 0.9329 -0.0228 0.3594
vn 0.9230 -0.2805 0.2634
vn 0.6854 0.6516 0.3250
vn 0.2749 0.7040 0.6548
vn -0.9338 0.3524 0.0626
vn -0.5818 -0.2551 -0.7723
vn 0.5850 0.7983 0.1433
vn -0.5071 0.8293 -0.2347
vn -0.1002 -0.1535 0.9831
vn 0.6891 -0.7208 -0.0748
vn 0.7009 -0.6781 -0.2214
vn -0.4276 0.3984 -0.8114
vn 0.0929 -0.2565 -0.9621
vn -0.3726 -0.1250 -0.9195
vn 0.2366 -0.7078 0.6656
vn -0.0890 0.0323 0.9955
vn 0.0094 -0.0111 -0.9999
vn 0.8727 -0.2690 0.4074
vn 0.8599 -0.1926 0.4728
vn 0.3697 -0.4633 0.8054
vn 0.3062 0.6602 0.6858
vn 0.8805 -0.0544 0.4710
vn 0.9169 -0.0680 0.3933
vn 0.5988 -0.7741 -0.2056
vn 0.7887 -0.5664 -0.2391
vn 0.8177 -0.5757 -0.0045
vn -0.6327 0.7594 0.1518
vn -0.6850 0.7277 -0.0354
vn -0.5225 0.8346 -0.1742
vn -0.3431 -0.3988 0.8504
vn 0.5294 0.5409 -0.6535
vn -0.7640 -0.4106 0.4978
vn -0.6521 -0.3953 0.6470
vn 0.2283 -0.1950 -0.9539
vn -0.2718 -0.2878 -0.9183
vn -0.2193 -0.2930 -0.9306
vn 0.0112 -0.0070 -0.9999
vn 0.3779 0.5022 0.7778
vn 0.6344 -0.7368 -0.2339
vn -0.3979 -0.0324 -0.9168
vn -0.6763 0.7077 -0.2044
vn -0.1468 0.9491 -0.2786
vn -0.0134 0.2607 -0.9653
vn 0.0415 0.2692 -0.9622
vn -0.6509 0.1715 -0.7396
vn 0.6163 0.7066 -0.3477
vn -0.8408 -0.0538 -0.5387
vn -0.5454 -0.0923 -0.8331
vn -0.6041 -0.0220 -0.7966
vn 0.5609 0.7836 -0.2673
vn 0.9665 -0.1667 0.1953
vn 0.9728 -0.1661 0.1612
vn -0.8955 0.2199 0.3870
vn 0.0248 -0.2264 0.9737
vn -0.3631 0.7581 0.5417
vn 0.5534 -0.5713 0.6061
vn 0.8213 -0.2867 0.4932
vn 0.8643 -0.1779 0.4705
vn -0.7375 0.3264 -0.5912
vn -0.9422 -0.1511 -0.2991
vn -0.1049 0.1865 -0.9768
vn -0.6861 0.2604 0.6793
vn 0.0997 0.1214 -0.9876
vn -0.6054 0.4365 -0.6656
vn -0.0843 0.1881 0.9785
vn -0.5411 -0.3888 0.7457
vn -0.6483 0.7315 0.2115
vn 0.0262 -0.6873 0.7259
vn 0.5103 0.2409 0.8256
vn 0.0807 -0.0320 0.9962
vn -0.1097 -0.6022 0.7908
vn -0.7748 0.0886 0.6259
vn 0.6286 0.3723 -0.6828
vn 0.8741 0.1523 -0.4612
vn -0.8217 -0.5594 -0.1089
vn -0.7956 -0.5517 -0.2502
vn 0.9612 -0.1432 -0.2357
vn -0.0556 -0.7329 0.6780
vn -0.2586 -0.2808 -0.9243
vn 0.0106 -0.0044 -0.9999
vn -0.6191 -0.0935 0.7797
vn -0.7134 -0.5470 -0.4380
vn -0.4061 0.7264 0.5545
vn 0.1721 -0.1131 0.9786
vn -0.6936 -0.6809 -0.2352
vn 0.9069 -0.1965 0.3727
vn 0.8454 -0.2383 0.4780
vn 0.2558 0.4299 0.8659
vn -0.9949 0.0126 -0.1005
vn -0.9705 0.0609 0.2334
vn 0.5606 0.4547 0.6921
vn 0.9282 0.0927 -0.3604
vn -0.0116 0.0471 -0.9988
vn 0.4154 0.0734 -0.9067
vn 0.5454 -0.6742 0.4981
vn 0.4153 -0.5247 0.7431
vn -0.2587 -0.7518 -0.6065
vn 0.1244 -0.9866 -0.1058
vn 0.4316 0.8346 0.3424
vn 0.5687 0.7619 -0.3100
vn -0.5574 0.5727 0.6011
vn -0.9326 -0.1061 -0.3450
vn -0.9710 -0.1299 -0.2008
vn -0.8574 -0.3256 -0.3985
vn -0.4959 -0.7208 0.4843
vn -0.5437 -0.7001 0.4630
vn 0.8900 -0.4088 0.2018
vn 0.9631 0.1685 -0.2097
vn 0.6916 -0.6976 0.1872
vn 0.6075 -0.6458 -0.4625
vn 0.4305 -0.5105 -0.7443
vn 0.2342 0.1014 -0.9669
vn 0.0048 0.0018 1.0000
vn -0.0192 0.0006 0.9998
vn 0.7284 -0.6394 -0.2461
vn 0.8019 -0.5590 -0.2107
vn 0.7998 -0.5433 -0.2553
vn 0.0108 0.0780 0.9969
vn -0.5846 0.2588 0.7690
vn 0.7370 -0.4127 0.5353
vn 0.6862 -0.7250 0.0592
vn -0.4581 0.7776 0.4306
vn -0.4533 0.8603 0.2333
vn 0.7694 -0.6363 0.0569
vn 0.4484 -0.3368 -0.8280
vn 0.3945 0.1198 -0.9111
vn -0.0007 0.0478 -0.9989
vn -0.6695 -0.0906 0.7373
vn -0.9966 -0.0824 0.0050
vn 0.4151 -0.4061 0.8141
vn 0.4652 0.1954 0.8634
vn 0.2372 0.1017 0.9661
vn -0.0999 0.8659 0.4902
vn -0.6067 -0.6983 0.3798
vn -0.5450 -0.5841 0.6015
vn 0.4658 0.5097 0.7233
vn 0.8420 -0.4798 -0.2468
vn 0.8206 -0.4427 -0.3614
vn -0.9955 -0.0831 -0.0463
vn 0.0509 -0.0477 0.9976
vn -0.4325 -0.3632 0.8253
vn 0.2280 0.1902 -0.9549
vn -0.6403 0.5259 0.5599
vn -0.6675 0.7445 -0.0114
vn 0.4104 0.2242 -0.8839
vn 0.9986 0.0523 -0.0028
vn 0.0020 0.2076 -0.9782
vn 0.0214 0.0067 -0.9997
vn 0.0396 0.2712 0.9617
vn 0.2657 -0.0148 0.9639
vn -0.9511 -0.2291 -0.2074
vn -0.8284 -0.2632 -0.4945
vn -0.8119 -0.1881 -0.5527
vn 0.9529 -0.2102 0.2185
vn 0.8675 -0.4936 -0.0611
vn 0.4357 0.0690 -0.8974
vn 0.2069 0.2637 0.9422
vn 0.8649 0.5001 -0.0433
vn -0.8178 0.4047 -0.4093
vn -0.7169 0.6064 -0.3439
vn 0.2645 -0.2870 -0.9207
vn -0.4082 0.7369 -0.5389
vn 0.0101 -0.0038 -0.9999
vn -0.6323 0.7734 -0.0445
vn 0.0448 0.9308 0.3627
vn 0.1566 0.8702 -0.4671
vn 0.8614 -0.4865 -0.1463
vn 0.8280 -0.4070 0.3857
vn -0.7064 -0.7078 0.0091
vn 0.9459 -0.2310 0.2280
vn -0.4924 -0.5269 0.6928
vn -0.6613 0.3416 0.6678
vn -0.2531 0.5770 0.7765
vn -0.0140 0.2363 0.9716
vn 0.0813 0.0802 0.9935
vn -0.9136 -0.1471 -0.3792
vn 0.4843 -0.8347 -0.2622
vn -0.4687 0.1635 0.8681
vn 0.5175 -0.2451 -0.8198
vn -0.1826 -0.4396 -0.8795
vn -0.5473 0.2137 0.8092
vn 0.7024 -0.6536 0.2819
vn 0.8091 -0.4811 0.3375
vn 0.3858 0.2002 0.9006
vn 0.6266 -0.0156 0.7792
vn -0.5800 0.0359 -0.8138
vn 0.6049 -0.2689 0.7495
vn -0.2911 -0.4818 -0.8265
vn -0.9011 0.0176 -0.4332
vn -0.8272 -0.5147 0.2253
vn -0.8464 -0.5324 -0.0136
vn -0.0007 -0.0042 1.0000
vn 0.0027 0.0013 1.0000
vn -0.7762 -0.0893 -0.6241
vn 0.5088 -0.0565 -0.8590
vn 0.9337 0.1961 0.2997
vn 0.8499 -0.5208 -0.0802
vn 0.7139 -0.5168 0.4724
vn -0.4790 -0.7109 0.5150
vn -0.5438 -0.6684 0.5074
vn -0.7450 0.5435 0.3866
vn 0.7526 -0.6508 0.1004
vn 0.8026 -0.2667 -0.5335
vn -0.8695 0.2341 -0.4350
vn -0.9161 -0.3828 -0.1192
vn 0.9679 0.0085 -0.2510
vn 0.4122 0.3553 0.8390
vn 0.5790 0.5695 0.5835
vn 0.3819 0.4812 0.7891
vn 0.1163 0.0624 0.9913
vn -0.2065 -0.8449 -0.4935
vn -0.5609 -0.2480 -0.7899
vn -0.5508 -0.7293 0.4059
vn -0.3806 0.3679 -0.8484
vn -0.7612 0.6485 -0.0079
vn -0.7529 0.6425 0.1422
vn 0.2393 -0.9009 -0.3621
vn -0.1940 0.3285 -0.9244
vn -0.0683 0.1369 -0.9882
vn 0.2140 0.2884 -0.9333
vn -0.9920 0.1243 0.0210
vn 0.7994 0.5785 0.1624
vn 0.3468 -0.2274 -0.9099
vn -0.8975 0.4408 0.0108
vn -0.8756 0.4671 0.1232
vn 0.6640 -0.3612 -0.6547
vn 0.7136 -0.4158 0.5639
vn 0.8984 -0.4332 -0.0724
vn 0.0979 -0.3188 -0.9427
vn 0.0003 0.0095 -1.0000
vn 0.5413 0.8291 -0.1399
vn 0.5870 0.4320 -0.6847
vn -0.4766 0.4756 0.7394
vn -0.7768 0.6259 0.0692
vn 0.6088 -0.7650 -0.2103
vn 0.4840 -0.1307 0.8652
vn -0.4611 -0.1502 -0.8746
vn -0.2926 -0.3449 -0.8919
vn 0.8090 -0.5814 -0.0868
vn -0.9759 0.1534 -0.1554
vn -0.7911 0.4483 0.4161
vn 0.2200 -0.1334 0.9663
vn -0.0029 0.0068 1.0000
vn 0.7959 -0.5563 0.2388
vn 0.6365 0.6423 0.4269
vn 0.5780 0.7674 -0.2774
vn -0.5029 0.8292 0.2442
vn 0.0033 -0.0016 1.0000
vn 0.4877 0.7914 0.3685
vn 0.8155 0.5784 -0.0179
vn 0.7814 0.3939 0.4841
vn -0.8270 -0.4547 0.3306
vn 0.7212 -0.3483 0.5989
vn 0.8847 -0.4556 -0.0984
vn 0.9455 -0.1761 -0.2740
vn 0.8701 -0.4753 -0.1304
vn 0.4327 -0.1531 0.8885
vn -0.9019 -0.4319 -0.0034
vn 0.9557 0.2361 0.1760
vn 0.6814 0.1349 0.7194
vn -0.7550 0.6046 0.2537
vn -0.3050 -0.8325 0.4625
vn 0.5584 0.4419 -0.7020
vn 0.6230 0.7268 0.2893
vn -0.8576 0.5007 0.1176
vn 0.0944 -0.5714 -0.8152
vn 0.4131 -0.5531 -0.7234
vn 0.0064 -0.0512 -0.9987
vn -0.0119 -0.0101 -0.9999
vn -0.6564 0.6472 -0.3877
vn 0.0558 0.9822 -0.1796
vn 0.6582 0.6730 0.3375
vn -0.9507 0.0685 -0.3026
vn 0.0370 -0.1399 0.9895
vn -0.9394 0.3429 -0.0018
vn -0.9708 0.0013 0.2399
vn 0.5319 -0.0494 0.8454
vn 0.6328 0.7703 -0.0783
vn 0.5205 0.2670 0.8110
vn 0.7136 0.2942 0.6358
vn -0.8478 -0.5302 -0.0119
vn -0.1038 -0.4343 -0.8948
vn 0.6692 0.5703 -0.4763
vn -0.5776 -0.4992 0.6459
vn 0.9110 -0.3540 -0.2115
vn 0.7057 -0.7035 0.0841
vn 0.7755 -0.4654 0.4266
vn 0.4926 -0.1733 0.8528
vn 0.6792 0.5310 -0.5067
vn 0.5425 -0.7587 -0.3608
vn -0.6813 -0.4314 0.5913
vn 0.9470 0.0076 0.3211
vn 0.3082 0.2001 -0.9300
vn -0.3751 -0.1773 -0.9099
vn 0.3992 0.6240 -0.6718
vn -0.9124 -0.3613 0.1923
vn -0.8942 -0.4014 0.1982
vn -0.8659 -0.3988 0.3020
vn -0.6696 -0.3668 -0.6458
vn -0.7493 0.5867 -0.3072
vn 0.8786 -0.1726 -0.4452
vn -0.6985 0.5644 0.4399
vn 0.7202 0.6936 0.0185
vn 0.5035 0.5029 0.7025
vn -0.7814 0.4058 0.4741
vn -0.3299 -0.7959 0.5076
vn 0.4136 -0.3596 0.8364
vn -0.0637 -0.8139 0.5775
vn -0.0716 -0.2342 -0.9696
vn -0.0208 -0.2737 -0.9616
vn 0.5598 -0.3077 0.7694
vn -0.8325 -0.3137 -0.4567
vn 0.0562 0.0021 0.9984
vn -0.8670 -0.4672 0.1732
vn -0.0565 0.5225 0.8507
vn -0.0036 0.4192 0.9079
vn -0.7963 -0.6049 0.0002
vn -0.8065 -0.5019 -0.3126
vn 0.9787 0.1529 0.1368
vn 0.9650 0.1856 0.1852
vn 0.3149 0.0266 0.9487
vn -0.7863 -0.5603 -0.2602
vn -0.6434 -0.3027 0.7031
vn -0.8791 0.4765 -0.0104
vn -0.2127 -0.5696 -0.7939
vn -0.1595 -0.0148 -0.9871
vn 0.5513 -0.2727 -0.7885
vn -0.7911 -0.3857 0.4747
vn -0.8423 -0.5030 -0.1939
vn 0.2345 0.2293 -0.9447
vn -0.6511 0.4769 0.5905
vn -0.8925 -0.4503 -0.0253
vn -0.6145 -0.3104 0.7253
vn -0.1295 0.0457 -0.9905
vn -0.8763 0.4809 0.0287
vn 0.8669 0.3441 -0.3606
vn -0.5274 0.5313 -0.6629
vn 0.7342 0.0120 0.6788
vn -0.8629 0.0683 0.5008
vn 0.9783 0.1891 0.0841
vn -0.6000 -0.6355 0.4859
vn -0.5494 -0.6471 0.5286
vn -0.0896 0.0504 -0.9947
vn 0.3244 0.1520 -0.9336
vn 0.0047 -0.0076 -1.0000
vn -0.3648 0.1044 -0.9252
vn 0.4295 0.5522 0.7145
vn 0.0859 0.1234 0.9886
vn -0.3807 0.0924 -0.9201
vn -0.9853 0.1598 -0.0608
vn 0.9776 0.2105 -0.0061
vn 0.6308 -0.3205 -0.7067
vn 0.4966 -0.8617 -0.1042
vn -0.9261 -0.3677 -0.0848
vn 0.0705 -0.2118 -0.9748
vn 0.6453 -0.7545 0.1201
vn 0.5090 -0.6050 -0.6123
vn -0.5623 -0.7911 0.2408
vn 0.7463 -0.1348 -0.6518
vn 0.4226 0.3428 0.8390
vn 0.0720 0.2846 0.9559
vn -0.9154 -0.1812 -0.3594
vn -0.6480 0.3075 -0.6968
vn -0.4500 -0.1908 -0.8724
vn -0.3314 -0.1669 -0.9286
vn 0.3010 -0.1620 -0.9398
vn -0.1250 0.7821 0.6105
vn -0.6877 0.1644 -0.7071
vn -0.9387 0.2178 -0.2673
vn -0.3559 0.2962 0.8863
vn 0.5006 0.2580 -0.8264
vn -0.5554 -0.7775 0.2948
vn -0.6688 -0.7270 0.1555
vn 0.0270 0.4522 0.8915
vn 0.0026 0.0036 -1.0000
vn 0.9366 -0.0767 -0.3418
vn 0.5345 0.6845 0.4957
vn -0.9209 -0.3586 0.1528
vn -0.7071 -0.2663 -0.6551
vn -0.7263 0.5016 0.4699
vn -0.3026 -0.0182 0.9529
vn -0.4557 -0.4906 -0.7427
vn 0.7853 -0.1227 0.6069
vn -0.1692 -0.9029 0.3952
vn 0.8793 -0.3067 -0.3644
vn 0.9204 -0.3906 0.0161
vn 0.8730 -0.4271 -0.2357
vn 0.0061 0.0013 1.0000
vn 0.9632 0.1346 0.2327
vn 0.6286 0.0208 0.7775
vn -0.1748 -0.0746 0.9818
vn 0.6902 -0.3740 -0.6194
vn 0.6095 -0.5126 -0.6048
vn 0.6412 0.3386 -0.6886
vn 0.7396 0.5025 -0.4478
vn 0.7811 0.5245 -0.3388
vn 0.6957 0.6427 -0.3209
vn -0.3790 0.8704 -0.3143
vn -0.8025 -0.0169 0.5965
vn -0.9530 -0.0553 0.2979
vn 0.8567 -0.3197 0.4049
vn 0.8460 -0.2675 0.4612
vn -0.3657 0.0143 0.9306
vn 0.4122 0.2181 0.8846
vn 0.6904 -0.5806 0.4316
vn 0.7812 -0.4367 0.4462
vn 0.1562 0.8364 0.5254
vn 0.2575 0.9539 0.1545
vn 0.7856 0.1280 0.6054
vn -0.6922 0.5925 0.4121
vn 0.6791 -0.1123 0.7254
vn 0.4472 0.3343 0.8296
vn 0.6971 -0.4419 0.5646
vn 0.8569 0.0370 0.5141
vn -0.6393 0.3461 -0.6867
vn 0.4306 0.6541 -0.6219
vn 0.5198 -0.6365 -0.5698
vn -0.3608 -0.7175 0.5959
vn -0.5463 0.5274 -0.6507
vn 0.3039 0.8640 -0.4014
vn 0.2506 0.6258 -0.7386
vn 0.4894 -0.3021 0.8180
vn -0.5395 0.8417 -0.0201
vn -0.9038 -0.1783 -0.3890
vn 0.7306 0.6767 -0.0906
vn 0.7659 0.6197 -0.1712
vn 0.8867 0.3814 -0.2614
vn -0.7913 -0.2008 -0.5775
vn -0.8165 -0.3964 -0.4198
vn -0.5496 -0.4317 -0.7152
vn 0.2243 0.2809 -0.9332
vn -0.8111 -0.0353 -0.5839
vn 0.5495 -0.1675 0.8185
vn 0.8936 0.1867 0.4082
vn 0.4494 -0.1031 0.8874
vn 0.7886 -0.4893 0.3724
vn 0.9260 -0.3080 -0.2185
vn -0.7846 -0.6000 0.1564
vn -0.1039 -0.7340 -0.6712
vn 0.2467 -0.3410 0.9071
vn -0.7629 -0.6347 0.1232
vn -0.0080 -0.3674 -0.9300
vn 0.7388 0.2562 0.6233
vn 0.0061 0.0073 -1.0000
vn -0.1898 -0.9708 0.1468
vn -0.1931 0.1124 0.9747
vn 0.6458 -0.7603 0.0703
vn -0.2716 0.6597 -0.7007
vn -0.9983 -0.0590 -0.0034
vn 0.6733 -0.0856 0.7344
vn -0.2913 0.1461 0.9454
vn -0.4379 0.1369 0.8886
vn -0.8243 -0.4803 0.2998
vn 0.4033 -0.3987 -0.8237
vn 0.5079 0.4191 0.7526
vn -0.4962 0.7267 0.4751
vn -0.6641 -0.4321 -0.6101
vn 0.5842 -0.3644 0.7253
vn -0.3308 0.1758 0.9272
vn -0.6969 -0.7169 -0.0169
vn 0.6577 0.6851 -0.3133
vn 0.6058 -0.0926 0.7902
vn 0.4594 -0.0701 0.8855
vn 0.5949 -0.1426 0.7911
vn 0.8462 0.4943 0.1988
vn -0.3736 -0.4261 0.8239
vn 0.9471 0.0977 -0.3057
vn 0.1981 -0.9211 0.3352
vn -0.7266 0.2937 0.6211
vn -0.7119 -0.5452 0.4427
vn -0.4861 0.3633 -0.7948
vn -0.4210 -0.0406 -0.9062
vn 0.0957 -0.0229 0.9951
vn -0.1121 -0.7113 0.6939
vn -0.7788 0.4788 0.4052
vn -0.5238 0.3312 0.7848
vn -0.6075 -0.7679 0.2029
vn 0.5372 -0.5455 -0.6433
vn 0.9044 -0.4256 -0.0301
vn 0.5797 -0.3173 -0.7505
vn 0.7574 -0.1950 0.6232
vn -0.5949 -0.6753 -0.4359
vn -0.6230 0.4476 -0.6415
vn 0.8362 -0.5369 0.1116
vn -0.8225 0.2234 -0.5230
vn -0.7785 0.0870 -0.6215
vn 0.5899 -0.8062 -0.0455
vn -0.2631 -0.9313 0.2519
vn 0.0389 -0.0345 -0.9986
vn -0.9838 -0.1605 0.0799
vn 0.0728 -0.2893 0.9545
vn 0.7149 0.6733 0.1885
vn 0.6916 0.7208 -0.0462
vn -0.4703 -0.8233 -0.3179
vn 0.4383 -0.7913 -0.4264
vn 0.4104 0.7824 0.4684
vn 0.5844 -0.3134 0.7485
vn 0.8230 -0.4793 -0.3047
vn 0.0817 -0.3599 -0.9294
vn 0.2406 -0.2852 -0.9278
vn 0.7953 -0.4265 -0.4309
vn -0.5147 0.1513 -0.8439
vn -0.0589 -0.9609 0.2706
vn -0.7657 -0.3923 -0.5098
vn 0.8684 -0.4473 0.2142
vn 0.3659 0.5233 0.7696
vn 0.0114 0.0047 -0.9999
vn 0.3640 -0.3840 0.8486
vn 0.0067 -0.0090 -0.9999
vn 0.0012 -0.0028 -1.0000
vn -0.9917 0.1215 -0.0425
vn -0.8489 -0.3301 0.4129
vn -0.3023 0.1434 0.9424
vn 0.9807 -0.1937 -0.0261
vn 0.8491 0.5282 0.0009
vn 0.8015 0.4993 0.3291
vn 0.5225 -0.4306 -0.7359
vn -0.4961 0.0063 -0.8682
vn -0.3488 0.1069 -0.9311
vn -0.2939 -0.9282 -0.2281
vn -0.6111 -0.7856 -0.0963
vn -0.8537 0.1343 -0.5031
vn 0.0077 0.4693 -0.8830
vn 0.8581 0.2650 -0.4398
vn 0.7581 0.6520 -0.0094
vn 0.9251 0.0314 -0.3784
vn -0.3116 0.1762 -0.9337
vn 0.5767 0.3452 -0.7404
vn -0.0709 0.0775 -0.9945
vn -0.2006 0.0629 -0.9777
vn 0.1654 0.0551 -0.9847
vn 0.1535 0.0818 -0.9848
vn -0.9248 0.2206 0.3101
vn 0.6197 0.7798 -0.0883
vn -0.1385 -0.9181 0.3714
vn 0.2167 -0.1043 0.9706
vn 0.9820 0.1819 0.0503
vn 0.9106 -0.4113 0.0400
vn -0.4983 0.2794 0.8207
vn 0.6408 0.6049 -0.4727
vn -0.3946 0.3701 0.8410
vn -0.5991 -0.3999 0.6936
vn -0.5156 -0.3658 0.7748
vn 0.8864 0.2017 0.4167
vn 0.8711 0.4479 0.2013
vn 0.0031 -0.0049 -1.0000
vn 0.5651 0.6655 0.4877
vn -0.1957 0.0040 -0.9807
vn 0.5561 0.4448 -0.7020
vn 0.6302 0.4417 -0.6385
vn 0.9941 -0.0966 0.0494
vn -0.3250 0.8574 0.3990
vn -0.8048 -0.1030 -0.5845
vn 0.4326 0.7754 0.4600
vn -0.1807 -0.7709 0.6108
vn 0.2157 -0.0027 -0.9765
vn 0.5994 0.1913 0.7773
vn -0.8408 -0.4784 -0.2535
vn -0.9486 -0.0744 -0.3077
vn 0.7331 0.5055 -0.4549
vn -0.3673 -0.3143 0.8754
vn 0.8754 0.2406 -0.4193
vn 0.4486 0.5585 0.6977
vn 0.5976 0.7761 0.2014
vn -0.6269 0.7442 0.2306
vn -0.8220 0.5461 -0.1614
vn -0.8710 0.2004 -0.4486
vn -0.7097 0.0913 -0.6986
vn -0.5287 -0.2644 0.8066
vn 0.5367 0.2082 0.8177
vn -0.7338 0.0049 0.6793
vn 0.4720 0.0690 0.8789
vn -0.1023 0.3405 0.9347
vn -0.1588 0.0156 0.9872
vn 0.8190 -0.5736 0.0117
vn -0.6128 0.5631 -0.5545
vn -0.9367 -0.1237 -0.3276
vn -0.0356 -0.6353 0.7714
vn -0.0268 0.8435 -0.5365
vn 0.6249 -0.5202 -0.5821
vn 0.7934 -0.5925 -0.1394
vn 0.8792 0.2007 0.4321
vn 0.4837 0.4935 0.7228
vn -0.4154 0.3792 -0.8268
vn 0.7063 -0.6931 -0.1440
vn -0.6866 -0.3943 0.6108
vn -0.8954 0.2304 0.3810
vn -0.2211 -0.9572 0.1869
vn 0.2967 0.7830 -0.5468
vn 0.2276 0.9269 0.2984
vn -0.0048 -0.0076 1.0000
vn -0.8342 0.4107 0.3680
vn -0.3917 0.9098 0.1373
vn -0.6566 -0.3225 -0.6818
vn 0.9157 0.0249 0.4012
vn -0.8142 -0.5805 -0.0084
vn -0.2190 0.2191 -0.9508
vn 0.6713 -0.6739 0.3086
vn -0.6063 -0.2313 0.7609
vn -0.0552 0.8039 -0.5921
vn 0.4606 0.0804 0.8840
vn 0.0538 0.1784 -0.9825
vn 0.0736 0.3811 0.9216
vn 0.0208 -0.0256 -0.9995
vn -0.7302 -0.5493 -0.4063
vn 0.0641 0.4110 -0.9094
vn 0.9829 0.1717 0.0660
vn -0.7209 0.6895 -0.0701
vn -0.4162 -0.7172 0.5589
vn -0.4588 -0.6793 0.5727
vn 0.5958 -0.2471 -0.7642
vn 0.7449 0.6621 0.0817
vn 0.0012 0.0001 -1.0000
vn -0.6386 0.6250 0.4490
vn 0.8948 -0.4069 0.1839
vn 0.2072 -0.9181 -0.3378
vn 0.2766 -0.9091 -0.3114
vn 0.3415 0.1902 -0.9204
vn 0.9584 -0.2307 0.1681
vn 0.6534 0.3585 0.6668
vn 0.3386 0.7362 0.5859
vn 0.5219 0.7252 0.4492
vn 0.6222 0.4662 0.6289
vn -0.8272 0.0289 -0.5612
vn 0.9442 0.1272 0.3039
vn -0.9442 0.0375 -0.3272
vn 0.6439 0.5980 0.4773
vn -0.3599 -0.7757 -0.5184
vn -0.3625 -0.7559 -0.5451
vn 0.6531 0.7554 0.0529
vn 0.6783 0.0931 -0.7288
vn -0.3362 -0.0376 -0.9410
vn 0.2236 -0.0319 -0.9742
vn -0.2921 -0.2796 0.9146
vn 0.2554 0.3483 -0.9019
vn -0.4684 -0.0874 -0.8792
vn -0.5687 0.2221 -0.7920
vn -0.1221 -0.0408 -0.9917
vn 0.6078 -0.5445 0.5780
vn 0.8871 0.2705 0.3740
vn 0.8199 0.4329 0.3746
vn -0.4408 -0.2198 0.8703
vn 0.4551 0.5569 -0.6948
vn -0.7119 0.6499 0.2661
vn 0.9471 0.1492 0.2841
vn -0.6610 0.1018 -0.7434
vn 0.0123 0.1931 0.9811
vn 0.4761 0.7285 0.4925
vn 0.3398 0.7573 0.5578
vn 0.5328 0.5335 -0.6569
vn -0.5414 -0.4470 0.7121
vn 0.7982 0.3068 -0.5185
vn -0.1840 -0.4161 0.8905
vn 0.0700 0.8806 -0.4686
vn -0.0070 -0.1017 0.9948
vn -0.1036 0.0072 0.9946
vn -0.4286 -0.3685 0.8249
vn -0.9056 0.2430 0.3477
vn 0.9445 0.1506 -0.2921
vn 0.8769 -0.2867 -0.3857
vn 0.6621 -0.7494 0.0032
vn 0.7252 -0.5430 0.4233
vn 0.8176 -0.5752 -0.0255
vn 0.8116 -0.5832 -0.0339
vn 0.5875 -0.4386 -0.6801
vn 0.3898 0.5099 -0.7669
vn -0.8447 -0.4208 -0.3307
vn -0.1418 -0.9805 -0.1364
vn -0.6559 0.5676 0.4976
vn 0.5341 -0.3114 -0.7860
vn 0.8492 -0.4962 -0.1805
vn -0.9486 0.2521 0.1911
vn 0.9225 -0.1814 -0.3406
vn 0.8835 -0.2527 -0.3945
vn -0.5273 0.5504 0.6473
vn -0.8292 0.5167 0.2133
vn 0.5558 -0.1596 0.8159
vn -0.5588 0.4452 -0.6997
vn -0.4715 0.4616 -0.7514
vn -0.4020 -0.3907 0.8281
vn 0.9614 -0.1153 -0.2499
vn -0.6649 -0.7291 -0.1621
vn 0.9195 0.3641 0.1483
vn 0.7865 -0.4746 -0.3952
vn 0.0244 0.2015 -0.9792
vn -0.1445 0.3683 0.9184
vn -0.3758 0.6058 0.7013
vn 0.4442 0.8488 -0.2868
vn 0.5948 0.4727 -0.6502
vn -0.9790 -0.2013 0.0317
vn -0.5480 0.6164 0.5655
vn 0.6800 -0.7003 0.2174
vn 0.7485 -0.6614 -0.0472
vn 0.5717 -0.5432 0.6149
vn 0.7958 -0.4717 0.3797
vn -0.2661 -0.9458 -0.1862
vn -0.3262 -0.9391 -0.1081
vn -0.0127 0.2574 -0.9662
vn -0.9292 -0.3351 0.1558
vn 0.8823 0.2768 0.3806
vn 0.9186 0.0547 0.3914
vn 0.9112 0.1190 0.3944
vn 0.9364 0.1262 0.3274
vn -0.6058 0.2543 0.7539
vn 0.0102 -0.0097 -0.9999
vn -0.4112 0.5342 -0.7386
vn 0.9183 -0.1440 0.3687
vn -0.4263 -0.2372 0.8729
vn 0.8123 0.5631 -0.1519
vn -0.3752 -0.7560 -0.5364
vn -0.3303 -0.5379 0.7756
vn 0.1389 -0.1020 0.9850
vn -0.0918 -0.1502 0.9844
vn -0.9765 0.2129 0.0348
vn 0.4241 0.2419 0.8727
vn -0.2482 0.1105 0.9624
vn -0.4232 0.7892 0.4451
vn -0.0110 -0.0040 0.9999
vn 0.3772 0.7120 -0.5923
vn 0.9051 0.2743 0.3250
vn 0.9038 -0.1629 0.3957
vn 0.0133 0.0036 -0.9999
vn -0.2805 -0.5446 -0.7904
vn -0.7183 -0.2007 -0.6661
vn 0.7704 -0.3693 0.5197
vn 0.0035 -0.0090 -1.0000
vn 0.2264 0.2030 -0.9527
vn 0.8349 -0.0188 0.5500
vn 0.3147 0.9473 0.0598
vn -0.0314 -0.0029 0.9995
vn 0.7857 -0.6048 0.1301
vn -0.8595 -0.5107 -0.0209
vn -0.8390 -0.1183 0.5312
vn -0.1917 0.2416 -0.9512
vn -0.6350 -0.2404 -0.7342
vn -0.5420 0.6383 0.5466
vn -0.0607 -0.8356 0.5460
vn 0.5950 0.6000 0.5348
vn 0.1805 0.7276 -0.6618
vn 0.3032 -0.9204 0.2467
vn -0.9528 -0.3036 -0.0063
vn -0.2640 0.6045 0.7516
vn -0.7990 -0.5402 -0.2644
vn -0.2698 0.5754 0.7721
vn -0.8181 0.4377 -0.3730
vn -0.8084 -0.5735 0.1327
vn -0.5327 0.7448 0.4019
vn 0.8059 0.2749 -0.5243
vn 0.9770 0.1999 0.0737
vn 0.6498 0.4106 0.6397
vn 0.8505 0.4740 -0.2279
vn 0.6696 0.4281 0.6070
vn 0.7387 -0.4247 0.5235
vn -0.4532 -0.8905 0.0398
vn 0.0359 0.1757 0.9838
vn -0.0438 -0.0424 0.9981
vn -0.7035 0.6004 -0.3804
vn -0.4062 -0.5917 -0.6964
vn -0.0029 0.0656 -0.9978
vn 0.7022 -0.0428 0.7107
vn 0.2406 0.1367 -0.9609
vn 0.2623 0.1603 -0.9516
vn -0.6565 -0.7473 -0.1023
vn -0.1435 0.2792 0.9495
vn 0.5949 -0.4325 0.6776
vn 0.1858 -0.0345 -0.9820
vn -0.6939 -0.6340 -0.3413
vn -0.0962 -0.0533 -0.9939
vn 0.7210 0.2610 -0.6419
vn 0.6560 -0.5112 -0.5553
vn -0.9254 0.2200 0.3086
vn -0.0828 -0.1341 0.9875
vn 0.8552 -0.3140 0.4123
vn -0.6201 -0.2910 0.7286
vn 0.6753 -0.5141 -0.5289
vn 0.3037 0.0497 -0.9515
vn 0.0054 -0.0087 -0.9999
vn -0.8620 -0.4722 0.1841
vn 0.6165 0.7362 -0.2791
vn -0.7808 -0.2575 -0.5692
vn 0.7038 -0.4816 0.5222
vn -0.9911 -0.0147 -0.1321
vn -0.8593 0.5023 -0.0967
vn -0.4205 -0.7766 0.4691
vn -0.4240 -0.7745 -0.4694
vn 0.2455 0.3559 0.9017
vn -0.5286 -0.4879 -0.6947
vn -0.5047 -0.5605 0.6566
vn -0.1522 -0.1792 0.9720
vn 0.1067 0.6443 0.7573
vn 0.9110 0.3900 0.1340
vn 0.3359 0.9282 0.1602
vn -0.3531 0.2359 0.9054
vn 0.9163 -0.1685 0.3633
vn 0.5565 0.8159 0.1566
vn -0.8735 -0.4258 0.2360
vn -0.4515 -0.5390 0.7111
vn -0.8124 0.5825 0.0281
vn 0.3415 0.4188 -0.8414
vn 0.1697 0.4115 0.8955
vn -0.6607 -0.6030 -0.4471
vn 0.3729 -0.3714 -0.8503
vn 0.8858 -0.4168 -0.2041
vn 0.7982 -0.1469 0.5842
vn -0.8240 -0.5595 -0.0893
vn -0.3677 -0.2702 -0.8898
vn 0.5759 -0.5092 0.6396
vn -0.5848 0.8081 0.0708
vn -0.4710 -0.3374 0.8150
vn -0.6927 -0.3575 0.6264
vn 0.7610 0.3914 0.5174
vn 0.7244 -0.5986 0.3420
vn 0.6588 -0.6584 0.3640
vt 0.693848 0.256836
vt 0.699707 0.262695
vt 0.689941 0.263672
vt 0.605469 0.190430
vt 0.594238 0.193359
vt 0.597656 0.185059
vt 0.594727 0.178223
vt 0.694824 0.265137
vt 0.604004 0.175781
vt 0.179688 0.414062
vt 0.186035 0.411621
vt 0.187622 0.420410
vt 0.197632 0.415039
vt 0.185791 0.434570
vt 0.193726 0.436035
vt 0.597656 0.457031
vt 0.611816 0.460938
vt 0.595703 0.463379
vt 0.619141 0.459473
vt 0.610352 0.451172
vt 0.677246 0.143555
vt 0.671387 0.146484
vt 0.670898 0.141602
vt 0.473877 0.302734
vt 0.466553 0.293457
vt 0.485352 0.288086
vt 0.470215 0.306641
vt 0.438477 0.041504
vt 0.430664 0.038086
vt 0.437744 0.035156
vt 0.424072 0.033203
vt 0.423828 0.038086
vt 0.422607 0.033203
vt 0.426758 0.028320
vt 0.218262 0.225098
vt 0.220947 0.222168
vt 0.224609 0.226562
vt 0.230225 0.221680
vt 0.214355 0.221191
vt 0.216064 0.230469
vt 0.800293 0.215332
vt 0.805176 0.215820
vt 0.806152 0.223633
vt 0.789551 0.222168
vt 0.670898 0.715820
vt 0.687500 0.707520
vt 0.689453 0.712158
vt 0.569824 0.227539
vt 0.555176 0.216309
vt 0.566406 0.195801
vt 0.577637 0.208008
vt 0.665527 0.955505
vt 0.664062 0.962769
vt 0.660156 0.957458
vt 0.901855 0.885620
vt 0.891113 0.885193
vt 0.898926 0.878235
vt 0.889160 0.872437
vt 0.892090 0.874146
vt 0.624512 0.862427
vt 0.625000 0.866333
vt 0.617188 0.865967
vt 0.617188 0.851929
vt 0.048126 0.871704
vt 0.031494 0.871094
vt 0.034302 0.860229
vt 0.043243 0.882202
vt 0.173828 0.128418
vt 0.177734 0.118164
vt 0.186401 0.118652
vt 0.173218 0.112793
vt 0.182983 0.109375
vt 0.181396 0.104492
vt 0.189941 0.113770
vt 0.177856 0.131348
vt 0.169556 0.119141
vt 0.237183 0.619385
vt 0.233643 0.622803
vt 0.229736 0.616943
vt 0.232056 0.607910
vt 0.227417 0.618896
vt 0.239380 0.622559
vt 0.229980 0.627441
vt 0.192139 0.408691
vt 0.185669 0.407715
vt 0.302490 0.822388
vt 0.292480 0.809570
vt 0.302979 0.809570
vt 0.116943 0.904846
vt 0.107178 0.893127
vt 0.118042 0.895874
vt 0.768555 0.966614
vt 0.774414 0.947021
vt 0.777832 0.962067
vt 0.863770 0.036133
vt 0.860352 0.027832
vt 0.859863 0.010742
vt 0.300293 0.265625
vt 0.305420 0.248535
vt 0.318115 0.257324
vt 0.143066 0.836670
vt 0.141235 0.845581
vt 0.131714 0.840088
vt 0.135742 0.832764
vt 0.500488 0.424316
vt 0.510742 0.426270
vt 0.503906 0.435059
vt 0.496582 0.433594
vt 0.083679 0.727051
vt 0.082031 0.720703
vt 0.093201 0.713135
vt 0.941895 0.338867
vt 0.940918 0.322266
vt 0.951172 0.329590
vt 0.891113 0.641602
vt 0.892090 0.633545
vt 0.897461 0.642822
vt 0.225708 0.626953
vt 0.216675 0.631836
vt 0.217773 0.629395
vt 0.206665 0.896057
vt 0.213745 0.880249
vt 0.221313 0.885681
vt 0.738770 0.297363
vt 0.740723 0.293457
vt 0.746094 0.294922
vt 0.150757 0.944794
vt 0.156128 0.962433
vt 0.139893 0.957672
vt 0.109192 0.514404
vt 0.098755 0.504639
vt 0.117371 0.507568
vt 0.707031 0.755737
vt 0.712402 0.745605
vt 0.710449 0.753784
vt 0.953125 0.770630
vt 0.940430 0.766602
vt 0.940918 0.763306
vt 0.956543 0.768066
vt 0.226074 0.416016
vt 0.216797 0.399414
vt 0.234253 0.397949
vt 0.386230 0.467285
vt 0.373047 0.467773
vt 0.387451 0.461426
vt 0.017776 0.376953
vt 0.017212 0.382324
vt 0.009132 0.377441
vt 0.267822 0.550049
vt 0.268311 0.534912
vt 0.274170 0.546143
vt 0.814453 0.247559
vt 0.816406 0.235352
vt 0.825195 0.236816
vt 0.797852 0.895264
vt 0.791504 0.889221
vt 0.806152 0.888672
vt 0.750977 0.840576
vt 0.762695 0.844604
vt 0.739746 0.845703
vt 0.697754 0.909607
vt 0.717285 0.914734
vt 0.703125 0.920227
vt 0.278320 0.453125
vt 0.273193 0.433594
vt 0.283936 0.437500
vt 0.595215 0.566650
vt 0.599609 0.580322
vt 0.583984 0.577881
vt 0.027145 0.162109
vt 0.024796 0.154785
vt 0.040649 0.153809
vt 0.479980 0.918823
vt 0.466064 0.915283
vt 0.486816 0.909668
vt 0.455566 0.181641
vt 0.468506 0.184082
vt 0.459473 0.197266
vt 0.787598 0.670654
vt 0.798340 0.660156
vt 0.798828 0.674316
vt 0.874023 0.113770
vt 0.883789 0.122070
vt 0.878906 0.126953
vt 0.870605 0.123047
vt 0.422607 0.261230
vt 0.414795 0.283203
vt 0.406982 0.274902
vt 0.084717 0.191406
vt 0.107849 0.207031
vt 0.087402 0.207520
vt 0.522949 0.979904
vt 0.514648 0.985870
vt 0.514648 0.976898
vt 0.144043 0.033203
vt 0.131226 0.030273
vt 0.139648 0.023926
vt 0.203247 0.072754
vt 0.195557 0.088867
vt 0.185547 0.076660
vt 0.874023 0.041992
vt 0.860840 0.045898
vt 0.587891 0.176758
vt 0.590820 0.192871
vt 0.602051 0.436035
vt 0.605957 0.431152
vt 0.606934 0.443359
vt 0.220337 0.927185
vt 0.209106 0.910706
vt 0.226562 0.916748
vt 0.678223 0.170898
vt 0.671875 0.167480
vt 0.678711 0.163574
vt 0.395752 0.898926
vt 0.409180 0.912903
vt 0.387451 0.921936
vt 0.195068 0.439453
vt 0.190063 0.438965
vt 0.192993 0.438965
vt 0.964355 0.271484
vt 0.961426 0.260254
vt 0.967285 0.267090
vt 0.634277 0.532959
vt 0.620117 0.524170
vt 0.629883 0.515381
vt 0.451660 0.076172
vt 0.443604 0.083496
vt 0.442871 0.078613
vt 0.072266 0.009277
vt 0.065369 0.006348
vt 0.071594 0.003906
vt 0.663086 0.276855
vt 0.679199 0.269531
vt 0.672363 0.276855
vt 0.638184 0.925781
vt 0.648926 0.922180
vt 0.659668 0.930603
vt 0.577148 0.097656
vt 0.576172 0.102051
vt 0.574707 0.091797
vt 0.577148 0.091797
vt 0.096130 0.162598
vt 0.096741 0.155762
vt 0.100403 0.164551
vt 0.582031 0.893311
vt 0.585938 0.898865
vt 0.578125 0.904724
vt 0.577637 0.893921
vt 0.565430 0.097168
vt 0.561035 0.093262
vt 0.602051 0.388184
vt 0.615234 0.384766
vt 0.609375 0.395508
vt 0.599609 0.815063
vt 0.608398 0.834839
vt 0.602051 0.840576
vt 0.112976 0.166992
vt 0.116394 0.161133
vt 0.120911 0.163086
vt 0.117126 0.169434
vt 0.385498 0.970261
vt 0.377686 0.976974
vt 0.367432 0.961914
vt 0.256104 0.151855
vt 0.242188 0.179688
vt 0.241455 0.155273
vt 0.682617 0.259277
vt 0.684570 0.253906
vt 0.415283 0.224121
vt 0.415283 0.245117
vt 0.387695 0.238770
vt 0.076294 0.149902
vt 0.081909 0.162598
vt 0.068481 0.167480
vt 0.932129 0.738770
vt 0.942383 0.746094
vt 0.929199 0.747070
vt 0.842773 0.559814
vt 0.839355 0.566650
vt 0.827148 0.543945
vt 0.194946 0.613281
vt 0.201050 0.613525
vt 0.196777 0.620361
vt 0.459961 0.262207
vt 0.464111 0.254395
vt 0.474121 0.257324
vt 0.598145 0.269531
vt 0.597656 0.264160
vt 0.610352 0.265137
vt 0.814453 0.552002
vt 0.214722 0.624512
vt 0.653320 0.636475
vt 0.652832 0.650146
vt 0.647949 0.644531
vt 0.330322 0.494629
vt 0.332764 0.487793
vt 0.335449 0.496582
vt 0.477783 0.575439
vt 0.470703 0.582764
vt 0.469727 0.577637
vt 0.363281 0.171875
vt 0.360596 0.158691
vt 0.368652 0.169434
vt 0.760254 0.774414
vt 0.775879 0.779663
vt 0.764648 0.792969
vt 0.653320 0.347168
vt 0.642090 0.344727
vt 0.647461 0.330078
vt 0.222900 0.440430
vt 0.219360 0.438477
vt 0.231079 0.437988
vt 0.316406 0.745361
vt 0.314941 0.733154
vt 0.322998 0.743164
vt 0.489746 0.840820
vt 0.478271 0.859741
vt 0.474121 0.848877
vt 0.870605 0.928101
vt 0.886230 0.925293
vt 0.877930 0.938843
vt 0.557617 0.856934
vt 0.550293 0.862183
vt 0.546875 0.859863
vt 0.964355 0.630615
vt 0.972168 0.634277
vt 0.961914 0.639648
vt 0.941895 0.514893
vt 0.941406 0.488770
vt 0.949219 0.510498
vt 0.853027 0.527100
vt 0.842285 0.498535
vt 0.860352 0.525879
vt 0.436768 0.012695
vt 0.440918 0.004883
vt 0.447021 0.014648
vt 0.119385 0.766724
vt 0.111389 0.780273
vt 0.112976 0.771362
vt 0.183228 0.831665
vt 0.176758 0.821533
vt 0.190063 0.822632
vt 0.596680 0.531250
vt 0.598633 0.520264
vt 0.084167 0.102539
vt 0.106567 0.108398
vt 0.099426 0.117188
vt 0.082642 0.112793
vt 0.186035 0.843506
vt 0.183472 0.849731
vt 0.177734 0.847290
vt 0.065491 0.505859
vt 0.064331 0.519043
vt 0.060547 0.511230
vt 0.894043 0.108887
vt 0.900391 0.095215
vt 0.904785 0.106445
vt 0.093872 0.649658
vt 0.102539 0.658691
vt 0.091064 0.661133
vt 0.760742 0.215820
vt 0.769531 0.230957
vt 0.742676 0.227539
vt 0.485596 0.207520
vt 0.487549 0.196289
vt 0.500977 0.199707
vt 0.162598 0.860352
vt 0.161133 0.862915
vt 0.147827 0.858154
vt 0.146973 0.852173
vt 0.176758 0.858154
vt 0.177734 0.854736
vt 0.180054 0.856201
vt 0.096741 0.746094
vt 0.089600 0.742676
vt 0.101501 0.741699
vt 0.822754 0.732910
vt 0.822266 0.729248
vt 0.827148 0.729492
vt 0.342773 0.103516
vt 0.346436 0.104004
vt 0.344238 0.110840
vt 0.666504 0.396973
vt 0.676758 0.409180
vt 0.657227 0.407227
vt 0.412354 0.128906
vt 0.409668 0.125488
vt 0.410400 0.122559
vt 0.987305 0.916504
vt 0.981445 0.923828
vt 0.981445 0.915039
vt 0.189575 0.944641
vt 0.180176 0.939117
vt 0.189697 0.934509
vt 0.554688 0.843994
vt 0.559570 0.850830
vt 0.543945 0.851440
vt 0.596680 0.096680
vt 0.601562 0.079102
vt 0.610840 0.097168
vt 0.458252 0.582031
vt 0.450928 0.593018
vt 0.449951 0.582764
vt 0.108521 0.161133
vt 0.642090 0.077637
vt 0.637207 0.086914
vt 0.629395 0.083008
vt 0.158081 0.187500
vt 0.172363 0.187012
vt 0.168335 0.189453
vt 0.267578 0.098145
vt 0.275146 0.104980
vt 0.266113 0.104492
vt 0.271973 0.621582
vt 0.264893 0.617676
vt 0.271729 0.605957
vt 0.970215 0.530273
vt 0.962402 0.527588
vt 0.980469 0.517822
vt 0.936035 0.834473
vt 0.943848 0.825806
vt 0.943359 0.833130
vt 0.335205 0.697998
vt 0.341064 0.696289
vt 0.343262 0.707031
vt 0.733398 0.042480
vt 0.739258 0.054688
vt 0.730469 0.057617
vt 1.000000 0.509033
vt 1.000000 0.521973
vt 0.993652 0.516357
vt 0.637207 0.642578
vt 0.639160 0.653809
vt 0.637695 0.665039
vt 0.106567 0.388672
vt 0.101501 0.391113
vt 0.106201 0.383789
vt 0.543945 0.500488
vt 0.534668 0.503418
vt 0.538086 0.487305
vt 0.544922 0.490234
vt 0.993652 0.448242
vt 0.993652 0.440918
vt 0.996094 0.444336
vt 0.949219 0.740723
vt 0.941895 0.737793
vt 0.702148 0.479492
vt 0.707031 0.468262
vt 0.718262 0.488281
vt 0.032990 0.023438
vt 0.036621 0.012207
vt 0.049866 0.020508
vt 0.325439 0.085938
vt 0.329590 0.085449
vt 0.326172 0.091309
vt 0.322754 0.093262
vt 0.120239 0.157715
vt 0.312744 0.132812
vt 0.300537 0.127441
vt 0.315430 0.110840
vt 0.185181 0.276855
vt 0.207397 0.282227
vt 0.192505 0.292480
vt 0.063721 0.020508
vt 0.508789 0.901428
vt 0.502441 0.904724
vt 0.497314 0.901001
vt 0.508301 0.896118
vt 0.751953 0.442383
vt 0.745605 0.451172
vt 0.741699 0.440918
vt 0.017899 0.928711
vt 0.008575 0.929871
vt 0.017776 0.925110
vt 0.966797 0.731689
vt 0.990234 0.729492
vt 0.989258 0.743652
vt 0.264160 0.635742
vt 0.262207 0.618408
vt 0.188477 0.658936
vt 0.192993 0.674316
vt 0.180420 0.682861
vt 0.514648 0.553467
vt 0.523926 0.554443
vt 0.520020 0.556152
vt 0.524414 0.726562
vt 0.512695 0.740967
vt 0.502441 0.728271
vt 0.408203 0.980545
vt 0.405273 0.977859
vt 0.411621 0.958069
vt 0.413818 0.964203
vt 0.349854 0.055176
vt 0.352539 0.066895
vt 0.335938 0.070801
vt 0.504395 0.371582
vt 0.504395 0.360352
vt 0.515137 0.364746
vt 0.044952 0.935730
vt 0.047089 0.922913
vt 0.053192 0.933594
vt 0.650879 0.361816
vt 0.658203 0.368652
vt 0.639648 0.364746
vt 0.445801 0.604736
vt 0.441895 0.612793
vt 0.439453 0.605957
vt 0.081116 0.906921
vt 0.083618 0.915588
vt 0.073792 0.910217
vt 0.902344 0.372559
vt 0.906250 0.367676
vt 0.904297 0.375977
vt 0.504883 0.135254
vt 0.492432 0.125000
vt 0.508301 0.117676
vt 0.569336 0.358398
vt 0.574707 0.357910
vt 0.576660 0.362305
vt 0.071716 0.272949
vt 0.068848 0.266113
vt 0.073120 0.269531
vt 0.693848 0.233398
vt 0.685547 0.231445
vt 0.705078 0.228027
vt 0.885254 0.365234
vt 0.885742 0.371094
vt 0.876953 0.365234
vt 0.878906 0.361328
vt 0.929199 0.664307
vt 0.937988 0.652100
vt 0.933594 0.668945
vt 0.245728 0.047363
vt 0.248535 0.051758
vt 0.244141 0.050293
vt 0.369873 0.522705
vt 0.356689 0.517334
vt 0.369873 0.513184
vt 0.479492 0.869751
vt 0.470947 0.872681
vt 0.254395 0.861694
vt 0.245239 0.860840
vt 0.241699 0.852051
vt 0.957031 0.118164
vt 0.954590 0.131836
vt 0.940430 0.118652
vt 0.402344 0.405762
vt 0.399902 0.411133
vt 0.393555 0.408203
vt 0.199341 0.289551
vt 0.203735 0.308105
vt 0.196411 0.297852
vt 0.453125 0.162598
vt 0.451416 0.163574
vt 0.447754 0.151855
vt 0.615234 0.777344
vt 0.617676 0.784180
vt 0.617676 0.788818
vt 0.189209 0.862671
vt 0.178223 0.869629
vt 0.183594 0.859863
vt 0.160889 0.112305
vt 0.108459 0.258301
vt 0.104858 0.256836
vt 0.110168 0.249023
vt 0.113220 0.258301
vt 0.203003 0.251953
vt 0.184448 0.254395
vt 0.178345 0.244141
vt 0.294189 0.751831
vt 0.294434 0.738525
vt 0.299072 0.743164
vt 0.420898 0.741455
vt 0.424561 0.744873
vt 0.419678 0.745850
vt 0.652832 0.851318
vt 0.648926 0.843506
vt 0.655762 0.837158
vt 0.128662 0.880249
vt 0.138916 0.882996
vt 0.138062 0.885742
vt 0.594238 0.211426
vt 0.602051 0.199707
vt 0.597656 0.220215
vt 0.390869 0.472656
vt 0.401855 0.467773
vt 0.397461 0.479004
vt 0.247681 0.029785
vt 0.242920 0.031738
vt 0.922852 0.024902
vt 0.912109 0.029297
vt 0.912598 0.019531
vt 0.822754 0.148438
vt 0.823730 0.154297
vt 0.812988 0.155273
vt 0.167236 0.084473
vt 0.164917 0.087891
vt 0.161011 0.085449
vt 0.712891 0.318848
vt 0.716797 0.307617
vt 0.725586 0.313477
vt 0.539551 0.333496
vt 0.551758 0.331543
vt 0.544922 0.336426
vt 0.708496 0.452148
vt 0.717773 0.461426
vt 0.504395 0.076660
vt 0.520508 0.076660
vt 0.504395 0.097168
vt 0.254395 0.415039
vt 0.255371 0.428711
vt 0.238281 0.416504
vt 0.548828 0.601318
vt 0.554688 0.615479
vt 0.547852 0.609375
vt 0.587402 0.917725
vt 0.604004 0.922241
vt 0.587402 0.925903
vt 0.564941 0.351562
vt 0.561523 0.332520
vt 0.573242 0.333008
vt 0.426270 0.568848
vt 0.408936 0.570312
vt 0.412109 0.549316
vt 0.185425 0.650635
vt 0.200806 0.658447
vt 0.226807 0.276367
vt 0.212769 0.283203
vt 0.206909 0.276855
vt 0.958496 0.813110
vt 0.953613 0.821533
vt 0.950195 0.817017
vt 0.599609 0.447266
vt 0.635742 0.570312
vt 0.638672 0.575195
vt 0.632812 0.581055
vt 0.728027 0.704590
vt 0.716797 0.710938
vt 0.716309 0.700684
vt 0.721191 0.690430
vt 0.023712 0.042480
vt 0.041962 0.024902
vt 0.052185 0.058594
vt 0.273193 0.189941
vt 0.270264 0.211914
vt 0.265381 0.188965
vt 0.895996 0.446289
vt 0.911621 0.423828
vt 0.904297 0.451660
vt 0.639160 0.639893
vt 0.044983 0.780518
vt 0.042328 0.769775
vt 0.057892 0.772461
vt 0.272461 0.941528
vt 0.260254 0.943054
vt 0.272949 0.938446
vt 0.355469 0.886536
vt 0.357422 0.881836
vt 0.364014 0.884888
vt 0.916504 0.714111
vt 0.897461 0.702637
vt 0.916992 0.702637
vt 0.872559 0.827271
vt 0.885742 0.829834
vt 0.883301 0.847290
vt 0.355957 0.731201
vt 0.363525 0.729980
vt 0.363281 0.736816
vt 0.358643 0.740234
vt 0.968262 0.521729
vt 0.955078 0.523438
vt 0.697754 0.888062
vt 0.713867 0.884521
vt 0.713867 0.895996
vt 0.696289 0.902100
vt 0.696289 0.244629
vt 0.674316 0.365234
vt 0.667969 0.367676
vt 0.659668 0.363281
vt 0.582520 0.645508
vt 0.568848 0.641602
vt 0.569336 0.638428
vt 0.953125 0.265137
vt 0.953125 0.278809
vt 0.943848 0.272949
vt 0.523438 0.975647
vt 0.509766 0.972580
vt 0.521973 0.967224
vt 0.619629 0.793335
vt 0.619141 0.800049
vt 0.141113 0.677246
vt 0.151123 0.679443
vt 0.146606 0.689941
vt 0.142090 0.688232
vt 0.210938 0.906433
vt 0.227295 0.901733
vt 0.798828 0.270020
vt 0.781250 0.272949
vt 0.804688 0.262695
vt 0.116821 0.416504
vt 0.111023 0.437012
vt 0.083496 0.426758
vt 0.640625 0.025391
vt 0.632324 0.022949
vt 0.640137 0.018555
vt 0.697266 0.755615
vt 0.687500 0.756958
vt 0.677734 0.747314
vt 0.405029 0.631836
vt 0.402100 0.624023
vt 0.404053 0.622559
vt 0.129761 0.144043
vt 0.128784 0.136230
vt 0.133667 0.142090
vt 0.526367 0.133301
vt 0.553711 0.129883
vt 0.538086 0.145508
vt 0.894531 0.382324
vt 0.895996 0.374023
vt 0.252197 0.667236
vt 0.254150 0.656494
vt 0.255371 0.668213
vt 0.080444 0.499023
vt 0.087097 0.507080
vt 0.077820 0.505859
vt 0.749512 0.301270
vt 0.498291 0.305176
vt 0.495117 0.301270
vt 0.501465 0.301270
vt 0.275146 0.407715
vt 0.270996 0.398438
vt 0.283203 0.398438
vt 0.477051 0.831665
vt 0.964355 0.786011
vt 0.958008 0.771118
vt 0.965820 0.768555
vt 0.364258 0.876526
vt 0.354736 0.867310
vt 0.127686 0.624512
vt 0.139526 0.594727
vt 0.143433 0.616943
vt 0.125977 0.823120
vt 0.135254 0.822266
vt 0.126221 0.828003
vt 0.760742 0.648193
vt 0.777344 0.636475
vt 0.777832 0.655029
vt 0.572754 0.646973
vt 0.573730 0.658203
vt 0.570312 0.652344
vt 0.573242 0.354004
vt 0.581055 0.354492
vt 0.539551 0.312988
vt 0.558594 0.300781
vt 0.568359 0.312500
vt 0.842285 0.543213
vt 0.839355 0.545654
vt 0.833984 0.539062
vt 0.659668 0.168945
vt 0.661133 0.160156
vt 0.664062 0.162109
vt 0.762695 0.428223
vt 0.751953 0.427246
vt 0.763184 0.418457
vt 0.767578 0.427734
vt 0.726074 0.876404
vt 0.740723 0.881104
vt 0.736816 0.888062
vt 0.724121 0.887085
vt 0.812012 0.914795
vt 0.804199 0.924744
vt 0.804688 0.917053
vt 0.152344 0.654053
vt 0.159058 0.659180
vt 0.147339 0.660889
vt 0.572754 0.808472
vt 0.578125 0.831909
vt 0.028229 0.334473
vt 0.021454 0.333496
vt 0.028183 0.325195
vt 0.348389 0.086914
vt 0.351807 0.081543
vt 0.349609 0.092773
vt 0.866699 0.296875
vt 0.844727 0.319336
vt 0.850586 0.291504
vt 0.715332 0.649414
vt 0.722168 0.647461
vt 0.723633 0.664307
vt 0.699707 0.234863
vt 0.634277 0.177734
vt 0.648438 0.182617
vt 0.635742 0.188965
vt 0.333008 0.098145
vt 0.321289 0.103027
vt 0.041595 0.610596
vt 0.018021 0.637695
vt 0.013115 0.612549
vt 0.028076 0.594727
vt 0.675781 0.732910
vt 0.673828 0.742188
vt 0.220337 0.601807
vt 0.218140 0.609375
vt 0.216919 0.603027
vt 0.239746 0.757202
vt 0.252197 0.739502
vt 0.241455 0.762695
vt 0.769531 0.879089
vt 0.752930 0.878174
vt 0.770020 0.858887
vt 0.821777 0.253906
vt 0.822754 0.255859
vt 0.808594 0.258789
vt 0.294189 0.733154
vt 0.292969 0.725830
vt 0.304932 0.725098
vt 0.926270 0.321777
vt 0.914062 0.313477
vt 0.923340 0.301270
vt 0.732422 0.064941
vt 0.114990 0.592773
vt 0.122375 0.601807
vt 0.113525 0.613525
vt 0.034607 0.270996
vt 0.038483 0.279785
vt 0.031799 0.282715
vt 0.338867 0.739502
vt 0.339844 0.727539
vt 0.350342 0.731934
vt 0.523926 0.500977
vt 0.535156 0.488281
vt 0.533203 0.504150
vt 0.450684 0.387207
vt 0.452637 0.377441
vt 0.458252 0.382324
vt 0.500977 0.325684
vt 0.500000 0.322266
vt 0.508301 0.324219
vt 0.626953 0.935852
vt 0.624512 0.940277
vt 0.619141 0.935547
vt 0.967285 0.703857
vt 0.970703 0.691650
vt 0.981934 0.694092
vt 0.668457 0.750610
vt 0.879883 0.923462
vt 0.877441 0.913025
vt 0.888672 0.914917
vt 0.972656 0.273438
vt 0.969238 0.283691
vt 0.233521 0.435547
vt 0.238647 0.429199
vt 0.245850 0.432129
vt 0.013565 0.715332
vt 0.021271 0.711426
vt 0.017044 0.719727
vt 0.036438 0.064453
vt 0.046783 0.071289
vt 0.039124 0.067871
vt 0.470703 0.100586
vt 0.465332 0.083008
vt 0.477295 0.090820
vt 0.765625 0.014648
vt 0.761230 0.034668
vt 0.750977 0.024902
vt 0.284180 0.143066
vt 0.291260 0.155762
vt 0.279053 0.149902
vt 0.058319 0.291504
vt 0.054932 0.285645
vt 0.061218 0.291992
vt 0.687012 0.830688
vt 0.690430 0.838013
vt 0.687500 0.847656
vt 0.086426 0.752930
vt 0.079834 0.746582
vt 0.821289 0.849731
vt 0.807617 0.841797
vt 0.832031 0.830566
vt 0.147827 0.781738
vt 0.161987 0.792847
vt 0.150269 0.798340
vt 0.974121 0.108398
vt 0.958008 0.104492
vt 0.975098 0.104980
vt 0.424072 0.088379
vt 0.423096 0.088379
vt 0.424072 0.083008
vt 0.226440 0.758179
vt 0.199707 0.740723
vt 0.223389 0.730957
vt 0.060791 0.536621
vt 0.057037 0.543701
vt 0.057129 0.536377
vt 0.585938 0.851685
vt 0.580078 0.872314
vt 0.574219 0.859131
vt 0.650879 0.497559
vt 0.649902 0.489746
vt 0.653809 0.492676
vt 0.329590 0.730957
vt 0.333496 0.736328
vt 0.226685 0.023926
vt 0.241699 0.024414
vt 0.233643 0.029297
vt 0.259521 0.223145
vt 0.272949 0.241699
vt 0.262939 0.244629
vt 0.803711 0.444824
vt 0.793945 0.444336
vt 0.794922 0.437012
vt 0.144165 0.746338
vt 0.137085 0.753784
vt 0.133057 0.747803
vt 0.962402 0.718750
vt 0.965332 0.708984
vt 0.970703 0.720947
vt 0.032410 0.329102
vt 0.812500 0.758057
vt 0.795410 0.742676
vt 0.812012 0.735107
vt 0.042145 0.161621
vt 0.055267 0.166504
vt 0.516113 0.562500
vt 0.510742 0.554932
vt 0.133179 0.457520
vt 0.139648 0.454590
vt 0.137817 0.465332
vt 0.668945 0.735840
vt 0.737793 0.645020
vt 0.742188 0.627686
vt 0.743652 0.638672
vt 0.615234 0.363281
vt 0.620117 0.385254
vt 0.701660 0.832642
vt 0.706055 0.831055
vt 0.710938 0.832397
vt 0.099243 0.677979
vt 0.127319 0.687744
vt 0.106140 0.706543
vt 0.585938 0.586670
vt 0.605469 0.587891
vt 0.590820 0.595947
vt 0.801758 0.526611
vt 0.809082 0.534668
vt 0.795410 0.529785
vt 0.879395 0.656738
vt 0.892090 0.656250
vt 0.886719 0.661377
vt 0.112366 0.557861
vt 0.103394 0.555664
vt 0.122437 0.552246
vt 0.810059 0.211426
vt 0.813477 0.213379
vt 0.913574 0.230469
vt 0.912109 0.243164
vt 0.901855 0.233398
vt 0.900879 0.983246
vt 0.904785 0.971375
vt 0.906250 0.975616
vt 0.903320 0.986404
vt 0.260010 0.800171
vt 0.249146 0.815674
vt 0.242310 0.805786
vt 0.707520 0.596191
vt 0.703125 0.621582
vt 0.705078 0.603516
vt 0.845703 0.420898
vt 0.863281 0.412598
vt 0.858398 0.426758
vt 0.801270 0.436035
vt 0.796875 0.427734
vt 0.805176 0.430664
vt 0.951172 0.101074
vt 0.112610 0.671143
vt 0.157349 0.879028
vt 0.166504 0.874146
vt 0.165039 0.879456
vt 0.873047 0.657471
vt 0.857910 0.658936
vt 0.866211 0.648926
vt 0.723145 0.535400
vt 0.721680 0.555908
vt 0.717285 0.538574
vt 0.490723 0.462891
vt 0.502441 0.482910
vt 0.486816 0.487305
vt 0.144409 0.658691
vt 0.249634 0.835571
vt 0.237427 0.844604
vt 0.570801 0.663086
vt 0.570312 0.667969
vt 0.563477 0.665527
vt 0.972656 0.815186
vt 0.980957 0.827148
vt 0.970215 0.828369
vt 0.559082 0.658447
vt 0.562500 0.646973
vt 0.232910 0.891724
vt 0.230103 0.906677
vt 0.101257 0.803223
vt 0.107544 0.790283
vt 0.111450 0.804077
vt 0.558594 0.298828
vt 0.574707 0.289062
vt 0.574707 0.295410
vt 0.571777 0.298828
vt 0.476318 0.018555
vt 0.480225 0.011719
vt 0.482666 0.020020
vt 0.545410 0.292480
vt 0.559570 0.286133
vt 0.802734 0.511475
vt 0.797852 0.512939
vt 0.795410 0.507324
vt 0.807129 0.610840
vt 0.797363 0.640625
vt 0.784180 0.623047
vt 0.081177 0.211914
vt 0.074463 0.207031
vt 0.042969 0.097656
vt 0.048615 0.095215
vt 0.049713 0.098633
vt 0.969238 0.469727
vt 0.966797 0.475586
vt 0.955566 0.472656
vt 0.177002 0.433594
vt 0.675781 0.197754
vt 0.636230 0.206543
vt 0.352295 0.739746
vt 0.345947 0.741943
vt 0.369385 0.549316
vt 0.372314 0.541504
vt 0.377197 0.539795
vt 0.560547 0.072266
vt 0.552734 0.062500
vt 0.569336 0.059082
vt 0.568359 0.066406
vt 0.938477 0.806396
vt 0.928711 0.807007
vt 0.934570 0.797485
vt 0.033966 0.323730
vt 0.029800 0.313965
vt 0.035278 0.320312
vt 0.281738 0.992638
vt 0.282959 0.986465
vt 0.285889 0.987717
vt 0.284668 0.993004
vt 0.357666 0.667969
vt 0.379883 0.670410
vt 0.375732 0.693359
vt 0.848633 0.069824
vt 0.844238 0.081055
vt 0.844727 0.069824
vt 0.353271 0.449219
vt 0.360352 0.440430
vt 0.361572 0.460938
vt 0.927246 0.414062
vt 0.927734 0.418457
vt 0.922363 0.422852
vt 0.916016 0.421875
vt 0.318848 0.398438
vt 0.335205 0.389648
vt 0.330811 0.411621
vt 0.831055 0.330566
vt 0.826172 0.334473
vt 0.828125 0.326172
vt 0.568359 0.526123
vt 0.581543 0.539551
vt 0.573730 0.544678
vt 0.221802 0.261230
vt 0.251709 0.248535
vt 0.261719 0.261230
vt 0.577637 0.513916
vt 0.563477 0.506836
vt 0.572754 0.496094
vt 0.034973 0.910645
vt 0.045319 0.907288
vt 0.042175 0.916199
vt 0.863281 0.776611
vt 0.868164 0.773193
vt 0.863770 0.784912
vt 0.787598 0.437988
vt 0.778320 0.442383
vt 0.281006 0.429199
vt 0.274902 0.420898
vt 0.910156 0.418457
vt 0.920410 0.388184
vt 0.929688 0.408203
vt 0.049927 0.533447
vt 0.871094 0.351562
vt 0.875977 0.357422
vt 0.866699 0.361816
vt 0.602051 0.771606
vt 0.579102 0.745117
vt 0.611328 0.746582
vt 0.333496 0.721191
vt 0.889648 0.938568
vt 0.881836 0.947540
vt 0.622559 0.397949
vt 0.606934 0.398438
vt 0.583008 0.488770
vt 0.588867 0.507812
vt 0.082092 0.819336
vt 0.095825 0.810669
vt 0.090332 0.826050
vt 0.941406 0.473633
vt 0.933105 0.467773
vt 0.941406 0.460449
vt 0.948730 0.474121
vt 0.219482 0.686035
vt 0.214111 0.685547
vt 0.211060 0.676270
vt 0.977539 0.900757
vt 0.977539 0.904907
vt 0.972168 0.900879
vt 0.637207 0.824097
vt 0.642090 0.825684
vt 0.639160 0.831055
vt 0.018158 0.339355
vt 0.021652 0.335449
vt 0.025864 0.339355
vt 0.659668 0.147949
vt 0.664062 0.149902
vt 0.927246 0.798218
vt 0.915527 0.797852
vt 0.924316 0.791016
vt 0.205566 0.821655
vt 0.210938 0.820190
vt 0.206665 0.828247
vt 0.576172 0.087402
vt 0.575195 0.082520
vt 0.578125 0.080078
vt 0.653320 0.079102
vt 0.660645 0.092773
vt 0.656250 0.095703
vt 0.650879 0.083008
vt 0.132568 0.442871
vt 0.119385 0.470703
vt 0.121582 0.445312
vt 0.698242 0.076172
vt 0.707031 0.070801
vt 0.704590 0.089844
vt 0.218628 0.303223
vt 0.217041 0.316895
vt 0.381592 0.964630
vt 0.367920 0.957214
vt 0.378906 0.954987
vt 0.788574 0.793945
vt 0.786621 0.801270
vt 0.771484 0.799805
vt 0.162354 0.315430
vt 0.160522 0.310059
vt 0.168213 0.306641
vt 0.173828 0.312012
vt 0.900391 0.930176
vt 0.901367 0.941101
vt 0.403564 0.868286
vt 0.399658 0.882812
vt 0.389648 0.884277
vt 0.803711 0.098633
vt 0.792969 0.102051
vt 0.805176 0.089844
vt 0.582031 0.047852
vt 0.575684 0.041016
vt 0.587891 0.044922
vt 0.363770 0.709961
vt 0.389648 0.710205
vt 0.386475 0.727539
vt 0.677734 0.840576
vt 0.678223 0.827637
vt 0.620117 0.754517
vt 0.629395 0.764526
vt 0.617676 0.767944
vt 0.029587 0.379883
vt 0.018219 0.373047
vt 0.739258 0.738037
vt 0.734863 0.747559
vt 0.728027 0.735596
vt 0.916016 0.268555
vt 0.916992 0.265625
vt 0.931641 0.274902
vt 0.772461 0.036621
vt 0.771973 0.058594
vt 0.764160 0.043945
vt 0.810059 0.423828
vt 0.809570 0.416992
vt 0.565430 0.849365
vt 0.571289 0.857544
vt 0.562012 0.856079
vt 0.517090 0.684814
vt 0.515137 0.677490
vt 0.527344 0.686768
vt 0.347900 0.361816
vt 0.350586 0.366211
vt 0.344482 0.372559
vt 0.487549 0.025879
vt 0.493896 0.030762
vt 0.492432 0.032715
vt 0.199951 0.826538
vt 0.203613 0.819946
vt 0.968750 0.087891
vt 0.958008 0.097656
vt 0.955078 0.087402
vt 0.153931 0.910034
vt 0.158936 0.901001
vt 0.161621 0.911255
vt 0.926758 0.035645
vt 0.931152 0.019531
vt 0.962402 0.030762
vt 0.851562 0.911560
vt 0.864258 0.916687
vt 0.858398 0.920532
vt 0.747070 0.889526
vt 0.748535 0.884216
vt 0.757812 0.891968
vt 0.679688 0.762207
vt 0.686523 0.761963
vt 0.683594 0.769531
vt 0.902832 0.140137
vt 0.895020 0.132324
vt 0.913086 0.137695
vt 0.375488 0.808594
vt 0.376953 0.796631
vt 0.390137 0.794800
vt 0.070190 0.519287
vt 0.519531 0.433105
vt 0.521484 0.437500
vt 0.519043 0.440430
vt 0.340332 0.257324
vt 0.343750 0.262695
vt 0.331787 0.265625
vt 0.325195 0.259277
vt 0.512207 0.983597
vt 0.495605 0.983765
vt 0.501953 0.978622
vt 0.677246 0.442383
vt 0.673828 0.433105
vt 0.692383 0.427734
vt 0.053497 0.282715
vt 0.047546 0.280273
vt 0.050751 0.275391
vt 0.042053 0.972565
vt 0.051147 0.973877
vt 0.043945 0.977936
vt 0.390381 0.560791
vt 0.384521 0.561523
vt 0.394531 0.550049
vt 0.636230 0.683105
vt 0.643555 0.688477
vt 0.631348 0.701416
vt 0.076477 0.724609
vt 0.074341 0.708252
vt 0.077881 0.710205
vt 0.790039 0.541016
vt 0.770996 0.539795
vt 0.771973 0.526367
vt 0.677734 0.923889
vt 0.658691 0.914124
vt 0.670898 0.917419
vt 0.714355 0.724854
vt 0.716309 0.731934
vt 0.707520 0.733154
vt 0.133911 0.704346
vt 0.128418 0.708984
vt 0.131958 0.694092
vt 0.204224 0.208496
vt 0.190674 0.204590
vt 0.206543 0.193848
vt 0.649414 0.689697
vt 0.639648 0.678711
vt 0.869141 0.526611
vt 0.861816 0.506836
vt 0.891602 0.516113
vt 0.195801 0.032715
vt 0.211792 0.035156
vt 0.192261 0.051270
vt 0.612305 0.026367
vt 0.621582 0.020508
vt 0.614746 0.028809
vt 0.032593 0.311523
vt 0.036560 0.314453
vt 0.243286 0.413574
vt 1.000000 0.533936
vt 1.000000 0.549072
vt 0.997559 0.535889
vt 0.782715 0.711182
vt 0.778320 0.701416
vt 0.802734 0.711182
vt 0.695312 0.874390
vt 0.715820 0.872559
vt 0.447510 0.582275
vt 0.860352 0.352051
vt 0.236206 0.741211
vt 0.245239 0.727295
vt 0.897461 0.504150
vt 0.876953 0.491211
vt 0.895996 0.486328
vt 0.317139 0.637695
vt 0.317139 0.624268
vt 0.325195 0.629395
vt 0.695801 0.744873
vt 0.708008 0.738281
vt 0.710449 0.743164
vt 0.946777 0.625488
vt 0.956055 0.630615
vt 0.942383 0.630371
vt 0.682129 0.097656
vt 0.690430 0.098145
vt 0.685059 0.105957
vt 0.183716 0.193848
vt 0.165161 0.830688
vt 0.156494 0.829224
vt 0.162231 0.822998
vt 0.117432 0.739990
vt 0.128906 0.731934
vt 0.119263 0.743652
vt 0.806641 0.509766
vt 0.806152 0.505859
vt 0.810547 0.502686
vt 0.185181 0.726807
vt 0.166870 0.711914
vt 0.186401 0.707275
vt 0.632324 0.067383
vt 0.632812 0.076660
vt 0.624023 0.070312
vt 0.211548 0.563477
vt 0.221680 0.553223
vt 0.221680 0.561523
vt 0.970215 0.102539
vt 0.477295 0.424316
vt 0.468750 0.405273
vt 0.474365 0.401367
vt 0.434570 0.318359
vt 0.424316 0.305664
vt 0.445557 0.305176
vt 0.164185 0.544189
vt 0.164673 0.554688
vt 0.153931 0.555664
vt 0.334961 0.631592
vt 0.333008 0.622070
vt 0.335449 0.621826
vt 0.360596 0.430176
vt 0.370850 0.434570
vt 0.368896 0.439453
vt 0.574219 0.387695
vt 0.580078 0.365234
vt 0.588867 0.389160
vt 0.705566 0.437988
vt 0.710938 0.425781
vt 0.713379 0.436035
vt 0.824707 0.207031
vt 0.820312 0.216797
vt 0.818359 0.209473
vt 0.569824 0.786133
vt 0.573242 0.791992
vt 0.564941 0.790527
vt 0.746582 0.938904
vt 0.750977 0.935120
vt 0.751953 0.948425
vt 0.205200 0.711914
vt 0.205444 0.714600
vt 0.200928 0.706787
vt 0.301514 0.894958
vt 0.293701 0.896423
vt 0.296143 0.892273
vt 0.311279 0.888733
vt 0.802734 0.604736
vt 0.812500 0.605713
vt 0.066528 0.307129
vt 0.079346 0.292480
vt 0.083130 0.302734
vt 0.667969 0.696533
vt 0.659180 0.694092
vt 0.673828 0.682861
vt 0.646973 0.072266
vt 0.198730 0.101562
vt 0.195801 0.106934
vt 0.191040 0.104980
vt 0.138306 0.687012
vt 0.136475 0.695557
vt 0.137329 0.677734
vt 0.493164 0.312012
vt 0.508301 0.312500
vt 0.978516 0.871582
vt 0.971191 0.858154
vt 0.987305 0.860107
vt 0.276367 0.303223
vt 0.280518 0.310547
vt 0.266357 0.314941
vt 0.690918 0.598877
vt 0.685547 0.599609
vt 0.685059 0.594482
vt 0.218506 0.528320
vt 0.219604 0.521729
vt 0.226562 0.529297
vt 0.497559 0.005859
vt 0.494385 0.011719
vt 0.489502 0.009766
vt 0.720703 0.899109
vt 0.711426 0.910339
vt 0.986328 0.658447
vt 0.976074 0.660400
vt 0.981934 0.656982
vt 0.574219 0.883362
vt 0.565918 0.875610
vt 0.566895 0.867432
vt 0.506836 0.618652
vt 0.497559 0.606201
vt 0.514160 0.606445
vt 0.515137 0.617920
vt 0.404785 0.654297
vt 0.405029 0.663330
vt 0.396973 0.655273
vt 0.078979 0.082520
vt 0.085876 0.085449
vt 0.084839 0.094238
vt 0.079102 0.092773
vt 0.399902 0.291504
vt 0.402588 0.285645
vt 0.001616 0.249023
vt 0.021454 0.255859
vt 0.012024 0.278809
vt 0.658203 0.684082
vt 0.525391 0.396484
vt 0.537109 0.389648
vt 0.543457 0.403809
vt 0.603027 0.259277
vt 0.349609 0.080078
vt 0.336182 0.083008
vt 0.687988 0.180176
vt 0.687012 0.181641
vt 0.686035 0.174316
vt 0.433350 0.441895
vt 0.416016 0.448730
vt 0.427490 0.440430
vt 0.134155 0.516602
vt 0.136841 0.509766
vt 0.141968 0.521240
vt 0.822266 0.817017
vt 0.812012 0.813477
vt 0.822754 0.795532
vt 0.276855 0.953461
vt 0.285889 0.962677
vt 0.271729 0.964264
vt 0.360107 0.359863
vt 0.353027 0.373535
vt 0.100403 0.171387
vt 0.097168 0.165527
vt 0.207275 0.545166
vt 0.216919 0.545410
vt 0.505859 0.554443
vt 0.486572 0.548584
vt 0.507812 0.540283
vt 0.607422 0.289551
vt 0.616699 0.282227
vt 0.613770 0.291504
vt 0.012314 0.739258
vt 0.016342 0.734619
vt 0.018204 0.737061
vt 0.011917 0.746338
vt 0.330566 0.373535
vt 0.337646 0.380371
vt 0.324951 0.377930
vt 0.615234 0.032715
vt 0.622559 0.024414
vt 0.139282 0.044922
vt 0.146240 0.042969
vt 0.140503 0.053223
vt 0.475830 0.755859
vt 0.472412 0.759277
vt 0.472168 0.752563
vt 0.868652 0.945892
vt 0.871094 0.953125
vt 0.431152 0.397949
vt 0.437988 0.409180
vt 0.428223 0.416016
vt 0.673828 0.857056
vt 0.674316 0.850586
vt 0.680664 0.853638
vt 0.260986 0.173828
vt 0.264160 0.171875
vt 0.270264 0.178711
vt 0.047913 0.537354
vt 0.044861 0.523438
vt 0.049530 0.522949
vt 0.267334 0.531982
vt 0.276367 0.527344
vt 0.042664 0.408691
vt 0.045105 0.395508
vt 0.051208 0.402344
vt 0.047729 0.408691
vt 0.195679 0.118164
vt 0.421875 0.113281
vt 0.412842 0.113281
vt 0.408936 0.108887
vt 0.650391 0.969421
vt 0.657227 0.964844
vt 0.651367 0.973495
vt 0.633301 0.015137
vt 0.782715 0.849731
vt 0.774414 0.847046
vt 0.166992 0.534424
vt 0.158203 0.540283
vt 0.137085 0.702637
vt 0.137451 0.709473
vt 0.900879 0.497559
vt 0.089478 0.537842
vt 0.107117 0.547852
vt 0.874512 0.631836
vt 0.882812 0.626465
vt 0.878906 0.636230
vt 0.753418 0.479980
vt 0.744141 0.487793
vt 0.738281 0.480957
vt 0.779785 0.123535
vt 0.768555 0.127930
vt 0.765137 0.123535
vt 0.460205 0.313477
vt 0.456543 0.299805
vt 0.290039 0.675537
vt 0.299805 0.677002
vt 0.289062 0.678711
vt 0.138306 0.253906
vt 0.124207 0.265625
vt 0.128052 0.260254
vt 0.899414 0.358398
vt 0.890137 0.363281
vt 0.894043 0.355957
vt 0.935059 0.472656
vt 0.217163 0.047363
vt 0.222534 0.062500
vt 0.207153 0.056152
vt 0.052124 0.294922
vt 0.784668 0.350586
vt 0.760254 0.348145
vt 0.762695 0.333496
vt 0.807617 0.325195
vt 0.803223 0.328613
vt 0.803223 0.321289
vt 0.862305 0.343750
vt 0.858887 0.345703
vt 0.862305 0.340332
vt 0.370117 0.536621
vt 0.372070 0.536621
vt 0.370361 0.541504
vt 0.586914 0.949646
vt 0.581543 0.951202
vt 0.583984 0.938507
vt 0.374512 0.480469
vt 0.369629 0.477539
vt 0.776367 0.758545
vt 0.786133 0.767456
vt 0.773926 0.767212
vt 0.169922 0.556641
vt 0.186157 0.554443
vt 0.179199 0.557617
vt 0.768555 0.628662
vt 0.918457 0.164551
vt 0.909668 0.153320
vt 0.924805 0.159668
vt 0.345703 0.543457
vt 0.347656 0.539795
vt 0.359863 0.539307
vt 0.638184 0.391113
vt 0.627441 0.390137
vt 0.629395 0.387695
vt 0.957520 0.675293
vt 0.951660 0.692383
vt 0.943848 0.686768
vt 0.948730 0.396484
vt 0.939941 0.406250
vt 0.935059 0.391113
vt 0.404053 0.456543
vt 0.400391 0.452637
vt 0.985840 0.716064
vt 0.993652 0.696777
vt 1.000000 0.711670
vt 0.234497 0.800293
vt 0.241943 0.789062
vt 0.624512 0.012207
vt 0.621582 0.009766
vt 0.628418 0.009277
vt 0.473389 0.648438
vt 0.453613 0.643311
vt 0.466064 0.637451
vt 0.685547 0.877258
vt 0.676270 0.874023
vt 0.687988 0.874634
vt 0.076843 0.350586
vt 0.084595 0.346680
vt 0.081421 0.351074
vt 0.809570 0.143066
vt 0.802734 0.154297
vt 0.801270 0.145020
vt 0.023621 0.850098
vt 0.025085 0.860352
vt 0.999023 0.863037
vt 0.990234 0.860352
vt 0.990723 0.841187
vt 0.129028 0.064453
vt 0.121155 0.073730
vt 0.122192 0.064941
vt 0.550293 0.542725
vt 0.551758 0.545898
vt 0.544922 0.549561
vt 0.055908 0.132812
vt 0.065857 0.130371
vt 0.074280 0.141113
vt 0.869629 0.645264
vt 0.882812 0.644043
vt 0.941895 0.944336
vt 0.947754 0.945312
vt 0.948730 0.950836
vt 0.763672 0.395020
vt 0.743164 0.394043
vt 0.764160 0.369629
vt 0.379150 0.524170
vt 0.379395 0.517334
vt 0.387695 0.516113
vt 0.389404 0.523193
vt 0.087585 0.445801
vt 0.874023 0.895447
vt 0.884277 0.886719
vt 0.881348 0.902283
vt 0.607910 0.111328
vt 0.619141 0.103516
vt 0.616211 0.123535
vt 0.882324 0.880798
vt 0.647949 0.393066
vt 0.646484 0.388672
vt 0.653320 0.390625
vt 0.113708 0.862793
vt 0.119873 0.864868
vt 0.100891 0.879639
vt 0.758301 0.056152
vt 0.741211 0.062988
vt 0.748047 0.052734
vt 0.930664 0.098145
vt 0.945801 0.089355
vt 0.609375 0.119629
vt 0.593750 0.121582
vt 0.082947 0.641602
vt 0.090149 0.652588
vt 0.076050 0.640869
vt 0.273438 0.889038
vt 0.270264 0.882812
vt 0.277100 0.882263
vt 0.805176 0.384277
vt 0.804688 0.368652
vt 0.809082 0.375000
vt 0.628418 0.676270
vt 0.545410 0.573975
vt 0.553711 0.584473
vt 0.541504 0.596680
vt 0.246338 0.927429
vt 0.250977 0.944153
vt 0.245605 0.948639
vt 0.237671 0.937378
vt 0.639648 0.113770
vt 0.638672 0.051270
vt 0.643066 0.066895
vt 0.618164 0.882141
vt 0.636230 0.882263
vt 0.443359 0.033691
vt 0.442871 0.036133
vt 0.842773 0.382324
vt 0.836914 0.381836
vt 0.836914 0.368164
vt 0.841797 0.365234
vt 0.891602 0.036621
vt 0.892578 0.046875
vt 0.877930 0.056641
vt 0.313477 0.025391
vt 0.309814 0.017578
vt 0.320312 0.019531
vt 0.927734 0.089844
vt 0.928711 0.095703
vt 0.112854 0.264648
vt 0.104614 0.261230
vt 0.667480 0.776001
vt 0.671875 0.761841
vt 0.678223 0.773193
vt 0.776855 0.479492
vt 0.770020 0.486328
vt 0.105652 0.367188
vt 0.093750 0.375000
vt 0.095642 0.368652
vt 0.126831 0.678955
vt 0.099060 0.839233
vt 0.108154 0.849854
vt 0.091492 0.844604
vt 0.791504 0.433105
vt 0.399902 0.605957
vt 0.400635 0.597900
vt 0.414307 0.596191
vt 0.965332 0.612549
vt 0.954102 0.598633
vt 0.974609 0.609863
vt 0.161621 0.532227
vt 0.162231 0.528809
vt 0.168091 0.531982
vt 0.579102 0.671631
vt 0.572266 0.676758
vt 0.044739 0.852173
vt 0.036163 0.857544
vt 0.042328 0.846802
vt 0.326904 0.106445
vt 0.795410 0.014160
vt 0.794922 0.022461
vt 0.786621 0.014648
vt 0.163818 0.127930
vt 0.584961 0.906372
vt 0.582520 0.914001
vt 0.810547 0.597168
vt 0.806152 0.589844
vt 0.355225 0.703857
vt 0.361084 0.706055
vt 0.355469 0.716064
vt 0.866211 0.091309
vt 0.867676 0.090820
vt 0.873047 0.096680
vt 0.761230 0.547363
vt 0.748047 0.531250
vt 0.767090 0.529297
vt 0.832520 0.338867
vt 0.834961 0.354980
vt 0.822754 0.352051
vt 0.482422 0.363281
vt 0.491211 0.351562
vt 0.494629 0.365234
vt 0.092834 0.006836
vt 0.080688 0.006836
vt 0.089233 0.001465
vt 0.378174 0.569824
vt 0.393555 0.593018
vt 0.376221 0.591309
vt 0.879395 0.444824
vt 0.884277 0.456543
vt 0.352051 0.281250
vt 0.349854 0.287598
vt 0.333008 0.289551
vt 0.813477 0.339844
vt 0.809570 0.338867
vt 0.817383 0.334473
vt 0.120850 0.257324
vt 0.119690 0.265137
vt 0.508301 0.436035
vt 0.311035 0.582520
vt 0.311035 0.576660
vt 0.312988 0.583740
vt 0.328369 0.987907
vt 0.314941 0.992310
vt 0.316406 0.975494
vt 0.846191 0.452148
vt 0.854004 0.450684
vt 0.854004 0.463867
vt 0.431885 0.135742
vt 0.414795 0.138184
vt 0.417725 0.130859
vt 0.695312 0.709961
vt 0.698242 0.714111
vt 0.696289 0.719727
vt 0.344727 0.872803
vt 0.346924 0.862549
vt 0.040344 0.942596
vt 0.037903 0.929688
vt 0.041870 0.925842
vt 0.886230 0.755493
vt 0.897461 0.748047
vt 0.888184 0.761963
vt 0.132324 0.174316
vt 0.130493 0.180176
vt 0.123901 0.171875
vt 0.540527 0.087402
vt 0.546875 0.071777
vt 0.551758 0.090820
vt 0.152588 0.483887
vt 0.147949 0.474121
vt 0.157104 0.476562
vt 0.166138 0.487305
vt 0.016403 0.314453
vt 0.016251 0.306641
vt 0.022629 0.310547
vt 0.836426 0.101074
vt 0.843750 0.106934
vt 0.839355 0.109375
vt 0.835449 0.104980
vt 0.522949 0.000488
vt 0.524902 0.023438
vt 0.518555 0.030273
vt 0.533203 0.521729
vt 0.543945 0.518311
vt 0.536133 0.526123
vt 0.098328 0.132324
vt 0.089478 0.127441
vt 0.101746 0.125000
vt 0.115845 0.143066
vt 0.116821 0.135742
vt 0.128784 0.129883
vt 0.623047 0.827148
vt 0.615234 0.818237
vt 0.623047 0.816650
vt 0.626465 0.825562
vt 0.328369 0.355957
vt 0.335693 0.364746
vt 0.323486 0.368652
vt 0.436279 0.595703
vt 0.292236 0.142090
vt 0.274902 0.134766
vt 0.812500 0.692383
vt 0.805664 0.680908
vt 0.814453 0.679688
vt 0.900879 0.076172
vt 0.901855 0.061523
vt 0.916992 0.063965
vt 0.778809 0.175293
vt 0.782227 0.181641
vt 0.757812 0.179199
vt 0.621094 0.291992
vt 0.629883 0.288574
vt 0.864258 0.703857
vt 0.861816 0.689453
vt 0.874023 0.690186
vt 0.114441 0.133301
vt 0.262207 0.292480
vt 0.279785 0.289062
vt 0.969727 0.623047
vt 0.897949 0.571289
vt 0.888672 0.559570
vt 0.894043 0.557617
vt 0.044708 0.556641
vt 0.034332 0.553467
vt 0.036133 0.547363
vt 0.449707 0.196289
vt 0.451660 0.179688
vt 0.454102 0.194824
vt 0.721191 0.924805
vt 0.718750 0.940521
vt 0.527832 0.838623
vt 0.542480 0.825195
vt 0.541504 0.836792
vt 0.894531 0.122559
vt 0.895508 0.126953
vt 0.890625 0.127930
vt 0.889648 0.121094
vt 0.309814 0.565430
vt 0.301514 0.567871
vt 0.309814 0.560059
vt 0.276123 0.160156
vt 0.278320 0.156250
vt 0.286621 0.160645
vt 0.150269 0.534180
vt 0.144043 0.550781
vt 0.450439 0.036621
vt 0.443115 0.047363
vt 0.237915 0.374512
vt 0.257324 0.395508
vt 0.833984 0.894043
vt 0.843750 0.902893
vt 0.822266 0.899597
vt 0.039734 0.439453
vt 0.010727 0.430664
vt 0.037231 0.426270
vt 0.594238 0.656006
vt 0.584473 0.659180
vt 0.591309 0.654053
vt 0.605957 0.868408
vt 0.687012 0.149902
vt 0.690430 0.147949
vt 0.688965 0.157227
vt 0.722168 0.815796
vt 0.723633 0.821533
vt 0.713867 0.819336
vt 0.712891 0.814331
vt 0.589844 0.968658
vt 0.583984 0.973160
vt 0.585449 0.958008
vt 0.547363 0.417969
vt 0.565430 0.419922
vt 0.550781 0.429688
vt 0.233398 0.308594
vt 0.746582 0.946594
vt 0.751953 0.961243
vt 0.480957 0.968872
vt 0.482178 0.986320
vt 0.467529 0.987877
vt 0.332764 0.347656
vt 0.334717 0.352051
vt 0.326904 0.349609
vt 0.045319 0.941956
vt 0.266357 0.810425
vt 0.507324 0.720459
vt 0.484863 0.713623
vt 0.504395 0.703125
vt 0.826660 0.690918
vt 0.827148 0.683105
vt 0.772949 0.427734
vt 0.783691 0.422363
vt 0.068848 0.745117
vt 0.063354 0.742188
vt 0.072327 0.739258
vt 0.362793 0.974777
vt 0.400146 0.125000
vt 0.389160 0.111328
vt 0.352783 0.093262
vt 0.617676 0.898682
vt 0.377930 0.946625
vt 0.360596 0.954742
vt 0.356689 0.937073
vt 0.363281 0.866089
vt 0.006554 0.533936
vt 0.019577 0.531982
vt 0.012230 0.543213
vt 0.389404 0.532471
vt 0.375244 0.534424
vt 0.375244 0.528564
vt 0.944824 0.659668
vt 0.962891 0.643311
vt 0.767578 0.507324
vt 0.763184 0.526855
vt 0.741699 0.525635
vt 0.403076 0.449707
vt 0.254639 0.943481
vt 0.249023 0.952148
vt 0.188599 0.852417
vt 0.411133 0.440918
vt 0.091980 0.585205
vt 0.107849 0.596924
vt 0.104675 0.601807
vt 0.857422 0.954102
vt 0.976074 0.430664
vt 0.973633 0.427246
vt 0.984375 0.418945
vt 0.028336 0.458008
vt 0.058777 0.452148
vt 0.039703 0.458496
vt 0.033447 0.934387
vt 0.022415 0.936096
vt 0.022186 0.926697
vt 0.032074 0.923462
vt 0.534668 0.546387
vt 0.529785 0.531250
vt 0.500977 0.915161
vt 0.494385 0.906372
vt 0.897949 0.328125
vt 0.905273 0.321289
vt 0.901367 0.331543
vt 0.791016 0.898865
vt 0.788086 0.327637
vt 0.782227 0.332520
vt 0.765137 0.327148
vt 0.423096 0.157227
vt 0.423340 0.148926
vt 0.445312 0.157715
vt 0.134644 0.930359
vt 0.131592 0.951691
vt 0.116333 0.944916
vt 0.060181 0.125977
vt 0.494873 0.164551
vt 0.476562 0.179199
vt 0.470459 0.159668
vt 0.339111 0.107910
vt 0.897461 0.342773
vt 0.891113 0.339844
vt 0.591309 0.465332
vt 0.595215 0.452148
vt 0.703613 0.939056
vt 0.709473 0.953308
vt 0.823242 0.172363
vt 0.826660 0.181641
vt 0.811523 0.179688
vt 0.856445 0.366211
vt 0.855469 0.360352
vt 0.864258 0.376465
vt 0.637207 0.582520
vt 0.628906 0.588379
vt 0.037079 0.725342
vt 0.032288 0.731201
vt 0.023911 0.726807
vt 0.369385 0.804810
vt 0.369873 0.790771
vt 0.370361 0.802490
vt 0.919922 0.928467
vt 0.936523 0.934875
vt 0.933105 0.944061
vt 0.916504 0.936462
vt 0.680176 0.018555
vt 0.676270 0.023438
vt 0.675781 0.018066
vt 0.167603 0.760376
vt 0.177734 0.763306
vt 0.172485 0.770386
vt 0.927734 0.067383
vt 0.921387 0.056152
vt 0.935059 0.062012
vt 0.930176 0.474121
vt 0.925293 0.463867
vt 0.464111 0.911072
vt 0.447510 0.911621
vt 0.448242 0.906860
vt 0.615723 0.654053
vt 0.612793 0.642090
vt 0.619141 0.645264
vt 0.687012 0.164551
vt 0.671875 0.155762
vt 0.359863 0.964600
vt 0.356201 0.957611
vt 0.865723 0.755371
vt 0.863281 0.747803
vt 0.868652 0.755005
vt 0.287598 0.244629
vt 0.274414 0.246094
vt 0.281006 0.229004
vt 0.242188 0.463379
vt 0.235474 0.464355
vt 0.234619 0.461914
vt 0.607910 0.708008
vt 0.598145 0.704346
vt 0.612793 0.700439
vt 0.015617 0.229004
vt 0.017685 0.223145
vt 0.027618 0.235840
vt 0.269043 0.894836
vt 0.279053 0.905762
vt 0.264648 0.909546
vt 0.411377 0.014160
vt 0.416748 0.009766
vt 0.419189 0.019531
vt 0.938965 0.699219
vt 0.945801 0.711426
vt 0.936035 0.707764
vt 0.321777 0.027344
vt 0.330322 0.039551
vt 0.322266 0.047852
vt 0.591309 0.473145
vt 0.305664 0.192383
vt 0.297363 0.197266
vt 0.293701 0.189941
vt 0.545898 0.982285
vt 0.562500 0.977722
vt 0.552246 0.989296
vt 0.923340 0.355957
vt 0.946777 0.357422
vt 0.939453 0.373535
vt 0.060211 0.493652
vt 0.053772 0.503418
vt 0.052094 0.500000
vt 0.203735 0.068848
vt 0.246704 0.579834
vt 0.234009 0.567383
vt 0.250000 0.562500
vt 0.357666 0.862915
vt 0.089783 0.562988
vt 0.100830 0.559570
vt 0.108826 0.573242
vt 0.950195 0.602783
vt 0.947754 0.611572
vt 0.937500 0.612793
vt 0.349609 0.033691
vt 0.370117 0.025879
vt 0.334473 0.498535
vt 0.289062 0.884094
vt 0.285889 0.869995
vt 0.300049 0.866211
vt 0.581055 0.794556
vt 0.587402 0.795898
vt 0.579102 0.805298
vt 0.626465 0.207031
vt 0.632324 0.214355
vt 0.123169 0.966187
vt 0.117065 0.956390
vt 0.131592 0.954895
vt 0.225342 0.041016
vt 0.230347 0.049805
vt 0.227417 0.058594
vt 0.068848 0.110352
vt 0.077209 0.119629
vt 0.808594 0.160156
vt 0.469971 0.594482
vt 0.468506 0.586182
vt 0.471436 0.592041
vt 0.956543 0.208984
vt 0.960938 0.220215
vt 0.952148 0.226562
vt 0.949219 0.218262
vt 0.848633 0.789673
vt 0.833984 0.780884
vt 0.852051 0.784790
vt 0.806152 0.880005
vt 0.811035 0.880554
vt 0.812500 0.890686
vt 0.504395 0.875000
vt 0.489990 0.873047
vt 0.499512 0.860352
vt 0.202515 0.405762
vt 0.199219 0.410645
vt 0.609863 0.740967
vt 0.602539 0.743408
vt 0.602539 0.724609
vt 0.860352 0.764771
vt 0.660645 0.887268
vt 0.668457 0.879150
vt 0.663574 0.892700
vt 0.052704 0.763306
vt 0.048248 0.757080
vt 0.068359 0.749512
vt 0.907227 0.789185
vt 0.911621 0.781616
vt 0.340332 0.486816
vt 0.338135 0.480957
vt 0.343506 0.481934
vt 0.346924 0.487793
vt 0.431152 0.897705
vt 0.417480 0.909363
vt 0.415039 0.897400
vt 0.707031 0.182129
vt 0.688965 0.170410
vt 0.981934 0.257324
vt 0.970703 0.262207
vt 0.969727 0.255371
vt 0.426025 0.639160
vt 0.412842 0.637939
vt 0.424805 0.626709
vt 0.919922 0.649658
vt 0.932617 0.653809
vt 0.924316 0.667480
vt 0.437744 0.120605
vt 0.417236 0.119629
vt 0.706543 0.699463
vt 0.706055 0.690430
vt 0.623047 0.809082
vt 0.617188 0.801636
vt 0.162476 0.767944
vt 0.165894 0.774658
vt 0.775391 0.743164
vt 0.076721 0.136719
vt 0.086731 0.142090
vt 0.320801 0.331055
vt 0.319580 0.344727
vt 0.311279 0.322754
vt 0.540039 0.787842
vt 0.548828 0.786743
vt 0.545410 0.800537
vt 0.537109 0.794922
vt 0.626465 0.814575
vt 0.637207 0.811401
vt 0.506348 0.516602
vt 0.513184 0.529785
vt 0.672363 0.829712
vt 0.410400 0.660645
vt 0.407471 0.658447
vt 0.459473 0.339355
vt 0.427002 0.333496
vt 0.539551 0.344238
vt 0.551758 0.335449
vt 0.326660 0.341797
vt 0.260254 0.177734
vt 0.402588 0.326660
vt 0.393799 0.327637
vt 0.396973 0.307617
vt 0.857910 0.986443
vt 0.848145 0.981430
vt 0.855957 0.969910
vt 0.452393 0.598633
vt 0.451904 0.608643
vt 0.448730 0.605713
vt 0.196533 0.269531
vt 0.220093 0.269531
vt 0.399658 0.833862
vt 0.409668 0.836060
vt 0.402100 0.840820
vt 0.517578 0.620361
vt 0.512695 0.626953
vt 0.622070 0.794189
vt 0.637207 0.793823
vt 0.632812 0.804077
vt 0.918945 0.347656
vt 0.912598 0.355957
vt 0.913574 0.344727
vt 0.554688 0.496582
vt 0.556641 0.482910
vt 0.674316 0.504150
vt 0.662109 0.513916
vt 0.659180 0.497559
vt 0.670410 0.499512
vt 0.635254 0.784790
vt 0.637207 0.783325
vt 0.637207 0.789795
vt 0.737793 0.592285
vt 0.737793 0.565918
vt 0.757324 0.566650
vt 0.766602 0.586182
vt 0.811523 0.347168
vt 0.797852 0.341309
vt 0.431152 0.047363
vt 0.710449 0.566406
vt 0.688477 0.624756
vt 0.682129 0.608643
vt 0.690430 0.607666
vt 0.120361 0.926758
vt 0.115967 0.919067
vt 0.138062 0.925354
vt 0.553711 0.561768
vt 0.556641 0.544678
vt 0.562012 0.555908
vt 0.793945 0.867554
vt 0.794922 0.855103
vt 0.808105 0.863403
vt 0.013672 0.860840
vt 0.017853 0.849854
vt 0.741211 0.971970
vt 0.739746 0.979691
vt 0.733398 0.983444
vt 0.827148 0.188965
vt 0.830078 0.199707
vt 0.820312 0.194824
vt 0.697754 0.147949
vt 0.713379 0.137207
vt 0.715820 0.145508
vt 0.175049 0.948212
vt 0.172241 0.933411
vt 0.186523 0.955017
vt 0.979492 0.084473
vt 0.988281 0.083008
vt 0.984863 0.087402
vt 0.913086 0.274414
vt 0.901855 0.273438
vt 0.892090 0.261719
vt 0.350342 0.016113
vt 0.335693 0.015625
vt 0.346191 0.001465
vt 0.586914 0.458984
vt 0.555664 0.453125
vt 0.588379 0.445801
vt 0.034882 0.496094
vt 0.037659 0.492188
vt 0.035126 0.500732
vt 0.586914 0.471680
vt 0.575684 0.470703
vt 0.845703 0.831421
vt 0.833984 0.822144
vt 0.730957 0.866577
vt 0.422119 0.167480
vt 0.433838 0.163574
vt 0.421631 0.172852
vt 0.610840 0.058594
vt 0.604004 0.077148
vt 0.592773 0.067383
vt 0.890137 0.694580
vt 0.895020 0.687988
vt 0.903320 0.689209
vt 0.836914 0.933899
vt 0.823730 0.956024
vt 0.817871 0.933899
vt 0.064758 0.276367
vt 0.119690 0.752686
vt 0.117859 0.764038
vt 0.108398 0.753540
vt 0.801270 0.971176
vt 0.792480 0.949921
vt 0.796387 0.945953
vt 0.361328 0.843994
vt 0.352783 0.848389
vt 0.351074 0.839600
vt 0.331787 0.925354
vt 0.337891 0.931091
vt 0.323486 0.925842
vt 0.321045 0.922852
vt 0.162842 0.176758
vt 0.177490 0.182617
vt 0.170166 0.184082
vt 0.595703 0.136230
vt 0.585938 0.128418
vt 0.231689 0.416016
vt 0.074158 0.752563
vt 0.077332 0.742920
vt 0.222656 0.662842
vt 0.214722 0.661621
vt 0.213623 0.654053
vt 0.724609 0.298340
vt 0.728516 0.295410
vt 0.739746 0.301758
vt 0.834961 0.283691
vt 0.852051 0.260254
vt 0.016876 0.691406
vt 0.016418 0.705811
vt 0.007202 0.687012
vt 0.180786 0.771118
vt 0.253906 0.221191
vt 0.260986 0.222656
vt 0.430908 0.080078
vt 0.427490 0.091309
vt 0.047394 0.031738
vt 0.065125 0.028809
vt 0.072815 0.037598
vt 0.056793 0.055664
vt 0.655762 0.373047
vt 0.337158 0.269043
vt 0.335693 0.278320
vt 0.086975 0.680176
vt 0.109436 0.854614
vt 0.097839 0.865234
vt 0.815918 0.721436
vt 0.604492 0.779541
vt 0.606934 0.789917
vt 0.592773 0.785889
vt 0.328369 0.069336
vt 0.319824 0.078125
vt 0.310547 0.073242
vt 0.673828 0.525879
vt 0.663086 0.529785
vt 0.675781 0.519775
vt 0.425537 0.043945
vt 0.421875 0.040527
vt 0.470947 0.612061
vt 0.460449 0.607178
vt 0.473633 0.602051
vt 0.973633 0.772827
vt 0.982910 0.787842
vt 0.567871 0.493164
vt 0.570801 0.487305
vt 0.253418 0.118652
vt 0.272705 0.111328
vt 0.468750 0.775879
vt 0.460693 0.788086
vt 0.458740 0.786133
vt 0.875977 0.243164
vt 0.881348 0.238770
vt 0.882324 0.248535
vt 0.394043 0.787842
vt 0.387695 0.772339
vt 0.396729 0.769409
vt 0.656738 0.395508
vt 0.674316 0.665527
vt 0.663574 0.662598
vt 0.678223 0.656250
vt 0.080383 0.707275
vt 0.767578 0.462402
vt 0.020676 0.305176
vt 0.018158 0.297852
vt 0.027679 0.301758
vt 0.579102 0.057129
vt 0.573730 0.058105
vt 0.574707 0.052734
vt 0.148682 0.708008
vt 0.152344 0.702148
vt 0.560059 0.563721
vt 0.567383 0.565918
vt 0.648926 0.065918
vt 0.667480 0.059570
vt 0.659668 0.068848
vt 0.483154 0.790039
vt 0.490967 0.773560
vt 0.504883 0.781616
vt 0.869141 0.311035
vt 0.869141 0.287109
vt 0.877930 0.295898
vt 0.032013 0.783936
vt 0.035706 0.768677
vt 0.330078 0.836426
vt 0.334717 0.817749
vt 0.355225 0.828857
vt 0.370117 0.557129
vt 0.378662 0.553223
vt 0.920898 0.333496
vt 0.909180 0.338867
vt 0.912109 0.333008
vt 0.854492 0.966095
vt 0.873535 0.963806
vt 0.866211 0.971237
vt 0.756348 0.744141
vt 0.749512 0.753296
vt 0.752930 0.743896
vt 0.095764 0.772949
vt 0.073608 0.775635
vt 0.076965 0.765259
vt 0.149048 0.182617
vt 0.150513 0.189941
vt 0.144165 0.189941
vt 0.712891 0.389160
vt 0.716797 0.385254
vt 0.719238 0.388672
vt 0.753418 0.978806
vt 0.258545 0.697266
vt 0.251465 0.705078
vt 0.258545 0.689453
vt 0.613770 0.346680
vt 0.626953 0.348145
vt 0.613281 0.351074
vt 0.963379 0.429199
vt 0.966797 0.425293
vt 0.902832 0.512939
vt 0.909180 0.519043
vt 0.907227 0.527344
vt 0.036865 0.529053
vt 0.037354 0.524414
vt 0.166138 0.786255
vt 0.153442 0.777588
vt 0.014580 0.099609
vt 0.019516 0.100098
vt 0.018875 0.112305
vt 0.012711 0.107422
vt 0.030640 0.489746
vt 0.031525 0.485840
vt 0.445312 0.661377
vt 0.430908 0.666260
vt 0.434570 0.651123
vt 0.059540 0.451172
vt 0.064697 0.455566
vt 0.273682 0.638184
vt 0.266602 0.634521
vt 0.281738 0.631592
vt 0.647949 0.132324
vt 0.648438 0.125000
vt 0.663086 0.136719
vt 0.168091 0.375488
vt 0.159790 0.371094
vt 0.170898 0.364746
vt 0.218018 0.810059
vt 0.228760 0.816895
vt 0.220093 0.818848
vt 0.214111 0.814941
vt 0.452393 0.889771
vt 0.932129 0.156738
vt 0.935059 0.144043
vt 0.936035 0.156738
vt 0.704102 0.818359
vt 0.698242 0.821899
vt 0.694336 0.815308
vt 0.652832 0.574707
vt 0.656738 0.597412
vt 0.645508 0.593506
vt 0.808594 0.197266
vt 0.810547 0.204590
vt 0.801758 0.208008
vt 0.155151 0.940887
vt 0.156128 0.927185
vt 0.102478 0.350586
vt 0.093323 0.344727
vt 0.109070 0.346191
vt 0.526367 0.483887
vt 0.183594 0.758545
vt 0.188599 0.753052
vt 0.192993 0.756226
vt 0.139893 0.914368
vt 0.153076 0.916016
vt 0.152466 0.919922
vt 0.407959 0.593262
vt 0.655273 0.013184
vt 0.658691 0.005371
vt 0.665039 0.004883
vt 0.661621 0.010742
vt 0.812012 0.313965
vt 0.805176 0.312500
vt 0.805176 0.311035
vt 0.759277 0.633789
vt 0.746094 0.639648
vt 0.746582 0.629883
vt 0.036285 0.832031
vt 0.021896 0.820557
vt 0.034973 0.814209
vt 0.248413 0.558838
vt 0.264893 0.561279
vt 0.577148 0.921082
vt 0.570312 0.912109
vt 0.912109 0.460449
vt 0.896484 0.465332
vt 0.805664 0.239746
vt 0.793945 0.250977
vt 0.707520 0.625488
vt 0.704590 0.623291
vt 0.709473 0.606445
vt 0.699219 0.255859
vt 0.717285 0.247559
vt 0.717285 0.255371
vt 0.211060 0.617188
vt 0.205444 0.632324
vt 0.556641 0.802856
vt 0.555664 0.809570
vt 0.552734 0.811768
vt 0.152588 0.159180
vt 0.139404 0.169434
vt 0.135864 0.157715
vt 0.149414 0.152832
vt 0.665039 0.079590
vt 0.695312 0.749023
vt 0.704102 0.757080
vt 0.519531 0.541992
vt 0.526367 0.545654
vt 0.522949 0.548828
vt 0.793457 0.127930
vt 0.799316 0.117676
vt 0.800293 0.128906
vt 0.516602 0.612061
vt 0.519043 0.602295
vt 0.740234 0.462891
vt 0.819336 0.868652
vt 0.816406 0.856812
vt 0.820801 0.857666
vt 0.064148 0.814575
vt 0.058105 0.826050
vt 0.047455 0.824829
vt 0.055817 0.811523
vt 0.850586 0.574219
vt 0.866211 0.570557
vt 0.853027 0.595947
vt 0.346191 0.890442
vt 0.346191 0.884338
vt 0.047638 0.270020
vt 0.050507 0.269531
vt 0.707031 0.967529
vt 0.696289 0.965302
vt 0.706543 0.958282
vt 0.854492 0.495605
vt 0.292236 0.632080
vt 0.286133 0.625488
vt 0.299561 0.629639
vt 0.326172 0.013672
vt 0.320801 0.012695
vt 0.608398 0.019531
vt 0.615723 0.014160
vt 0.437256 0.089355
vt 0.434570 0.094727
vt 0.428955 0.093750
vt 0.521973 0.376953
vt 0.525391 0.372070
vt 0.533691 0.369629
vt 0.135986 0.555664
vt 0.152466 0.559570
vt 0.130981 0.571045
vt 0.048798 0.103027
vt 0.056580 0.098145
vt 0.014412 0.331055
vt 0.020081 0.327637
vt 0.946777 0.482910
vt 0.952148 0.486328
vt 0.282227 0.969055
vt 0.285400 0.982742
vt 0.414062 0.652344
vt 0.406250 0.653809
vt 0.406494 0.645264
vt 0.056702 0.976318
vt 0.056519 0.980774
vt 0.313477 0.623047
vt 0.311768 0.609619
vt 0.313232 0.609375
vt 0.787598 0.647949
vt 0.787598 0.653320
vt 0.060852 0.297852
vt 0.064514 0.306641
vt 0.837402 0.354492
vt 0.837891 0.342773
vt 0.284180 0.931641
vt 0.281494 0.940735
vt 0.276611 0.926392
vt 0.975586 0.932495
vt 0.967285 0.928528
vt 0.985840 0.935181
vt 0.051636 0.470703
vt 0.062469 0.486328
vt 0.051544 0.485840
vt 0.171143 0.554688
vt 0.174927 0.543457
vt 0.186279 0.544189
vt 0.676270 0.516846
vt 0.675293 0.512207
vt 0.677246 0.508789
vt 0.018478 0.215820
vt 0.027115 0.214355
vt 0.024078 0.218750
vt 0.228882 0.238281
vt 0.725586 0.571533
vt 0.721680 0.568604
vt 0.079346 0.344727
vt 0.084778 0.344238
vt 0.075439 0.348633
vt 0.694824 0.766724
vt 0.690918 0.769531
vt 0.788574 0.214844
vt 0.324707 0.698730
vt 0.309814 0.696777
vt 0.398926 0.841919
vt 0.395264 0.833984
vt 0.364746 0.770630
vt 0.363037 0.760864
vt 0.368408 0.756226
vt 0.702637 0.952667
vt 0.703125 0.955841
vt 0.694336 0.960449
vt 0.200806 0.882568
vt 0.199463 0.856812
vt 0.214111 0.866333
vt 0.940430 0.664307
vt 0.081177 0.323730
vt 0.093872 0.320801
vt 0.083801 0.327637
vt 0.923828 0.074219
vt 0.920410 0.072754
vt 0.179565 0.842529
vt 0.077271 0.267090
vt 0.078186 0.277832
vt 0.426514 0.624023
vt 0.428223 0.639648
vt 0.339111 0.331543
vt 0.342773 0.341309
vt 0.337158 0.341309
vt 0.702148 0.706543
vt 0.709473 0.715332
vt 0.037140 0.464844
vt 0.364258 0.185059
vt 0.389404 0.186035
vt 0.368652 0.191895
vt 0.197876 0.671143
vt 0.738770 0.712402
vt 0.723145 0.720215
vt 0.543457 0.280762
vt 0.535645 0.301758
vt 0.722656 0.506836
vt 0.295654 0.353027
vt 0.297119 0.337891
vt 0.306396 0.351074
vt 0.198120 0.174316
vt 0.193604 0.181641
vt 0.192627 0.171387
vt 0.043182 0.830566
vt 0.535156 0.375977
vt 0.135864 0.059082
vt 0.139893 0.063477
vt 0.548340 0.056152
vt 0.537109 0.063477
vt 0.538086 0.051758
vt 0.808594 0.360352
vt 0.804688 0.353027
vt 0.208740 0.437012
vt 0.206909 0.440430
vt 0.202759 0.439453
vt 0.519531 0.448242
vt 0.517090 0.448730
vt 0.487549 0.623291
vt 0.477783 0.623047
vt 0.487061 0.615967
vt 0.866699 0.171387
vt 0.892090 0.171387
vt 0.861816 0.182617
vt 0.322510 0.486328
vt 0.328613 0.486816
vt 0.327393 0.495605
vt 0.696777 0.113281
vt 0.707031 0.123535
vt 0.703613 0.127441
vt 0.310547 0.638184
vt 0.306641 0.626953
vt 0.311768 0.628174
vt 0.082092 0.511719
vt 0.088074 0.518799
vt 0.085693 0.525146
vt 0.075378 0.518311
vt 0.528809 0.429688
vt 0.525879 0.441406
vt 0.520996 0.568115
vt 0.443115 0.094238
vt 0.441406 0.091309
vt 0.441895 0.085938
vt 0.003572 0.935608
vt 0.008453 0.934082
vt 0.005314 0.944366
vt 0.641602 0.370605
vt 0.710938 0.981750
vt 0.701172 0.983536
vt 0.704590 0.976685
vt 0.670898 0.924561
vt 0.671875 0.928345
vt 0.640137 0.582031
vt 0.641602 0.591064
vt 0.638672 0.592041
vt 0.448242 0.635986
vt 0.447021 0.624512
vt 0.412354 0.625732
vt 0.846191 0.086914
vt 0.848633 0.085449
vt 0.846191 0.093262
vt 0.861328 0.118164
vt 0.853027 0.129395
vt 0.851562 0.119629
vt 0.654297 0.955322
vt 0.638672 0.941010
vt 0.642090 0.014648
vt 0.647461 0.017578
vt 0.983887 0.082031
vt 0.974121 0.083496
vt 0.991211 0.076172
vt 0.275635 0.061523
vt 0.295654 0.055664
vt 0.289062 0.063477
vt 0.511719 0.305664
vt 0.985840 0.440918
vt 0.987305 0.419922
vt 0.853516 0.009277
vt 0.726562 0.481445
vt 0.788086 0.870483
vt 0.786621 0.859741
vt 0.788574 0.867065
vt 0.028961 0.487793
vt 0.329834 0.332520
vt 0.159424 0.890503
vt 0.150513 0.885559
vt 0.157227 0.319824
vt 0.156616 0.313965
vt 0.241577 0.619873
vt 0.254395 0.592773
vt 0.249878 0.591309
vt 0.270264 0.585693
vt 0.830078 0.441895
vt 0.815918 0.438965
vt 0.827148 0.427246
vt 0.690430 0.829224
vt 0.689453 0.832153
vt 0.911133 0.729004
vt 0.919922 0.732666
vt 0.159058 0.039062
vt 0.156616 0.055664
vt 0.155396 0.036621
vt 0.074646 0.859131
vt 0.064148 0.847534
vt 0.077271 0.854858
vt 0.963867 0.696045
vt 0.966797 0.675537
vt 0.975586 0.677246
vt 0.092896 0.411621
vt 0.104248 0.396973
vt 0.224365 0.209961
vt 0.032379 0.514404
vt 0.036621 0.507812
vt 0.045288 0.516846
vt 0.178101 0.411133
vt 0.763672 0.295898
vt 0.752930 0.292480
vt 0.759766 0.278320
vt 0.059540 0.795288
vt 0.044769 0.794434
vt 0.955566 0.187012
vt 0.964844 0.180176
vt 0.965332 0.197754
vt 0.030457 0.715332
vt 0.286621 0.458008
vt 0.298584 0.437988
vt 0.304688 0.446289
vt 0.816406 0.324707
vt 0.986328 0.910828
vt 0.038086 0.448730
vt 0.408203 0.512939
vt 0.402344 0.521729
vt 0.396729 0.509033
vt 0.984375 0.486816
vt 0.983398 0.496094
vt 0.976074 0.489258
vt 0.248169 0.636719
vt 0.227783 0.634033
vt 0.268066 0.944550
vt 0.259277 0.947784
vt 0.920898 0.353027
vt 0.037659 0.409180
vt 0.041107 0.391113
vt 0.724121 0.806396
vt 0.723145 0.800293
vt 0.733887 0.799072
vt 0.691895 0.890381
vt 0.913574 0.533691
vt 0.119690 0.297363
vt 0.105347 0.296387
vt 0.106750 0.287109
vt 0.799316 0.974518
vt 0.811523 0.973480
vt 0.806641 0.983963
vt 0.936035 0.650146
vt 0.235107 0.590088
vt 0.630371 0.509521
vt 0.631348 0.499023
vt 0.640137 0.501953
vt 0.952148 0.582275
vt 0.958496 0.591064
vt 0.951660 0.590820
vt 0.905762 0.122559
vt 0.860352 0.473145
vt 0.857422 0.492188
vt 0.849609 0.478516
vt 0.526855 0.380371
vt 0.517090 0.906494
vt 0.516602 0.915405
vt 0.509277 0.915222
vt 0.511230 0.906372
vt 0.481201 0.215820
vt 0.478760 0.197754
vt 0.482910 0.201660
vt 0.636230 0.219727
vt 0.635742 0.229980
vt 0.631348 0.229492
vt 0.448975 0.180176
vt 0.838379 0.972961
vt 0.845215 0.975479
vt 0.840820 0.988380
vt 0.589355 0.700928
vt 0.580078 0.695312
vt 0.589844 0.693604
vt 0.498047 0.617676
vt 0.696777 0.421387
vt 0.529297 0.525391
vt 0.527344 0.534424
vt 0.523438 0.536621
vt 0.271729 0.822632
vt 0.280029 0.819092
vt 0.276855 0.829224
vt 0.276611 0.270996
vt 0.288330 0.248535
vt 0.092224 0.157227
vt 0.045685 0.125000
vt 0.038910 0.124023
vt 0.043365 0.119629
vt 0.533203 0.975174
vt 0.525391 0.985886
vt 0.526367 0.970352
vt 0.178101 0.572021
vt 0.181519 0.588867
vt 0.172241 0.572754
vt 0.682129 0.868408
vt 0.602539 0.797607
vt 0.607910 0.807251
vt 0.865234 0.450195
vt 0.872559 0.444336
vt 0.868164 0.464844
vt 0.079590 0.520508
vt 0.074280 0.538086
vt 0.311768 0.061523
vt 0.314209 0.056641
vt 0.320557 0.062988
vt 0.315186 0.064453
vt 0.818359 0.819824
vt 0.802734 0.827759
vt 0.228882 0.955902
vt 0.223755 0.961304
vt 0.223511 0.954468
vt 0.690918 0.573730
vt 0.694336 0.537354
vt 0.279297 0.669922
vt 0.278809 0.683105
vt 0.706055 0.420410
vt 0.698730 0.414062
vt 0.709473 0.417480
vt 0.579102 0.931763
vt 0.568359 0.927429
vt 0.277344 0.319336
vt 0.878906 0.611328
vt 0.887695 0.611816
vt 0.888672 0.616211
vt 0.882812 0.616943
vt 0.417236 0.682373
vt 0.421631 0.681396
vt 0.421631 0.691406
vt 0.167969 0.021973
vt 0.926270 0.265625
vt 0.933105 0.265625
vt 0.049316 0.541748
vt 0.051239 0.539551
vt 0.057831 0.547852
vt 0.053436 0.550293
vt 0.568848 0.027344
vt 0.581055 0.038574
vt 0.097473 0.728271
vt 0.296143 0.246582
vt 0.912109 0.045410
vt 0.775391 0.024414
vt 0.245239 0.085449
vt 0.253418 0.079590
vt 0.256348 0.086914
vt 0.490723 0.880066
vt 0.597168 0.950073
vt 0.164673 0.688477
vt 0.158691 0.704590
vt 0.156860 0.687500
vt 0.409912 0.673340
vt 0.424805 0.664551
vt 0.237305 0.605469
vt 0.479736 0.756714
vt 0.472656 0.767578
vt 0.089539 0.374023
vt 0.175659 0.323242
vt 0.188110 0.319336
vt 0.188354 0.326660
vt 0.171021 0.333008
vt 0.482666 0.559570
vt 0.490479 0.553955
vt 0.494141 0.572266
vt 0.489258 0.968506
vt 0.495850 0.963196
vt 0.263916 0.931030
vt 0.257324 0.933960
vt 0.336426 0.183594
vt 0.326904 0.196777
vt 0.312744 0.189941
vt 0.674805 0.637695
vt 0.682617 0.638672
vt 0.679688 0.644043
vt 0.232300 0.860474
vt 0.217529 0.860474
vt 0.216431 0.857178
vt 0.145386 0.368164
vt 0.130371 0.372070
vt 0.134766 0.368164
vt 0.644531 0.615723
vt 0.673828 0.596924
vt 0.670410 0.627686
vt 0.967773 0.048828
vt 0.944336 0.050293
vt 0.235596 0.949188
vt 0.468018 0.744873
vt 0.463867 0.745850
vt 0.463379 0.738281
vt 0.838379 0.337402
vt 0.838379 0.331055
vt 0.304932 0.038086
vt 0.308594 0.048340
vt 0.301270 0.048828
vt 0.137573 0.497070
vt 0.142944 0.494141
vt 0.145752 0.499023
vt 0.093323 0.956879
vt 0.094849 0.974152
vt 0.090698 0.961975
vt 0.952148 0.727295
vt 0.962891 0.757568
vt 0.125366 0.031738
vt 0.131958 0.040039
vt 0.125488 0.038086
vt 0.543945 0.105469
vt 0.548828 0.105957
vt 0.436279 0.142578
vt 0.437744 0.131836
vt 0.235840 0.225586
vt 0.048370 0.198730
vt 0.060333 0.197266
vt 0.063904 0.203125
vt 0.201660 0.121094
vt 0.192505 0.133301
vt 0.440430 0.074219
vt 0.439697 0.085938
vt 0.436768 0.083008
vt 0.666016 0.312012
vt 0.657715 0.295410
vt 0.671387 0.292480
vt 0.364014 0.406738
vt 0.384766 0.404297
vt 0.385986 0.428711
vt 0.367920 0.427734
vt 0.218384 0.599121
vt 0.210205 0.604248
vt 0.205200 0.604980
vt 0.754883 0.736084
vt 0.748535 0.736816
vt 0.853516 0.696777
vt 0.847168 0.702881
vt 0.847656 0.687744
vt 0.285889 0.966553
vt 0.423828 0.050293
vt 0.438232 0.394043
vt 0.423340 0.377441
vt 0.533203 0.848389
vt 0.394531 0.461426
vt 0.772949 0.134766
vt 0.785645 0.126465
vt 0.779785 0.140137
vt 0.816895 0.896790
vt 0.815918 0.890503
vt 0.686523 0.117676
vt 0.149658 0.333008
vt 0.153320 0.330566
vt 0.161011 0.336914
vt 0.150391 0.339355
vt 0.566895 0.482910
vt 0.564453 0.496582
vt 0.118896 0.154785
vt 0.650879 0.277832
vt 0.125732 0.076172
vt 0.110413 0.958374
vt 0.101746 0.954163
vt 0.105896 0.946320
vt 0.116028 0.950165
vt 0.520020 0.526367
vt 0.263428 0.613770
vt 0.396484 0.294434
vt 0.387939 0.296875
vt 0.314453 0.319824
vt 0.377441 0.330566
vt 0.385986 0.309082
vt 0.384033 0.325195
vt 0.350098 0.359375
vt 0.036377 0.721680
vt 0.440186 0.789551
vt 0.443848 0.799561
vt 0.429688 0.796753
vt 0.155518 0.577148
vt 0.150513 0.574219
vt 0.161255 0.573242
vt 0.229614 0.687256
vt 0.223511 0.670654
vt 0.240601 0.675293
vt 0.576172 0.719482
vt 0.583008 0.705322
vt 0.590332 0.712158
vt 0.581055 0.724609
vt 0.158569 0.645996
vt 0.165771 0.637695
vt 0.169189 0.641113
vt 0.227417 0.018555
vt 0.227417 0.002930
vt 0.238892 0.006348
vt 0.721191 0.954468
vt 0.715332 0.965118
vt 0.913086 0.522217
vt 0.954590 0.532959
vt 0.923828 0.554443
vt 0.107300 0.354492
vt 0.106140 0.361816
vt 0.420654 0.052246
vt 0.418213 0.052734
vt 0.418701 0.045898
vt 0.269531 0.151855
vt 0.386230 0.436035
vt 0.793945 0.972626
vt 0.774902 0.977859
vt 0.206421 0.943634
vt 0.204956 0.938721
vt 0.210449 0.939270
vt 0.330322 0.962311
vt 0.337646 0.935913
vt 0.351562 0.939087
vt 0.349121 0.977234
vt 0.318848 0.916870
vt 0.315186 0.920471
vt 0.314209 0.914368
vt 0.318604 0.913025
vt 0.385742 0.545654
vt 0.990234 0.684082
vt 1.000000 0.682373
vt 0.846191 0.339844
vt 0.339355 0.719727
vt 0.601562 0.043945
vt 0.617188 0.050293
vt 0.597656 0.052246
vt 0.442627 0.393555
vt 0.434082 0.384277
vt 0.444092 0.385742
vt 0.478027 0.751587
vt 0.494629 0.737793
vt 0.080322 0.291016
vt 0.082092 0.295898
vt 0.221558 0.069336
vt 0.676758 0.229492
vt 0.684082 0.232422
vt 0.685547 0.235352
vt 0.143066 0.434570
vt 0.126099 0.429199
vt 0.139893 0.412598
vt 0.040405 0.298340
vt 0.036407 0.293457
vt 0.038666 0.292969
vt 0.047119 0.292969
vt 0.045166 0.423828
vt 0.049500 0.414062
vt 0.053375 0.428223
vt 0.815918 0.710205
vt 0.208740 0.410645
vt 0.211914 0.413086
vt 0.854004 0.080566
vt 0.854492 0.085938
vt 0.853027 0.072266
vt 0.729492 0.248535
vt 0.750977 0.251953
vt 0.744141 0.277344
vt 0.530273 0.318359
vt 0.228149 0.533203
vt 0.799316 0.519775
vt 0.792969 0.520508
vt 0.102966 0.729004
vt 0.099548 0.722656
vt 0.107605 0.722412
vt 0.121826 0.970917
vt 0.106140 0.967896
vt 0.893066 0.350586
vt 0.882324 0.355957
vt 0.886719 0.347656
vt 0.856445 0.938446
vt 0.268799 0.323730
vt 0.525391 0.916626
vt 0.522461 0.926941
vt 0.042175 0.414062
vt 0.026154 0.508789
vt 0.299561 0.375977
vt 0.279785 0.357910
vt 0.420654 0.059570
vt 0.417725 0.061523
vt 0.869629 0.627930
vt 0.867676 0.641113
vt 0.866211 0.629150
vt 0.679688 0.796387
vt 0.674805 0.809204
vt 0.663574 0.806396
vt 0.015793 0.498047
vt 0.028320 0.497559
vt 0.017929 0.503906
vt 0.998535 0.425781
vt 0.996094 0.424805
vt 0.997070 0.421875
vt 0.497803 0.437012
vt 0.202881 0.719971
vt 0.196167 0.720215
vt 0.194824 0.711914
vt 0.558594 0.329590
vt 0.570312 0.324219
vt 0.567383 0.330566
vt 0.332031 0.473145
vt 0.330811 0.479004
vt 0.643066 0.865845
vt 0.644043 0.855591
vt 0.653809 0.859741
vt 0.413330 0.156250
vt 0.412598 0.172363
vt 0.874023 0.625732
vt 0.873535 0.618408
vt 0.398682 0.529541
vt 0.864746 0.221191
vt 0.853516 0.245605
vt 0.282959 0.302246
vt 0.284668 0.302734
vt 0.195312 0.924377
vt 0.709473 0.760864
vt 0.708008 0.762817
vt 0.708008 0.759277
vt 0.520020 0.777466
vt 0.198608 0.607422
vt 0.191895 0.612305
vt 0.195435 0.793213
vt 0.195068 0.786011
vt 0.204102 0.792847
vt 0.520996 0.754883
vt 0.505859 0.744629
vt 0.174194 0.797852
vt 0.175537 0.790283
vt 0.180542 0.789429
vt 0.859375 0.564453
vt 0.680664 0.336914
vt 0.684082 0.317871
vt 0.694824 0.331543
vt 0.994141 0.638916
vt 0.995117 0.625732
vt 1.000000 0.627197
vt 0.093201 0.686523
vt 0.079651 0.703613
vt 0.798828 0.605469
vt 0.446045 0.215820
vt 0.433594 0.209961
vt 0.444092 0.205078
vt 0.966797 0.216309
vt 0.124268 0.343750
vt 0.147705 0.359375
vt 0.662598 0.253418
vt 0.666016 0.234375
vt 0.675293 0.250488
vt 0.823242 0.160645
vt 0.823730 0.166504
vt 0.579102 0.685303
vt 0.593750 0.677246
vt 0.752441 0.930359
vt 0.736328 0.938263
vt 0.742188 0.918213
vt 0.860840 0.986664
vt 0.874023 0.984909
vt 0.863281 0.992870
vt 0.888672 0.625488
vt 0.885254 0.622559
vt 0.887695 0.621338
vt 0.072632 0.249023
vt 0.062439 0.240723
vt 0.076233 0.238770
vt 0.965332 0.966125
vt 0.977051 0.962128
vt 0.962402 0.975464
vt 0.123230 0.215820
vt 0.114075 0.207031
vt 0.121765 0.207031
vt 0.309082 0.001953
vt 0.319336 0.314453
vt 0.285645 0.039062
vt 0.267090 0.068359
vt 0.267334 0.046387
vt 0.692383 0.741699
vt 0.693848 0.734619
vt 0.700195 0.736572
vt 0.901367 0.349609
vt 0.348145 0.716064
vt 0.095703 0.340332
vt 0.105042 0.333496
vt 0.099670 0.340820
vt 0.290283 0.495117
vt 0.301270 0.498535
vt 0.299805 0.510010
vt 0.553223 0.916931
vt 0.544434 0.927612
vt 0.540527 0.917114
vt 0.825684 0.018066
vt 0.811523 0.034668
vt 0.807617 0.020508
vt 0.965332 0.354980
vt 0.967773 0.352539
vt 0.967285 0.357422
vt 0.460693 0.720215
vt 0.462891 0.730225
vt 0.454590 0.725098
vt 0.413818 0.585449
vt 0.405029 0.582520
vt 0.418213 0.575195
vt 0.303955 0.486328
vt 0.292725 0.481445
vt 0.294922 0.470703
vt 0.309814 0.480469
vt 0.857910 0.131348
vt 0.851074 0.138672
vt 0.465088 0.860474
vt 0.452148 0.874023
vt 0.445801 0.866455
vt 0.625977 0.049805
vt 0.694824 0.954712
vt 0.421143 0.453613
vt 0.418457 0.471191
vt 0.269775 0.138184
vt 0.911621 0.368164
vt 0.627930 0.542969
vt 0.631348 0.552979
vt 0.624512 0.555908
vt 0.832031 0.883667
vt 0.825684 0.875366
vt 0.831543 0.864502
vt 0.431641 0.429199
vt 0.009079 0.315430
vt 0.005184 0.321289
vt 0.426758 0.673340
vt 0.431152 0.675781
vt 0.424805 0.687256
vt 0.115723 0.268555
vt 0.106628 0.265137
vt 0.636719 0.753540
vt 0.644531 0.749512
vt 0.638184 0.765747
vt 0.321289 0.722656
vt 0.069702 0.535889
vt 0.075928 0.543945
vt 0.067688 0.543945
vt 0.066895 0.633545
vt 0.059296 0.643555
vt 0.356934 0.964020
vt 0.983887 0.320801
vt 0.966797 0.320801
vt 0.976074 0.301758
vt 0.924805 0.172363
vt 0.350830 0.439941
vt 0.353760 0.438965
vt 0.539062 0.272461
vt 0.572754 0.252930
vt 0.559082 0.281738
vt 0.089478 0.401855
vt 0.076904 0.411133
vt 0.019241 0.912781
vt 0.023361 0.905457
vt 0.027771 0.915527
vt 0.596191 0.970551
vt 0.588867 0.993225
vt 0.582520 0.977310
vt 0.100586 0.817749
vt 0.110901 0.818970
vt 0.110229 0.825073
vt 0.107361 0.827393
vt 0.513184 0.649170
vt 0.515625 0.666992
vt 0.502930 0.663086
vt 0.759766 0.762451
vt 0.765625 0.749268
vt 0.536133 0.109863
vt 0.524902 0.095215
vt 0.538086 0.096191
vt 0.856934 0.620850
vt 0.848145 0.638184
vt 0.851074 0.612549
vt 0.075684 0.017578
vt 0.087036 0.030273
vt 0.125122 0.758423
vt 0.620605 0.322266
vt 0.621094 0.325684
vt 0.614258 0.325195
vt 0.025620 0.292969
vt 0.024872 0.291504
vt 0.033173 0.291016
vt 0.975586 0.089355
vt 0.973145 0.085449
vt 0.937500 0.478027
vt 0.949707 0.488770
vt 0.937012 0.481934
vt 0.886719 0.229980
vt 0.890137 0.242188
vt 0.888184 0.247559
vt 0.077942 0.538574
vt 0.737305 0.179199
vt 0.733887 0.184082
vt 0.723633 0.185059
vt 0.012489 0.916565
vt 0.313721 0.725586
vt 0.114685 0.181641
vt 0.102905 0.182129
vt 0.109497 0.178711
vt 0.962891 0.235352
vt 0.131958 0.683594
vt 0.134766 0.672363
vt 0.332031 0.482422
vt 0.520508 0.239746
vt 0.514160 0.234375
vt 0.519043 0.228516
vt 0.028625 0.256836
vt 0.030960 0.270020
vt 0.450684 0.737793
vt 0.447754 0.746338
vt 0.427734 0.738037
vt 0.251709 0.986946
vt 0.263428 0.982437
vt 0.259766 0.992931
vt 0.373535 0.155762
vt 0.381104 0.166992
vt 0.244751 0.655518
vt 0.229492 0.657715
vt 0.231445 0.647705
vt 0.950684 0.968048
vt 0.169189 0.739502
vt 0.159790 0.738037
vt 0.166626 0.730957
vt 0.978516 0.181152
vt 0.979980 0.164551
vt 0.981445 0.173340
vt 0.863770 0.612793
vt 0.860352 0.606445
vt 0.650879 0.145996
vt 0.646973 0.158691
vt 0.436279 0.720459
vt 0.439453 0.718018
vt 0.445557 0.726562
vt 0.393799 0.371582
vt 0.398193 0.382324
vt 0.383789 0.383301
vt 0.371826 0.368164
vt 0.854004 0.347656
vt 0.851562 0.346680
vt 0.853516 0.342773
vt 0.857422 0.344238
vt 0.510254 0.641113
vt 0.513184 0.639160
vt 0.255371 0.942047
vt 0.116333 0.151855
vt 0.109131 0.155273
vt 0.110168 0.147461
vt 0.582520 0.665283
vt 0.585938 0.669189
vt 0.576660 0.666992
vt 0.701172 0.852661
vt 0.691406 0.850098
vt 0.429443 0.773926
vt 0.436279 0.775024
vt 0.429932 0.781738
vt 0.646484 0.166504
vt 0.653320 0.161133
vt 0.092834 0.331543
vt 0.101990 0.331055
vt 0.093567 0.336426
vt 0.609375 0.127930
vt 0.609375 0.139160
vt 0.641113 0.707031
vt 0.041687 0.147461
vt 0.047577 0.152832
vt 0.302246 0.657227
vt 0.319580 0.669434
vt 0.438232 0.401367
vt 0.448486 0.393555
vt 0.957520 0.939850
vt 0.967773 0.934387
vt 0.973145 0.943817
vt 0.538574 0.702393
vt 0.542969 0.727783
vt 0.521973 0.717041
vt 0.153809 0.217773
vt 0.136719 0.222168
vt 0.140259 0.214844
vt 0.505859 0.302734
vt 0.301514 0.988602
vt 0.292969 0.986580
vt 0.296631 0.970825
vt 0.423584 0.662354
vt 0.424072 0.649170
vt 0.726074 0.071289
vt 0.732422 0.098145
vt 0.766113 0.823364
vt 0.766113 0.822632
vt 0.771484 0.811523
vt 0.706543 0.382324
vt 0.709961 0.374023
vt 0.710449 0.383789
vt 0.824219 0.386230
vt 0.812500 0.387207
vt 0.094055 0.383789
vt 0.400879 0.332031
vt 0.692383 0.034668
vt 0.713379 0.060547
vt 0.689941 0.061523
vt 0.100708 0.216797
vt 0.098511 0.213867
vt 0.108459 0.213867
vt 0.111328 0.216797
vt 0.166260 0.866943
vt 0.170166 0.856689
vt 0.473389 0.245117
vt 0.406494 0.856567
vt 0.409424 0.867065
vt 0.403809 0.865112
vt 0.947266 0.185059
vt 0.934570 0.173340
vt 0.937012 0.172363
vt 0.042664 0.888123
vt 0.033722 0.889160
vt 0.709961 0.408203
vt 0.412842 0.718506
vt 0.412842 0.711426
vt 0.429443 0.723145
vt 0.325439 0.786255
vt 0.318115 0.766724
vt 0.329346 0.767212
vt 0.316650 0.476074
vt 0.324707 0.461914
vt 0.430908 0.624023
vt 0.789062 0.888245
vt 0.784180 0.878784
vt 0.788574 0.876587
vt 0.790039 0.883667
vt 0.207153 0.518066
vt 0.203125 0.506836
vt 0.212036 0.513672
vt 0.134155 0.629883
vt 0.154663 0.628174
vt 0.316406 0.450195
vt 0.307861 0.437500
vt 0.322266 0.443359
vt 0.623047 0.479980
vt 0.619629 0.478516
vt 0.622559 0.476562
vt 0.169434 0.337402
vt 0.166504 0.335449
vt 0.593262 0.107422
vt 0.075684 0.315430
vt 0.085083 0.307129
vt 0.090271 0.314453
vt 0.797363 0.882019
vt 0.795898 0.874268
vt 0.805664 0.873779
vt 0.324463 0.622070
vt 0.316895 0.610352
vt 0.912109 0.539062
vt 0.531738 0.927490
vt 0.571289 0.181641
vt 0.342285 0.752808
vt 0.353271 0.747314
vt 0.356445 0.752930
vt 0.072571 0.612305
vt 0.066345 0.613770
vt 0.067810 0.604248
vt 0.172485 0.482422
vt 0.177002 0.478027
vt 0.179810 0.481445
vt 0.176392 0.483887
vt 0.651367 0.093262
vt 0.648926 0.096680
vt 0.644043 0.089844
vt 0.041595 0.737793
vt 0.048004 0.734131
vt 0.062805 0.747314
vt 0.916992 0.461426
vt 0.929688 0.456055
vt 0.085266 0.277832
vt 0.081726 0.282715
vt 0.365479 0.743408
vt 0.843750 0.154297
vt 0.840820 0.165527
vt 0.833984 0.164062
vt 0.078125 0.229980
vt 0.090576 0.239746
vt 0.943359 0.647705
vt 0.855469 0.058105
vt 0.855957 0.069824
vt 0.849121 0.063477
vt 0.210449 0.206543
vt 0.230835 0.205078
vt 0.055878 0.015625
vt 0.654785 0.514160
vt 0.443848 0.764648
vt 0.462402 0.763184
vt 0.461426 0.776611
vt 0.447998 0.775635
vt 0.936523 0.131836
vt 0.029800 0.800659
vt 0.713379 0.664307
vt 0.691406 0.315918
vt 0.704102 0.330078
vt 0.659668 0.708740
vt 0.650391 0.704102
vt 0.215942 0.772949
vt 0.459961 0.571045
vt 0.467773 0.577637
vt 0.287842 0.941406
vt 0.295898 0.942688
vt 0.289551 0.943756
vt 0.554688 0.358398
vt 0.553223 0.352539
vt 0.480957 0.120117
vt 0.485352 0.110352
vt 0.018478 0.019043
vt 0.022629 0.015137
vt 0.028915 0.016113
vt 0.810547 0.933838
vt 0.024841 0.985741
vt 0.023178 0.966980
vt 0.036652 0.970337
vt 0.767578 0.562988
vt 0.447266 0.965790
vt 0.437256 0.983932
vt 0.438721 0.961578
vt 0.587402 0.145996
vt 0.601562 0.148926
vt 0.183472 0.889832
vt 0.198608 0.887512
vt 0.030045 0.844482
vt 0.514648 0.830566
vt 0.510254 0.834717
vt 0.503418 0.833984
vt 0.607422 0.574951
vt 0.600586 0.560059
vt 0.613281 0.568359
vt 0.616211 0.579590
vt 0.578613 0.100586
vt 0.584473 0.093750
vt 0.578613 0.110840
vt 0.577637 0.108398
vt 0.645508 0.894470
vt 0.645020 0.888184
vt 0.655273 0.887329
vt 0.187012 0.352539
vt 0.173584 0.342285
vt 0.185059 0.340820
vt 0.747070 0.047852
vt 0.122986 0.884460
vt 0.131348 0.884399
vt 0.127808 0.890198
vt 0.817383 0.493164
vt 0.815430 0.499023
vt 0.812988 0.494141
vt 0.367676 0.460938
vt 0.530762 0.725342
vt 0.541016 0.738770
vt 0.722168 0.782715
vt 0.712891 0.790405
vt 0.708984 0.779785
vt 0.324463 0.917542
vt 0.696289 0.095703
vt 0.701172 0.110352
vt 0.402344 0.845825
vt 0.385986 0.858154
vt 0.213745 0.719727
vt 0.212769 0.715332
vt 0.855957 0.813721
vt 0.872559 0.807007
vt 0.081848 0.219727
vt 0.085876 0.214844
vt 0.093933 0.220703
vt 0.038483 0.739990
vt 0.024979 0.738770
vt 0.192383 0.166992
vt 0.184204 0.171875
vt 0.931152 0.478516
vt 0.836426 0.706299
vt 0.835938 0.690674
vt 0.161377 0.091309
vt 0.167358 0.100586
vt 0.157593 0.094727
vt 0.623047 0.568359
vt 0.837891 0.179688
vt 0.833984 0.194824
vt 0.881836 0.346191
vt 0.161011 0.183105
vt 0.187256 0.770020
vt 0.192749 0.763916
vt 0.193237 0.768311
vt 0.442627 0.072754
vt 0.494141 0.617188
vt 0.494385 0.605957
vt 0.614258 0.766724
vt 0.149292 0.195801
vt 0.133911 0.195801
vt 0.052094 0.961365
vt 0.063293 0.969742
vt 0.050812 0.968231
vt 0.085693 0.494629
vt 0.091919 0.496094
vt 0.447266 0.443848
vt 0.244751 0.224121
vt 0.239624 0.237305
vt 0.908691 0.500977
vt 0.550781 0.646240
vt 0.557617 0.635010
vt 0.393799 0.696777
vt 0.405273 0.692627
vt 0.396973 0.703857
vt 0.433105 0.130859
vt 0.605957 0.219238
vt 0.617188 0.222168
vt 0.679688 0.807983
vt 0.532227 0.085449
vt 0.019577 0.037598
vt 0.019516 0.027832
vt 0.026657 0.035156
vt 0.986328 0.634033
vt 0.213257 0.692871
vt 0.209595 0.698486
vt 0.211792 0.686035
vt 0.454346 0.091309
vt 0.453369 0.094727
vt 0.458496 0.409180
vt 0.463867 0.413086
vt 0.945312 0.936523
vt 0.794922 0.112793
vt 0.976562 0.269531
vt 0.170898 0.098633
vt 0.956055 0.433105
vt 0.939941 0.441895
vt 0.951172 0.427246
vt 0.134766 0.047363
vt 0.134155 0.054199
vt 0.828125 0.923889
vt 0.398682 0.639160
vt 0.381592 0.651855
vt 0.220459 0.247070
vt 0.241455 0.246582
vt 0.225342 0.065918
vt 0.239868 0.060547
vt 0.800781 0.135742
vt 0.791504 0.136719
vt 0.106079 0.376953
vt 0.521973 0.603760
vt 0.157593 0.678955
vt 0.343994 0.498535
vt 0.343994 0.500488
vt 0.795410 0.409668
vt 0.792480 0.412109
vt 0.794434 0.404297
vt 0.791992 0.414551
vt 0.785156 0.411133
vt 0.004581 0.024902
vt 0.013435 0.017090
vt 0.223999 0.651611
vt 0.222168 0.645264
vt 0.058929 0.832397
vt 0.073181 0.830078
vt 0.529297 0.032227
vt 0.541992 0.025391
vt 0.980957 0.108887
vt 0.982422 0.105469
vt 0.990723 0.115723
vt 0.545898 0.321289
vt 0.247803 0.089844
vt 0.258057 0.095215
vt 0.256104 0.097168
vt 0.677246 0.051270
vt 0.668945 0.051758
vt 0.082214 0.956146
vt 0.078979 0.943909
vt 0.091187 0.950165
vt 0.906738 0.477539
vt 0.913086 0.463867
vt 0.920898 0.465820
vt 0.925781 0.473633
vt 0.233276 0.314453
vt 0.216919 0.324707
vt 0.947754 0.839600
vt 0.949219 0.821045
vt 0.959961 0.853394
vt 0.968750 0.846191
vt 0.964844 0.854004
vt 0.087402 0.858154
vt 0.070557 0.866577
vt 0.854004 0.553223
vt 0.578613 0.347656
vt 0.941406 0.993450
vt 0.939941 0.982697
vt 0.952148 0.984993
vt 0.856934 0.923645
vt 0.676270 0.448242
vt 0.688965 0.443359
vt 0.383057 0.485840
vt 0.396484 0.487305
vt 0.385498 0.495605
vt 0.104797 0.174805
vt 0.114441 0.172852
vt 0.152222 0.747559
vt 0.145142 0.759033
vt 0.177856 0.784424
vt 0.605469 0.304199
vt 0.620117 0.315430
vt 0.876953 0.230957
vt 0.547852 0.253418
vt 0.631836 0.833740
vt 0.639648 0.834961
vt 0.634766 0.835938
vt 0.177856 0.532471
vt 0.291016 0.207520
vt 0.282959 0.187988
vt 0.364014 0.752563
vt 0.052307 0.705811
vt 0.060669 0.693359
vt 0.305664 0.367676
vt 0.346680 0.095215
vt 0.337891 0.090820
vt 0.816406 0.751221
vt 0.824707 0.743896
vt 0.827637 0.754639
vt 0.098694 0.097656
vt 0.099304 0.091309
vt 0.106506 0.093262
vt 0.113037 0.100098
vt 0.232300 0.723633
vt 0.229858 0.707275
vt 0.243408 0.715576
vt 0.093262 0.363281
vt 0.079590 0.361328
vt 0.086853 0.349609
vt 0.300781 0.932861
vt 0.520020 0.421387
vt 0.510254 0.416992
vt 0.519531 0.412109
vt 0.484619 0.071289
vt 0.299561 0.587891
vt 0.278320 0.605713
vt 0.639648 0.139160
vt 0.628906 0.144043
vt 0.950684 0.595947
vt 0.811523 0.120605
vt 0.820312 0.120117
vt 0.816406 0.127441
vt 0.061157 0.725830
vt 0.072449 0.727783
vt 0.833008 0.081543
vt 0.838867 0.088867
vt 0.834473 0.095703
vt 0.828125 0.096680
vt 0.645996 0.974655
vt 0.650391 0.963135
vt 0.854004 0.933899
vt 0.322266 0.759888
vt 0.329346 0.751587
vt 0.202393 0.542236
vt 0.209961 0.535156
vt 0.463867 0.486328
vt 0.466797 0.475098
vt 0.034546 0.069824
vt 0.395264 0.452148
vt 0.948730 0.518799
vt 0.886719 0.627441
vt 0.886230 0.636963
vt 0.576660 0.000000
vt 0.577637 0.010742
vt 0.572754 0.008789
vt 0.440674 0.295410
vt 0.888184 0.588135
vt 0.892578 0.610352
vt 0.878418 0.586182
vt 0.026154 0.520996
vt 0.026398 0.527344
vt 0.019882 0.523926
vt 0.977539 0.800659
vt 0.987305 0.802490
vt 0.984375 0.813721
vt 0.993652 0.468262
vt 0.993652 0.457520
vt 1.000000 0.461914
vt 0.774902 0.914185
vt 0.758789 0.914246
vt 0.769043 0.899109
vt 0.686035 0.736328
vt 0.678223 0.731689
vt 0.680664 0.722900
vt 0.072510 0.199707
vt 0.411133 0.145020
vt 0.409668 0.132324
vt 0.399902 0.931030
vt 0.372803 0.928162
vt 0.319824 0.101074
vt 0.195923 0.233887
vt 0.161377 0.331055
vt 0.160156 0.333496
vt 0.156738 0.326172
vt 0.175049 0.106934
vt 0.100830 0.220703
vt 0.841797 0.708008
vt 0.852539 0.724121
vt 0.180908 0.975876
vt 0.180908 0.987404
vt 0.163696 0.979950
vt 0.168457 0.209961
vt 0.156616 0.209961
vt 0.007614 0.925537
vt 0.830566 0.799927
vt 0.628906 0.669434
vt 0.358398 0.169434
vt 0.355713 0.174316
vt 0.343994 0.164062
vt 0.073120 0.203125
vt 0.235352 0.456055
vt 0.249634 0.437012
vt 0.595215 0.716797
vt 0.563477 0.480469
vt 0.553711 0.468262
vt 0.221191 0.863281
vt 0.985840 0.873413
vt 0.980469 0.896179
vt 0.969727 0.887878
vt 0.411133 0.046387
vt 0.419678 0.033691
vt 0.256836 0.924316
vt 0.496826 0.688477
vt 0.933594 0.883667
vt 0.937500 0.870972
vt 0.947266 0.871826
vt 0.949219 0.881775
vt 0.743164 0.696045
vt 0.410645 0.522949
vt 0.416016 0.517090
vt 0.221558 0.044434
vt 0.575195 0.805786
vt 0.901855 0.965851
vt 0.904785 0.958374
vt 0.906250 0.969193
vt 0.904297 0.224609
vt 0.895508 0.229004
vt 0.895508 0.226074
vt 0.312988 0.367676
vt 0.312012 0.362305
vt 0.159302 0.672852
vt 0.149048 0.668457
vt 0.063538 0.091309
vt 1.000000 0.490234
vt 1.000000 0.502930
vt 0.997070 0.495117
vt 0.615723 0.694824
vt 0.600098 0.694092
vt 0.604980 0.685303
vt 0.419678 0.979340
vt 0.425537 0.970825
vt 0.570801 0.944855
vt 0.551758 0.950134
vt 0.555176 0.928345
vt 0.947266 0.457031
vt 0.953125 0.452637
vt 0.957520 0.465820
vt 0.699219 0.691895
vt 0.062561 0.145020
vt 0.253418 0.234863
vt 0.449707 0.573730
vt 0.447021 0.575195
vt 0.130493 0.046387
vt 0.738770 0.331055
vt 0.733398 0.327148
vt 0.743164 0.325684
vt 0.743652 0.330566
vt 0.967773 0.361328
vt 0.913574 0.048340
vt 0.893066 0.050781
vt 0.321533 0.354492
vt 0.320801 0.357422
vt 0.306641 0.360352
vt 0.044647 0.629639
vt 0.055695 0.557617
vt 0.059570 0.555176
vt 0.635254 0.163086
vt 0.677734 0.500977
vt 0.678711 0.497070
vt 0.686523 0.498535
vt 0.714355 0.969513
vt 0.806641 0.490234
vt 0.816406 0.479980
vt 0.809570 0.493164
vt 0.714844 0.843018
vt 0.728027 0.847046
vt 0.726074 0.856689
vt 0.720703 0.137207
vt 0.707520 0.112305
vt 0.838379 0.169434
vt 0.840820 0.172852
vt 0.280029 0.890198
vt 0.572266 0.874390
vt 0.568848 0.866333
vt 0.759277 0.125977
vt 0.794434 0.602051
vt 0.791016 0.601318
vt 0.792480 0.598633
vt 0.169434 0.789429
vt 0.423584 0.589355
vt 0.420898 0.579102
vt 0.969727 0.546143
vt 0.976562 0.548584
vt 0.973145 0.557861
vt 0.979980 0.102051
vt 0.040344 0.240234
vt 0.043427 0.221680
vt 0.058716 0.234375
vt 0.249512 0.198242
vt 0.254639 0.179688
vt 0.166626 0.480957
vt 0.311768 0.346680
vt 0.922363 0.365723
vt 0.916016 0.373047
vt 0.913574 0.369629
vt 0.117432 0.180664
vt 0.954102 0.721924
vt 0.954590 0.714111
vt 0.962891 0.725098
vt 0.400391 0.591553
vt 0.977539 0.845703
vt 0.981934 0.842651
vt 0.979004 0.848633
vt 0.434082 0.728760
vt 0.041626 0.839722
vt 0.039215 0.813599
vt 0.240845 0.088867
vt 0.254395 0.098633
vt 0.237427 0.105469
vt 0.236572 0.090820
vt 0.672852 0.718994
vt 0.664062 0.721680
vt 0.907715 0.383301
vt 0.898438 0.383789
vt 0.296875 0.230469
vt 0.290771 0.226074
vt 0.304199 0.227051
vt 0.166382 0.843872
vt 0.171021 0.850586
vt 0.154053 0.840088
vt 0.601074 0.661133
vt 0.700195 0.787109
vt 0.701660 0.778564
vt 0.740723 0.665039
vt 0.744141 0.651611
vt 0.745117 0.665527
vt 0.167603 0.516113
vt 0.168579 0.522705
vt 0.835449 0.583008
vt 0.216675 0.644775
vt 0.210327 0.644287
vt 0.211792 0.633545
vt 0.859863 0.337402
vt 0.469727 0.738281
vt 0.402832 0.676270
vt 0.388672 0.672119
vt 0.194702 0.857422
vt 0.812988 0.877625
vt 0.817383 0.882263
vt 0.147095 0.508789
vt 0.155396 0.503906
vt 0.165527 0.512695
vt 0.987305 0.753662
vt 0.245972 0.458984
vt 0.102600 0.083008
vt 0.555664 0.568604
vt 0.123230 0.539062
vt 0.140991 0.547119
vt 0.243774 0.068848
vt 0.246704 0.062500
vt 0.252930 0.068359
vt 0.245361 0.077637
vt 0.774902 0.295898
vt 0.764160 0.299805
vt 0.505371 0.230469
vt 0.486328 0.225098
vt 0.485596 0.216797
vt 0.936035 0.645264
vt 0.022354 0.078613
vt 0.033875 0.082520
vt 0.032654 0.092773
vt 0.347656 0.104980
vt 0.102600 0.012695
vt 0.105774 0.028320
vt 0.973145 0.851562
vt 0.021118 0.731201
vt 0.020248 0.738037
vt 0.916504 0.555176
vt 0.916992 0.566895
vt 0.907227 0.563477
vt 0.324707 0.497559
vt 0.322510 0.495117
vt 0.127563 0.057617
vt 0.295166 0.013672
vt 0.296143 0.003418
vt 0.302979 0.416016
vt 0.289062 0.412598
vt 0.294678 0.403320
vt 0.604492 0.381836
vt 0.876465 0.730957
vt 0.865723 0.716064
vt 0.876465 0.702148
vt 0.720215 0.233887
vt 0.957520 0.546631
vt 0.957520 0.579346
vt 0.887207 0.955139
vt 0.109009 0.338379
vt 0.109436 0.340332
vt 0.920410 0.505127
vt 0.915039 0.497559
vt 0.638672 0.514160
vt 0.122253 0.564453
vt 0.199219 0.968292
vt 0.194702 0.945404
vt 0.200806 0.946075
vt 0.239868 0.953583
vt 0.812012 0.786865
vt 0.803711 0.782959
vt 0.812500 0.769775
vt 0.715820 0.737549
vt 0.714355 0.743896
vt 0.285156 0.320801
vt 0.297363 0.319824
vt 0.006725 0.522949
vt 0.107971 0.782349
vt 0.942871 0.972015
vt 0.701660 0.795654
vt 0.699707 0.801514
vt 0.692871 0.791382
vt 0.058502 0.957764
vt 0.073547 0.968719
vt 0.859375 0.804199
vt 0.853516 0.788208
vt 0.879883 0.787842
vt 0.887695 0.805176
vt 0.795410 0.499023
vt 0.332520 0.982208
vt 0.728516 0.574219
vt 0.728516 0.553711
vt 0.045502 0.073730
vt 0.654297 0.879272
vt 0.650879 0.871704
vt 0.663086 0.874390
vt 0.054749 0.206543
vt 0.092468 0.470703
vt 0.090881 0.484863
vt 0.074646 0.487305
vt 0.037140 0.922302
vt 0.045319 0.918213
vt 0.976562 0.458008
vt 0.967773 0.450684
vt 0.668457 0.139160
vt 0.666016 0.150879
vt 0.829102 0.776001
vt 0.835449 0.772461
vt 0.842285 0.778564
vt 0.888672 0.970306
vt 0.900879 0.954590
vt 0.148193 0.035156
vt 0.771484 0.834717
vt 0.473145 0.218262
vt 0.475098 0.211914
vt 0.675781 0.589111
vt 0.667969 0.546631
vt 0.788574 0.028809
vt 0.790039 0.060547
vt 0.960449 0.915466
vt 0.683594 0.595703
vt 0.037994 0.938263
vt 0.210083 0.179199
vt 0.202881 0.190918
vt 0.033630 0.265137
vt 0.037231 0.271973
vt 0.364990 0.546631
vt 0.367676 0.533203
vt 0.186279 0.332031
vt 0.919434 0.747070
vt 0.917480 0.742188
vt 0.922852 0.739746
vt 0.208252 0.607422
vt 0.876465 0.669922
vt 0.918945 0.970963
vt 0.924805 0.966461
vt 0.922852 0.983887
vt 0.593750 0.543457
vt 0.589355 0.542236
vt 0.596680 0.536377
vt 0.906738 0.549316
vt 0.585938 0.734131
vt 0.952148 0.088379
vt 0.091003 0.119141
vt 0.505371 0.176270
vt 0.274414 0.571045
vt 0.263428 0.564453
vt 0.467773 0.897034
vt 0.156250 0.695312
vt 0.154663 0.706543
vt 0.634766 0.893982
vt 0.711914 0.822754
vt 0.714844 0.829956
vt 0.392822 0.805786
vt 0.394775 0.801392
vt 0.339844 0.570312
vt 0.336182 0.568115
vt 0.340088 0.563232
vt 0.065918 0.400879
vt 0.071899 0.410156
vt 0.612305 0.128906
vt 0.620605 0.139648
vt 0.615234 0.138672
vt 0.612793 0.133789
vt 0.202515 0.779053
vt 0.195801 0.761475
vt 0.173950 0.778809
vt 0.084534 0.291992
vt 0.923340 0.213379
vt 0.925781 0.218262
vt 0.910156 0.212891
vt 0.881836 0.767700
vt 0.873535 0.764893
vt 0.331787 0.576172
vt 0.336182 0.577637
vt 0.333984 0.586914
vt 0.562012 0.881470
vt 0.556641 0.871460
vt 0.614258 0.261719
vt 0.351807 0.779541
vt 0.354980 0.763550
vt 0.358643 0.775635
vt 0.469971 0.570801
vt 0.332031 0.606201
vt 0.175537 0.011719
vt 0.178833 0.001465
vt 0.192627 0.016602
vt 0.213623 0.956573
vt 0.211060 0.947632
vt 0.367432 0.778809
vt 0.222168 0.013672
vt 0.219482 0.020508
vt 0.561035 0.861694
vt 0.095337 0.504395
vt 0.275879 0.871582
vt 0.271973 0.874146
vt 0.768555 0.065430
vt 0.311523 0.799194
vt 0.304443 0.797241
vt 0.312988 0.778931
vt 0.805664 0.898193
vt 0.770996 0.693115
vt 0.773438 0.709473
vt 0.877441 0.138184
vt 0.065369 0.623535
vt 0.066528 0.626465
vt 0.681641 0.666992
vt 0.689941 0.657959
vt 0.695801 0.667969
vt 0.755371 0.186523
vt 0.731934 0.188965
vt 0.713867 0.804565
vt 0.159302 0.851196
vt 0.818848 0.205566
vt 0.804199 0.517334
vt 0.810547 0.516602
vt 0.808594 0.527832
vt 0.328613 0.079102
vt 0.336426 0.076172
vt 0.438965 0.887207
vt 0.420654 0.890564
vt 0.071167 0.975296
vt 0.795898 0.146484
vt 0.778809 0.148438
vt 0.602051 0.331543
vt 0.612793 0.327637
vt 0.612305 0.333008
vt 0.424072 0.077148
vt 0.416260 0.071289
vt 0.516113 0.533447
vt 0.612793 0.592041
vt 0.608887 0.588623
vt 0.607422 0.579590
vt 0.614258 0.582031
vt 0.366455 0.551514
vt 0.701660 0.401367
vt 0.704102 0.390137
vt 0.710938 0.399902
vt 0.211060 0.490723
vt 0.221069 0.480469
vt 0.229858 0.496094
vt 0.571289 0.698730
vt 0.569336 0.712891
vt 0.070435 0.291992
vt 0.048401 0.835083
vt 0.431641 0.587891
vt 0.435791 0.578857
vt 0.437500 0.269043
vt 0.447998 0.246094
vt 0.062744 0.824951
vt 0.957031 0.867065
vt 0.955078 0.865112
vt 0.960938 0.860596
vt 0.343018 0.252441
vt 0.356201 0.255859
vt 0.351318 0.262207
vt 0.101868 0.452637
vt 0.089233 0.457520
vt 0.031708 0.137695
vt 0.037445 0.133789
vt 0.038788 0.139160
vt 0.975586 0.339355
vt 0.114014 0.191406
vt 0.119324 0.194336
vt 0.114136 0.197754
vt 0.178223 0.051758
vt 0.182617 0.031250
vt 0.125854 0.906311
vt 0.134766 0.908630
vt 0.132812 0.915527
vt 0.498291 0.034668
vt 0.493164 0.040527
vt 0.794922 0.006836
vt 0.174805 0.091797
vt 0.147461 0.637939
vt 0.688477 0.413574
vt 0.595703 0.607666
vt 0.584961 0.634033
vt 0.957520 0.859619
vt 0.986816 0.820435
vt 0.653320 0.501465
vt 0.771484 0.585693
vt 0.771484 0.560547
vt 0.302246 0.885620
vt 0.831055 0.364258
vt 0.079102 0.811401
vt 0.093811 0.804077
vt 0.674805 0.372070
vt 0.665039 0.377441
vt 0.444336 0.787842
vt 0.339844 0.241211
vt 0.329590 0.243652
vt 0.337402 0.233887
vt 0.352051 0.100098
vt 0.351074 0.109375
vt 0.145020 0.741455
vt 0.139526 0.736328
vt 0.142090 0.731934
vt 0.513672 0.488281
vt 0.508301 0.510010
vt 0.683105 0.525391
vt 0.767090 0.166016
vt 0.774414 0.169434
vt 0.757324 0.174316
vt 0.753418 0.166992
vt 0.663086 0.846924
vt 0.759766 0.754272
vt 0.757812 0.755859
vt 0.754883 0.754272
vt 0.181396 0.226562
vt 0.172852 0.201172
vt 0.539062 0.557129
vt 0.528809 0.562012
vt 0.396973 0.539795
vt 0.397217 0.543457
vt 0.395020 0.540771
vt 0.078857 0.333496
vt 0.086304 0.332520
vt 0.101196 0.810303
vt 0.939453 0.619385
vt 0.938965 0.629150
vt 0.916016 0.626465
vt 0.371582 0.707764
vt 0.581055 0.076172
vt 0.558594 0.833984
vt 0.560059 0.837158
vt 0.556152 0.838867
vt 0.169434 0.912659
vt 0.168457 0.896729
vt 0.730957 0.680664
vt 0.370850 0.861816
vt 0.373779 0.846191
vt 0.573242 0.076660
vt 0.796875 0.420410
vt 0.794434 0.419922
vt 0.485840 0.106445
vt 0.975586 0.624756
vt 0.814941 0.193848
vt 0.123840 0.169434
vt 0.020096 0.403320
vt 0.091248 0.606934
vt 0.082947 0.608643
vt 0.081665 0.598877
vt 0.822266 0.974701
vt 0.070618 0.347656
vt 0.494629 0.629639
vt 0.495605 0.623291
vt 0.038666 0.277832
vt 0.044952 0.287598
vt 0.150146 0.168945
vt 0.150513 0.174316
vt 0.138306 0.173828
vt 0.681152 0.623779
vt 0.196533 0.555664
vt 0.206421 0.572266
vt 0.941406 0.164551
vt 0.448486 0.652100
vt 0.884766 0.770752
vt 0.040527 0.306641
vt 0.324463 0.566895
vt 0.335693 0.560547
vt 0.129639 0.901672
vt 0.228394 0.598145
vt 0.222656 0.598145
vt 0.507812 0.680664
vt 0.258057 0.731689
vt 0.171753 0.487305
vt 0.178345 0.486328
vt 0.172119 0.490234
vt 0.669434 0.451172
vt 0.651855 0.458008
vt 0.654297 0.438477
vt 0.578613 0.884216
vt 0.712402 0.299805
vt 0.716797 0.294922
vt 0.259033 0.781006
vt 0.271729 0.784180
vt 0.264893 0.796021
vt 0.326416 0.438965
vt 0.164673 0.331543
vt 0.395996 0.268066
vt 0.384033 0.280762
vt 0.911621 0.694580
vt 0.913574 0.679199
vt 0.924805 0.687256
vt 0.836426 0.176270
vt 0.047272 0.218262
vt 0.060425 0.218262
vt 0.052643 0.225098
vt 0.332520 0.248535
vt 0.866699 0.900818
vt 0.865723 0.560791
vt 0.860840 0.546631
vt 0.879395 0.546387
vt 0.518066 0.899841
vt 0.265381 0.683594
vt 0.265381 0.693848
vt 0.557617 0.822998
vt 0.554688 0.817261
vt 0.560059 0.813232
vt 0.375000 0.522461
vt 0.026733 0.537354
vt 0.026947 0.533447
vt 0.028687 0.542725
vt 0.320557 0.454590
vt 0.313721 0.452637
vt 0.450439 0.393555
vt 0.440186 0.403809
vt 0.522461 0.424805
vt 0.524414 0.423340
vt 0.772949 0.147949
vt 0.313965 0.030273
vt 0.318115 0.047363
vt 0.399658 0.564209
vt 0.191650 0.446777
vt 0.658203 0.656250
vt 0.656738 0.666992
vt 0.651367 0.659912
vt 0.085205 0.261719
vt 0.092834 0.266113
vt 0.086121 0.268555
vt 0.652344 0.523193
vt 0.649414 0.521484
vt 0.652832 0.512939
vt 0.241577 0.821533
vt 0.132935 0.745605
vt 0.122925 0.755615
vt 0.881836 0.420898
vt 0.885254 0.430664
vt 0.877930 0.433594
vt 0.638184 0.800903
vt 0.821777 0.531006
vt 0.826660 0.521240
vt 0.828613 0.534668
vt 0.306885 0.424316
vt 0.285156 0.425781
vt 0.598633 0.862061
vt 0.469482 0.878357
vt 0.453369 0.883179
vt 0.338623 0.541504
vt 0.340088 0.528076
vt 0.834961 0.206543
vt 0.833008 0.210938
vt 0.669434 0.912842
vt 0.663086 0.911682
vt 0.235718 0.777344
vt 0.772949 0.679688
vt 0.104187 0.964264
vt 0.131104 0.268066
vt 0.124390 0.271973
vt 0.189209 0.175781
vt 0.229980 0.840942
vt 0.282471 0.409180
vt 0.135376 0.890869
vt 0.152222 0.498535
vt 0.025299 0.063477
vt 0.023880 0.062012
vt 0.151367 0.397461
vt 0.152100 0.406250
vt 0.145874 0.400391
vt 0.893555 0.413574
vt 0.296143 0.148438
vt 0.303955 0.146484
vt 0.839355 0.868042
vt 0.839355 0.889221
vt 0.460938 0.517090
vt 0.486816 0.535400
vt 0.461670 0.553467
vt 0.680664 0.062012
vt 0.714844 0.753174
vt 0.754395 0.986893
vt 0.742188 0.992935
vt 0.169312 0.495605
vt 0.173462 0.493164
vt 0.178345 0.495117
vt 0.824219 0.765869
vt 0.424316 0.795898
vt 0.420654 0.805298
vt 0.417480 0.802002
vt 0.851562 0.091309
vt 0.195801 0.113281
vt 0.191895 0.110352
vt 0.207031 0.109375
vt 0.750000 0.206543
vt 0.731445 0.195312
vt 0.197754 0.391113
vt 0.786621 0.509521
vt 0.320312 0.855957
vt 0.292725 0.842529
vt 0.139038 0.474609
vt 0.138672 0.481934
vt 0.129272 0.476074
vt 0.259033 0.976883
vt 0.457031 0.802612
vt 0.469482 0.804932
vt 0.452393 0.826904
vt 0.608398 0.478027
vt 0.599121 0.469238
vt 0.614746 0.471680
vt 0.567871 0.115723
vt 0.577148 0.115234
vt 0.576172 0.137695
vt 0.292969 0.903015
vt 0.283447 0.899231
vt 0.102661 0.927734
vt 0.101257 0.914734
vt 0.698730 0.981079
vt 0.646484 0.910339
vt 0.654297 0.908691
vt 0.652344 0.911987
vt 0.253418 0.978668
vt 0.250000 0.981720
vt 0.244873 0.974655
vt 0.217285 0.026367
vt 0.821777 0.970398
vt 0.784668 0.935181
vt 0.776855 0.931091
vt 0.785645 0.922363
vt 0.563965 0.086426
vt 0.900879 0.542725
vt 0.884277 0.535400
vt 0.385986 0.027832
vt 0.372070 0.022949
vt 0.370361 0.007812
vt 0.315918 0.481934
vt 0.324707 0.478516
vt 0.240112 0.863647
vt 0.355225 0.948914
vt 0.238770 0.535645
vt 0.238159 0.531006
vt 0.251953 0.531982
vt 0.253906 0.536133
vt 0.058319 0.250000
vt 0.051361 0.261230
vt 0.046295 0.251953
vt 0.263428 0.647217
vt 0.050812 0.896912
vt 0.042358 0.893494
vt 0.047272 0.890869
vt 0.189209 0.394531
vt 0.774414 0.879944
vt 0.161499 0.558350
vt 0.166260 0.559082
vt 0.817871 0.134277
vt 0.822266 0.142090
vt 0.912109 0.115723
vt 0.350342 0.394043
vt 0.446289 0.136230
vt 0.442871 0.138672
vt 0.443115 0.121582
vt 0.188965 0.572754
vt 0.531250 0.664307
vt 0.537598 0.678467
vt 0.572266 0.290527
vt 0.108093 0.934021
vt 0.102966 0.942993
vt 0.064636 0.591797
vt 0.053131 0.595459
vt 0.056427 0.583984
vt 0.348633 0.933594
vt 0.332764 0.917969
vt 0.307373 0.458984
vt 0.599121 0.680176
vt 0.565430 0.830200
vt 0.573730 0.826294
vt 0.576660 0.658447
vt 0.483398 0.666504
vt 0.467529 0.661133
vt 0.483154 0.654541
vt 0.850098 0.532227
vt 0.232666 0.082031
vt 0.221558 0.092773
vt 0.221802 0.078125
vt 0.379395 0.271484
vt 0.209351 0.805176
vt 0.208252 0.810913
vt 0.203735 0.802002
vt 0.438477 0.145020
vt 0.500977 0.276367
vt 0.497070 0.270020
vt 0.500000 0.255859
vt 0.097412 0.960907
vt 0.276855 0.694336
vt 0.266602 0.700439
vt 0.268066 0.696533
vt 0.622559 0.786621
vt 0.021561 0.321777
vt 0.013199 0.323730
vt 0.345215 0.561768
vt 0.342773 0.574951
vt 0.640625 0.817627
vt 0.329590 0.873169
vt 0.333740 0.865723
vt 0.018112 0.010254
vt 0.012863 0.012695
vt 0.012047 0.008301
vt 0.613770 0.778931
vt 0.615234 0.787842
vt 0.011665 0.467773
vt 0.926270 0.107422
vt 0.930664 0.125000
vt 0.927734 0.125488
vt 0.923828 0.119141
vt 0.426270 0.199219
vt 0.435303 0.205566
vt 0.262207 0.529541
vt 0.255859 0.527588
vt 0.274414 0.522705
vt 0.140991 0.742432
vt 0.650391 0.511230
vt 0.954590 0.973206
vt 0.953613 0.962006
vt 0.005173 0.528076
vt 0.005215 0.540527
vt 0.000357 0.550293
vt 0.322021 0.053711
vt 0.327393 0.059570
vt 0.627930 0.017578
vt 0.728516 0.938995
vt 0.729980 0.948486
vt 0.067017 0.599121
vt 0.060486 0.597168
vt 0.425781 0.696777
vt 0.950684 0.856445
vt 0.786621 0.212891
vt 0.753906 0.766479
vt 0.455566 0.928467
vt 0.445801 0.921265
vt 0.457520 0.921997
vt 0.886719 0.003906
vt 0.088379 0.899231
vt 0.077576 0.895081
vt 0.077087 0.591797
vt 0.209717 0.416992
vt 0.199829 0.431152
vt 0.239990 0.690674
vt 0.232300 0.702881
vt 0.225586 0.696045
vt 0.153809 0.285156
vt 0.146240 0.290527
vt 0.135498 0.280762
vt 0.145386 0.279297
vt 0.861816 0.379883
vt 0.870605 0.388184
vt 0.859863 0.394043
vt 0.217773 0.463379
vt 0.226562 0.462891
vt 0.228394 0.465332
vt 0.048279 0.386230
vt 0.042328 0.383301
vt 0.043823 0.380859
vt 0.049683 0.377930
vt 0.605957 0.561035
vt 0.616699 0.547363
vt 0.858887 0.346680
vt 0.865723 0.343750
vt 0.317627 0.088379
vt 0.229370 0.244629
vt 0.240112 0.244141
vt 0.091431 0.326172
vt 0.306396 0.056152
vt 0.115662 0.088379
vt 0.070496 0.209961
vt 0.308838 0.391113
vt 0.495850 0.262695
vt 0.487305 0.276855
vt 0.487793 0.259766
vt 0.322266 0.976685
vt 0.325439 0.957916
vt 0.327393 0.964050
vt 0.958008 0.840210
vt 0.961914 0.834229
vt 0.966309 0.841309
vt 0.582520 0.412109
vt 0.594727 0.404785
vt 0.900391 0.478027
vt 0.815430 0.080078
vt 0.800293 0.083008
vt 0.805176 0.070801
vt 0.814453 0.071777
vt 0.317871 0.950378
vt 0.324219 0.929749
vt 0.325684 0.943390
vt 0.722656 0.113770
vt 0.924316 0.510010
vt 0.246216 0.435547
vt 0.178955 0.143066
vt 0.168213 0.132324
vt 0.178345 0.134766
vt 0.592773 0.809326
vt 0.042603 0.669189
vt 0.031174 0.691406
vt 0.017548 0.672363
vt 0.434326 0.760742
vt 0.438477 0.763062
vt 0.429199 0.768311
vt 0.789062 0.322754
vt 0.025345 0.317871
vt 0.271484 0.955536
vt 0.628906 0.416992
vt 0.638672 0.423340
vt 0.628906 0.423828
vt 0.459473 0.592285
vt 0.282471 0.379883
vt 0.269043 0.361816
vt 0.899902 0.167480
vt 0.906250 0.166504
vt 0.913086 0.171875
vt 0.420898 0.761230
vt 0.423340 0.773315
vt 0.416992 0.761841
vt 0.052582 0.142090
vt 0.062683 0.157227
vt 0.270752 0.970810
vt 0.781250 0.437012
vt 0.846680 0.771851
vt 0.509277 0.547363
vt 0.729980 0.823730
vt 0.727539 0.831299
vt 0.324463 0.857666
vt 0.336182 0.853882
vt 0.333740 0.861450
vt 0.408203 0.782959
vt 0.415771 0.797729
vt 0.033356 0.568115
vt 0.048981 0.571533
vt 0.051392 0.584961
vt 0.833008 0.253906
vt 0.987305 0.278320
vt 0.983887 0.297363
vt 0.974609 0.284668
vt 0.840332 0.764404
vt 0.270752 0.663086
vt 0.261230 0.670654
vt 0.259277 0.665771
vt 0.655762 0.728027
vt 0.644043 0.725342
vt 0.649902 0.716553
vt 0.659180 0.722412
vt 0.083435 0.400391
vt 0.559570 0.926147
vt 0.572754 0.934204
vt 0.686523 0.306641
vt 0.612793 0.510498
vt 0.388672 0.933777
vt 0.360840 0.929077
vt 0.120239 0.060059
vt 0.115601 0.055664
vt 0.565918 0.831177
vt 0.572266 0.831055
vt 0.568848 0.837891
vt 0.151123 0.832031
vt 0.337158 0.374512
vt 0.725586 0.282227
vt 0.406006 0.494141
vt 0.406982 0.487793
vt 0.329834 0.935547
vt 0.331299 0.941071
vt 0.885254 0.337891
vt 0.129028 0.160645
vt 0.325928 0.867920
vt 0.257812 0.958038
vt 0.233887 0.960938
vt 0.238281 0.955902
vt 0.041809 0.308105
vt 0.317871 0.489258
vt 0.812988 0.538818
vt 0.820312 0.544189
vt 0.782227 0.245117
vt 0.788086 0.241211
vt 0.493408 0.288574
vt 0.600586 0.354004
vt 0.608887 0.374023
vt 0.600586 0.381348
vt 0.921875 0.208008
vt 0.910645 0.208008
vt 0.745117 0.617188
vt 0.747559 0.606445
vt 0.758789 0.609619
vt 0.917480 0.104980
vt 0.920898 0.118164
vt 0.066772 0.310059
vt 0.623047 0.736084
vt 0.624023 0.742676
vt 0.620117 0.747803
vt 0.845215 0.960419
vt 0.842285 0.969376
vt 0.562012 0.075684
vt 0.356201 0.091309
vt 0.368164 0.100586
vt 0.291992 0.992924
vt 0.336426 0.314941
vt 0.325439 0.318848
vt 0.997559 0.468262
vt 0.999512 0.479004
vt 0.997070 0.479980
vt 0.949219 0.612549
vt 0.960938 0.420898
vt 0.614258 0.442383
vt 0.610840 0.437988
vt 0.613281 0.436035
vt 0.621094 0.448730
vt 0.730957 0.590088
vt 0.366699 0.895813
vt 0.370117 0.887024
vt 0.372559 0.893677
vt 0.354980 0.183594
vt 0.336182 0.168945
vt 0.685059 0.669189
vt 0.344238 0.346680
vt 0.657227 0.987785
vt 0.663086 0.971130
vt 0.675781 0.985710
vt 0.426270 0.015625
vt 0.887207 0.367188
vt 0.037811 0.946533
vt 0.040283 0.950195
vt 0.821289 0.259277
vt 0.750488 0.644287
vt 0.756836 0.662354
vt 0.781250 0.451172
vt 0.771973 0.458496
vt 0.761230 0.454590
vt 0.722656 0.590088
vt 0.698730 0.779663
vt 0.532715 0.081055
vt 0.959473 0.924744
vt 0.631836 0.356445
vt 0.189819 0.188965
vt 0.186523 0.185547
vt 0.062744 0.853516
vt 0.055847 0.846924
vt 0.556152 0.077148
vt 0.558594 0.079102
vt 0.558594 0.085938
vt 0.922363 0.135254
vt 0.923828 0.136230
vt 0.028168 0.226562
vt 0.035828 0.217285
vt 0.211304 0.105469
vt 0.181030 0.305664
vt 0.096619 0.886047
vt 0.089172 0.870361
vt 0.689453 0.163086
vt 0.082275 0.246582
vt 0.243896 0.886902
vt 0.250732 0.885010
vt 0.248169 0.890137
vt 0.246826 0.208984
vt 0.251709 0.218750
vt 0.241821 0.220215
vt 0.489014 0.145508
vt 0.481934 0.141602
vt 0.814941 0.467285
vt 0.085449 0.250000
vt 0.090576 0.246094
vt 0.958008 0.305664
vt 0.426270 0.789062
vt 0.327393 0.981262
vt 0.227417 0.805176
vt 0.231934 0.809937
vt 0.822266 0.188477
vt 0.812012 0.191406
vt 0.820801 0.458984
vt 0.832031 0.453613
vt 0.831543 0.473633
vt 0.094360 0.274414
vt 0.103516 0.277832
vt 0.090759 0.277832
vt 0.304199 0.641113
vt 0.307129 0.244629
vt 0.027100 0.515137
vt 0.423340 0.593018
vt 0.172729 0.532471
vt 0.159058 0.462402
vt 0.689941 0.296875
vt 0.030991 0.552246
vt 0.031281 0.542480
vt 0.856445 0.634277
vt 0.127197 0.767212
vt 0.121216 0.777344
vt 0.186768 0.642822
vt 0.387451 0.409668
vt 0.855957 0.951019
vt 0.116760 0.785156
vt 0.028091 0.948029
vt 0.674316 0.779785
vt 0.668457 0.783081
vt 0.815918 0.410645
vt 0.821289 0.589600
vt 0.241089 0.055176
vt 0.243652 0.060059
vt 0.090698 0.288574
vt 0.284912 0.019043
vt 0.157959 0.169434
vt 0.155396 0.160645
vt 0.843750 0.189453
vt 0.845703 0.207031
vt 0.111511 0.212402
vt 0.517578 0.344727
vt 0.510254 0.332520
vt 0.521484 0.328613
vt 0.665039 0.871338
vt 0.354248 0.724609
vt 0.889160 0.270508
vt 0.698242 0.761719
vt 0.840820 0.751221
vt 0.842285 0.740234
vt 0.846680 0.747559
vt 0.078918 0.841919
vt 0.283447 0.761108
vt 0.284424 0.749512
vt 0.298828 0.767822
vt 0.537598 0.862183
vt 0.526367 0.857178
vt 0.106506 0.140625
vt 0.061981 0.231445
vt 0.073120 0.227539
vt 0.537109 0.331543
vt 0.009483 0.311523
vt 0.037384 0.209961
vt 0.040192 0.214355
vt 0.461670 0.668945
vt 0.465576 0.004883
vt 0.477539 0.003906
vt 0.474854 0.012207
vt 0.799316 0.733398
vt 0.151733 0.844971
vt 0.354248 0.940826
vt 0.047363 0.204102
vt 0.048889 0.209473
vt 0.663574 0.020020
vt 0.656738 0.014648
vt 0.184814 0.504150
vt 0.186035 0.522461
vt 0.126099 0.041504
vt 0.115112 0.041016
vt 0.823730 0.448242
vt 0.916016 0.219238
vt 0.906738 0.216309
vt 0.683105 0.138184
vt 0.626465 0.807983
vt 0.399414 0.501221
vt 0.407959 0.113770
vt 0.269775 0.819214
vt 0.552246 0.044434
vt 0.049683 0.444336
vt 0.747559 0.964325
vt 0.785156 0.520508
vt 0.780762 0.528564
vt 0.225098 0.795532
vt 0.219360 0.800659
vt 0.492676 0.899902
vt 0.492676 0.888611
vt 0.499756 0.887878
vt 0.593262 0.479980
vt 0.063354 0.773071
vt 0.058014 0.953644
vt 0.059753 0.945740
vt 0.012146 0.905029
vt 0.018433 0.899475
vt 0.663086 0.258789
vt 0.672852 0.259277
vt 0.677246 0.042480
vt 0.662598 0.041504
vt 0.267334 0.705566
vt 0.262939 0.710449
vt 0.260010 0.707275
vt 0.581543 0.050293
vt 0.592773 0.054688
vt 0.676758 0.186523
vt 0.031036 0.344238
vt 0.031250 0.337891
vt 0.832031 0.970642
vt 0.742188 0.944092
vt 0.697754 0.969482
vt 0.374756 0.085449
vt 0.386230 0.087402
vt 0.383789 0.100586
vt 0.353027 0.591064
vt 0.359375 0.575195
vt 0.598633 0.511963
vt 0.153198 0.368652
vt 0.161621 0.355957
vt 0.162720 0.359375
vt 0.858887 0.053711
vt 0.877441 0.059570
vt 0.859863 0.064453
vt 0.677246 0.527100
vt 0.920410 0.150391
vt 0.902832 0.145508
vt 0.957031 0.454590
vt 0.957520 0.450195
vt 0.588379 0.007812
vt 0.592773 0.015137
vt 0.583008 0.020020
vt 0.113892 0.276367
vt 0.106812 0.271973
vt 0.587891 0.904236
vt 0.603027 0.890076
vt 0.587891 0.910400
vt 0.256104 0.023438
vt 0.259033 0.034668
vt 0.389404 0.328613
vt 0.757812 0.042480
vt 0.754395 0.042480
vt 0.573242 0.287598
vt 0.411865 0.606689
vt 0.972168 0.592529
vt 0.565918 0.677979
vt 0.580078 0.935547
vt 0.576172 0.947510
vt 0.577148 0.935303
vt 0.164062 0.947632
vt 0.444580 0.168945
vt 0.212036 0.707031
vt 0.203125 0.696289
vt 0.321533 0.711670
vt 0.328613 0.698975
vt 0.331299 0.713379
vt 0.063110 0.187500
vt 0.546875 0.284180
vt 0.886719 0.136230
vt 0.878418 0.144043
vt 0.359131 0.123535
vt 0.339355 0.141602
vt 0.336914 0.111328
vt 0.047882 0.721436
vt 0.014786 0.113281
vt 0.578613 0.950806
vt 0.581543 0.937073
vt 0.194336 0.412109
vt 0.835938 0.324707
vt 0.821777 0.319336
vt 0.827637 0.318359
vt 0.813965 0.098633
vt 0.811523 0.113281
vt 0.804688 0.103027
vt 0.756836 0.832520
vt 0.743652 0.824097
vt 0.760742 0.823975
vt 0.624023 0.955017
vt 0.611816 0.953674
vt 0.614258 0.945282
vt 0.215454 0.817627
vt 0.373779 0.896851
vt 0.353271 0.903931
vt 0.033752 0.915344
vt 0.422363 0.615723
vt 0.010170 0.405273
vt 0.005398 0.392090
vt 0.698730 0.671143
vt 0.706543 0.669434
vt 0.708984 0.671875
vt 0.821777 0.990791
vt 0.321533 0.879639
vt 0.335938 0.888123
vt 0.054016 0.841675
vt 0.837402 0.632568
vt 0.838867 0.615234
vt 0.413330 0.098633
vt 0.404541 0.068848
vt 0.748047 0.718506
vt 0.740234 0.726074
vt 0.167847 0.226074
vt 0.222656 0.820923
vt 0.238159 0.828735
vt 0.439941 0.284668
vt 0.914551 0.043457
vt 0.117676 0.112305
vt 0.118164 0.118164
vt 0.024841 0.247559
vt 0.029510 0.247559
vt 0.026962 0.250977
vt 0.159058 0.389160
vt 0.171387 0.387695
vt 0.167603 0.396484
vt 0.957520 0.706299
vt 0.789551 0.375488
vt 0.923828 0.842651
vt 0.916992 0.826172
vt 0.558594 0.414062
vt 0.564453 0.388184
vt 0.572754 0.405273
vt 0.663086 0.647705
vt 0.670410 0.642578
vt 0.674805 0.650879
vt 0.672852 0.655762
vt 0.498535 0.424805
vt 0.890137 0.334473
vt 0.430176 0.345215
vt 0.376221 0.794067
vt 0.955078 0.257324
vt 0.815430 0.520996
vt 0.812500 0.526611
vt 0.286377 0.916077
vt 0.511719 0.957520
vt 0.503906 0.959991
vt 0.502441 0.953400
vt 0.006184 0.219238
vt 0.077393 0.003418
vt 0.341309 0.584473
vt 0.336670 0.590820
vt 0.070740 0.130859
vt 0.595703 0.352539
vt 0.606934 0.347656
vt 0.175049 0.755249
vt 0.381104 0.869995
vt 0.126709 0.808838
vt 0.353027 0.242188
vt 0.375732 0.257812
vt 0.789551 0.927185
vt 0.441895 0.691650
vt 0.440918 0.694336
vt 0.435547 0.692871
vt 0.895020 0.650635
vt 0.830566 0.737061
vt 0.839844 0.731445
vt 0.108276 0.314941
vt 0.103699 0.328125
vt 0.097534 0.312500
vt 0.405029 0.849243
vt 0.415039 0.855591
vt 0.934570 0.993443
vt 0.928223 0.984871
vt 0.937500 0.978897
vt 0.669922 0.016602
vt 0.661133 0.025391
vt 0.689453 0.775146
vt 0.860840 0.456055
vt 0.860352 0.466797
vt 0.673828 0.005371
vt 0.683594 0.007324
vt 0.673340 0.006836
vt 0.606934 0.966095
vt 0.609375 0.727295
vt 0.158203 0.308594
vt 0.168091 0.303223
vt 0.124146 0.188477
vt 0.682617 0.085938
vt 0.952148 0.603027
vt 0.088989 0.345703
vt 0.552734 0.885254
vt 0.548828 0.874878
vt 0.919922 0.139648
vt 0.914062 0.124512
vt 0.718262 0.672607
vt 0.514160 0.211426
vt 0.499023 0.205566
vt 0.512207 0.202148
vt 0.205444 0.127930
vt 0.066650 0.266602
vt 0.060394 0.258789
vt 0.735352 0.614502
vt 0.742188 0.602051
vt 0.727051 0.026855
vt 0.718750 0.050781
vt 0.398438 0.535889
vt 0.396484 0.534912
vt 0.919922 0.223145
vt 0.506836 0.926697
vt 0.493652 0.925476
vt 0.494629 0.915955
vt 0.594238 0.938080
vt 0.606934 0.936951
vt 0.782227 0.014160
vt 0.863281 0.095215
vt 0.853516 0.099121
vt 0.067749 0.280273
vt 0.711426 0.303223
vt 0.726562 0.302246
vt 0.045258 0.297852
vt 0.432129 0.911804
vt 0.093994 0.260254
vt 0.332275 0.059082
vt 0.312500 0.568848
vt 0.322510 0.575195
vt 0.058044 0.620117
vt 0.059845 0.617920
vt 0.171265 0.953827
vt 0.887695 0.212402
vt 0.901855 0.209961
vt 0.896484 0.325684
vt 0.917480 0.612549
vt 0.915527 0.605469
vt 1.000000 0.788940
vt 0.990723 0.808350
vt 0.989746 0.781738
vt 0.595703 0.665039
vt 0.454102 0.564209
vt 0.492920 0.985756
vt 0.484619 0.985756
vt 0.486572 0.971985
vt 0.211670 0.728760
vt 0.182861 0.752197
vt 0.748535 0.731201
vt 0.740234 0.729248
vt 0.846191 0.114746
vt 0.845215 0.123047
vt 0.915527 0.257812
vt 0.921387 0.251953
vt 0.547363 0.384277
vt 0.703613 0.731201
vt 0.477783 0.394043
vt 0.472168 0.398926
vt 0.561035 0.506104
vt 0.559082 0.515381
vt 0.608887 0.146484
vt 0.611328 0.145508
vt 0.613281 0.152832
vt 0.605469 0.151855
vt 0.678223 0.780029
vt 0.340576 0.037598
vt 0.831055 0.100586
vt 0.287109 0.684814
vt 0.342529 0.466797
vt 0.348877 0.475586
vt 0.041382 0.760376
vt 0.789551 0.839478
vt 0.777344 0.839355
vt 0.779297 0.824829
vt 0.789551 0.825195
vt 0.484131 0.402832
vt 0.494141 0.401367
vt 0.494385 0.435059
vt 0.487305 0.438965
vt 0.131226 0.394531
vt 0.130005 0.399414
vt 0.264404 0.958710
vt 0.315674 0.561279
vt 0.898438 0.892700
vt 0.316162 0.231934
vt 0.747559 0.857666
vt 0.072144 0.894104
vt 0.053284 0.888062
vt 0.277344 0.225586
vt 0.151245 0.642090
vt 0.159180 0.634766
vt 0.500488 0.418945
vt 0.719727 0.744141
vt 0.726562 0.724365
vt 0.902832 0.920471
vt 0.892578 0.901001
vt 0.904785 0.911377
vt 0.680176 0.046387
vt 0.210938 0.130371
vt 0.234985 0.125000
vt 0.225220 0.139160
vt 0.865723 0.618896
vt 0.251465 0.018555
vt 0.598145 0.345215
vt 0.909668 0.194824
vt 0.185547 0.779907
vt 0.023285 0.800537
vt 0.003937 0.787842
vt 0.876465 0.336426
vt 0.871094 0.340820
vt 0.866211 0.333984
vt 0.794434 0.774780
vt 0.801270 0.760864
vt 0.305908 0.734619
vt 0.553223 0.962494
vt 0.536133 0.963104
vt 0.914551 0.182129
vt 0.028946 0.194824
vt 0.007679 0.197266
vt 0.976562 0.840698
vt 0.556641 0.043945
vt 0.623047 0.845825
vt 0.626465 0.834839
vt 0.631836 0.845459
vt 0.023926 0.568848
vt 0.693848 0.918152
vt 0.698242 0.918152
vt 0.694824 0.942657
vt 0.163696 0.590576
vt 0.813965 0.058594
vt 0.806152 0.063477
vt 0.804199 0.056641
vt 0.808594 0.053711
vt 0.133789 0.167480
vt 0.651855 0.537109
vt 0.642578 0.532959
vt 0.735352 0.784424
vt 0.734863 0.794556
vt 0.724121 0.792480
vt 0.045959 0.546875
vt 0.036041 0.539551
vt 0.041931 0.537109
vt 0.144043 0.062500
vt 0.487061 0.950470
vt 0.476807 0.956085
vt 0.476562 0.937866
vt 0.269043 0.650391
vt 0.229736 0.282227
vt 0.544434 0.882019
vt 0.533691 0.875366
vt 0.683594 0.646729
vt 0.728027 0.364746
vt 0.710938 0.333008
vt 0.729492 0.337891
vt 0.501953 0.014160
vt 0.509277 0.017578
vt 0.499023 0.026367
vt 0.687988 0.279785
vt 0.695801 0.269531
vt 0.701660 0.280273
vt 0.121521 0.913757
vt 0.099792 0.907227
vt 0.111572 0.904968
vt 0.686523 0.656494
vt 0.680664 0.660889
vt 0.836426 0.326660
vt 0.150146 0.923279
vt 0.145630 0.921875
vt 0.947266 0.244141
vt 0.945312 0.225098
vt 0.955566 0.235352
vt 0.955566 0.238770
vt 0.919434 0.573975
vt 0.928711 0.004883
vt 0.937988 0.004883
vt 0.337402 0.746338
vt 0.688477 0.781372
vt 0.678223 0.784912
vt 0.278564 0.479980
vt 0.275879 0.470215
vt 0.936035 0.450195
vt 0.939941 0.447754
vt 0.750488 0.705322
vt 0.748047 0.694092
vt 0.633301 0.989243
vt 0.630371 0.967377
vt 0.642578 0.963989
vt 0.555176 0.536133
vt 0.825684 0.186035
vt 0.298584 0.026367
vt 0.293213 0.020508
vt 0.165894 0.507812
vt 0.564453 0.835693
vt 0.562500 0.842041
vt 0.207886 0.674805
vt 0.208984 0.662109
vt 0.912109 0.571777
vt 0.366455 0.382324
vt 0.171509 0.560059
vt 0.347900 0.270996
vt 0.348389 0.272949
vt 0.342773 0.268555
vt 0.420898 0.220215
vt 0.436035 0.217285
vt 0.331055 0.073242
vt 0.527832 0.002930
vt 0.550293 0.020508
vt 0.903320 0.622559
vt 0.240112 0.546143
vt 0.050476 0.693359
vt 0.443604 0.688477
vt 0.450684 0.690674
vt 0.447754 0.695312
vt 0.909180 0.750244
vt 0.908203 0.746338
vt 0.913086 0.744141
vt 0.126465 0.798584
vt 0.041504 0.712158
vt 0.907715 0.944153
vt 0.907715 0.954285
vt 0.905273 0.948975
vt 0.768066 0.603271
vt 0.770508 0.621338
vt 0.761230 0.625488
vt 0.991699 0.753662
vt 1.000000 0.779053
vt 0.989746 0.779541
vt 0.325195 0.586182
vt 0.327637 0.592529
vt 0.317383 0.590576
vt 0.203247 0.331055
vt 0.216431 0.330078
vt 0.218262 0.337402
vt 0.340576 0.178223
vt 0.372314 0.196289
vt 0.338867 0.184570
vt 0.014633 0.732178
vt 0.422607 0.788208
vt 0.827637 0.660889
vt 0.838867 0.672607
vt 0.664062 0.172852
vt 0.665039 0.182129
vt 0.661621 0.174316
vt 0.954102 0.297363
vt 0.447510 0.592773
vt 0.971191 0.618652
vt 0.312744 0.635254
vt 0.422852 0.699219
vt 0.376465 0.824707
vt 0.371582 0.812378
vt 0.376709 0.815430
vt 0.311279 0.588379
vt 0.205688 0.527832
vt 0.441406 0.113770
vt 0.445801 0.110352
vt 0.774902 0.898865
vt 0.767578 0.892273
vt 0.771973 0.894226
vt 0.058350 0.209961
vt 0.385986 0.825073
vt 0.228760 0.879150
vt 0.234741 0.875793
vt 0.679688 0.491211
vt 0.691895 0.486816
vt 0.219604 0.244141
vt 0.213745 0.245117
vt 0.214966 0.238281
vt 0.140503 0.862549
vt 0.138428 0.849976
vt 0.301758 0.065918
vt 0.469727 0.783447
vt 0.466064 0.797363
vt 0.427490 0.655029
vt 0.426758 0.808350
vt 0.284180 0.291992
vt 0.102356 0.911499
vt 0.582031 0.132324
vt 0.582031 0.154297
vt 0.657715 0.019531
vt 0.033295 0.145508
vt 0.497803 0.326660
vt 0.505371 0.327637
vt 0.943359 0.645264
vt 0.567383 0.961670
vt 0.571777 0.956360
vt 0.573730 0.961182
vt 0.660645 0.638428
vt 0.195557 0.157715
vt 0.167114 0.164551
vt 0.191162 0.146484
vt 0.637207 0.779541
vt 0.624023 0.781006
vt 0.581055 0.944122
vt 0.915039 0.598633
vt 0.902344 0.597168
vt 0.911621 0.581055
vt 0.091431 0.709473
vt 0.337646 0.774048
vt 0.336426 0.765137
vt 0.416504 0.406250
vt 0.534180 0.549805
vt 0.164307 0.631836
vt 0.509277 0.886780
vt 0.508301 0.876221
vt 0.436523 0.870117
vt 0.047180 0.843140
vt 0.443359 0.679688
vt 0.434082 0.684326
vt 0.800293 0.108398
vt 0.116333 0.201172
vt 0.122314 0.199707
vt 0.679199 0.755493
vt 0.081177 0.546387
vt 0.078491 0.551270
vt 0.810547 0.087402
vt 0.352783 0.530029
vt 0.842285 0.214355
vt 0.334717 0.606689
vt 0.344482 0.629395
vt 0.078979 0.566162
vt 0.089966 0.578125
vt 0.079773 0.574463
vt 0.040894 0.143555
vt 0.908691 0.658936
vt 0.286865 0.337891
vt 0.297119 0.329590
vt 0.417236 0.751709
vt 0.413574 0.754761
vt 0.307129 0.107422
vt 0.975586 0.620850
vt 0.769531 0.882874
vt 0.172852 0.964111
vt 0.161987 0.977249
vt 0.867676 0.327637
vt 0.244507 0.884216
vt 0.235840 0.873657
vt 0.249512 0.877625
vt 0.142090 0.303223
vt 0.122192 0.321289
vt 0.646484 0.557373
vt 0.638672 0.564453
vt 0.403809 0.391113
vt 0.394775 0.357910
vt 0.866699 0.216797
vt 0.869629 0.211426
vt 0.876953 0.222656
vt 0.848633 0.167969
vt 0.864258 0.153320
vt 0.844727 0.822388
vt 0.834961 0.811523
vt 0.843750 0.808228
vt 0.407227 0.499512
vt 0.347656 0.228516
vt 0.787598 0.517334
vt 0.702148 0.811646
vt 0.669434 0.100586
vt 0.687012 0.422363
vt 0.186157 0.335449
vt 0.197632 0.342285
vt 0.619629 0.419922
vt 0.619629 0.415527
vt 0.566406 0.050293
vt 0.735840 0.367676
vt 0.613281 0.802979
vt 0.747559 0.660645
vt 0.748047 0.672607
vt 0.257080 0.324707
vt 0.257568 0.333008
vt 0.251709 0.333496
vt 0.681152 0.460449
vt 0.153442 0.563477
vt 0.289307 0.510254
vt 0.273193 0.503906
vt 0.273926 0.491211
vt 0.061615 0.390625
vt 0.708984 0.423340
vt 0.848633 0.402832
vt 0.534180 0.409668
vt 0.554199 0.416504
vt 0.500000 0.754517
vt 0.206421 0.490234
vt 0.211060 0.477051
vt 0.284180 0.911804
vt 0.339355 0.506104
vt 0.344971 0.512451
vt 0.327637 0.517334
vt 0.426270 0.576660
vt 0.434082 0.570801
vt 0.437012 0.701416
vt 0.436279 0.703369
vt 0.434326 0.701172
vt 0.139893 0.772339
vt 0.131958 0.783569
vt 0.829590 0.889160
vt 0.037079 0.965057
vt 0.042664 0.964417
vt 0.371338 0.116699
vt 0.360352 0.119141
vt 0.715820 0.531738
vt 0.021805 0.243652
vt 0.237305 0.893066
vt 0.307373 0.149902
vt 0.663574 0.392578
vt 0.672363 0.178711
vt 0.687988 0.987831
vt 0.678223 0.974869
vt 0.691406 0.959503
vt 0.003071 0.021484
vt 0.003019 0.006836
vt 0.597656 0.481934
vt 0.275391 0.893372
vt 0.951172 0.786499
vt 0.945801 0.790161
vt 0.940918 0.789062
vt 0.946289 0.781006
vt 0.297607 0.176270
vt 0.795898 0.314941
vt 0.729980 0.331055
vt 0.645996 0.347656
vt 0.419434 0.210938
vt 0.264160 0.218262
vt 0.319824 0.291992
vt 0.308594 0.291016
vt 0.321045 0.270020
vt 0.100830 0.142578
vt 0.204956 0.339355
vt 0.124207 0.251953
vt 0.621094 0.328125
vt 0.623047 0.334473
vt 0.901855 0.480469
vt 0.198486 0.724365
vt 0.194702 0.732910
vt 0.191284 0.722412
vt 0.282959 0.943726
vt 0.334473 0.645020
vt 0.332031 0.638672
vt 0.560547 0.026367
vt 0.191650 0.617188
vt 0.486084 0.507080
vt 0.630371 0.023926
vt 0.685547 0.583984
vt 0.439453 0.179688
vt 0.447021 0.193848
vt 0.435547 0.196777
vt 0.863281 0.264160
vt 0.917969 0.360352
vt 0.311768 0.590820
vt 0.315186 0.595947
vt 0.312988 0.598389
vt 0.482910 0.628418
vt 0.947754 0.413086
vt 0.313965 0.468750
vt 0.937012 0.376465
vt 1.000000 0.663574
vt 0.996094 0.649170
vt 1.000000 0.642822
vt 0.638184 0.858643
vt 0.808105 0.441406
vt 0.808105 0.447754
vt 0.259033 0.319336
vt 0.199097 0.943542
vt 0.392578 0.757446
vt 0.400879 0.754639
vt 0.265869 0.332520
vt 0.810059 0.806519
vt 0.799316 0.817871
vt 0.788086 0.807129
vt 0.333984 0.594971
vt 0.062378 0.295898
vt 0.715820 0.863159
vt 0.269287 0.181152
vt 0.582031 0.285645
vt 0.592285 0.291504
vt 0.576660 0.299805
vt 0.963867 0.818726
vt 0.967285 0.856689
vt 0.969727 0.868652
vt 0.845215 0.659912
vt 0.841797 0.658447
vt 0.845703 0.653320
vt 0.117920 0.643799
vt 0.592285 0.531006
vt 0.595703 0.315918
vt 0.691406 0.722412
vt 0.632812 0.031738
vt 0.639648 0.031738
vt 0.211914 0.573486
vt 0.771973 0.322266
vt 0.757324 0.325195
vt 0.760742 0.318359
vt 0.503418 0.145996
vt 0.895508 0.721436
vt 0.389404 0.220215
vt 0.550781 0.566650
vt 0.018280 0.744385
vt 0.344971 0.455566
vt 0.808594 0.573486
vt 0.801270 0.574707
vt 0.801270 0.569824
vt 0.404541 0.033203
vt 0.414551 0.029297
vt 0.218872 0.708740
vt 0.328125 0.603516
vt 0.166870 0.708984
vt 0.537598 0.810669
vt 0.140625 0.903564
vt 0.668945 0.133301
vt 0.790527 0.869629
vt 0.909180 0.540527
vt 0.503906 0.749023
vt 0.193726 0.843140
vt 0.530762 0.648438
vt 0.550781 0.657715
vt 0.756348 0.711426
vt 0.757812 0.719482
vt 0.554199 0.003418
vt 0.554199 0.019531
vt 0.541504 0.008789
vt 0.819824 0.061035
vt 0.811523 0.065430
vt 0.533203 0.823242
vt 0.516113 0.815674
vt 0.715332 0.057617
vt 0.255371 0.672119
vt 0.475830 0.192383
vt 0.566895 0.229980
vt 0.592285 0.238770
vt 0.042358 0.509277
vt 0.033295 0.918701
vt 0.790527 0.066895
vt 0.116577 0.173828
vt 0.571289 0.983780
vt 0.566895 0.991936
vt 0.531250 0.582031
vt 0.522461 0.580322
vt 0.308350 0.610107
vt 0.441895 0.845093
vt 0.441162 0.867188
vt 0.308350 0.884705
vt 0.306396 0.876099
vt 0.313232 0.872314
vt 0.317139 0.883484
vt 0.331299 0.222656
vt 0.324707 0.223633
vt 0.631348 0.150879
vt 0.624023 0.154785
vt 0.509766 0.628418
vt 0.718262 0.642578
vt 0.408936 0.146973
vt 0.958008 0.624512
vt 0.076599 0.461426
vt 0.521484 0.053223
vt 0.512695 0.033691
vt 0.640137 0.911438
vt 0.646484 0.906067
vt 0.796875 0.059082
vt 0.794922 0.052246
vt 0.801758 0.049805
vt 0.020813 0.286133
vt 0.436768 0.062012
vt 0.422852 0.061035
vt 0.428711 0.054688
vt 0.441650 0.053223
vt 0.928223 0.182129
vt 0.172974 0.867065
vt 0.185913 0.874023
vt 0.564941 0.517090
vt 0.404541 0.010742
vt 0.150879 0.881226
vt 0.153564 0.874512
vt 0.770508 0.438477
vt 0.943848 0.618408
vt 0.013260 0.710449
vt 0.019257 0.158203
vt 0.022202 0.153320
vt 0.317383 0.498047
vt 0.320068 0.497070
vt 0.070618 0.899780
vt 0.143188 0.058105
vt 0.147583 0.055664
vt 0.415283 0.104004
vt 0.322998 0.908875
vt 0.053375 0.859131
vt 0.456055 0.420410
vt 0.443359 0.402832
vt 0.540039 0.986214
vt 0.535156 0.981781
vt 0.810059 0.459473
vt 0.804688 0.458496
vt 0.234985 0.735352
vt 0.150757 0.816650
vt 0.144043 0.805664
vt 0.914551 0.083008
vt 0.921387 0.077637
vt 0.918945 0.084473
vt 0.561523 0.429199
vt 0.826660 0.314453
vt 0.955566 0.618164
vt 0.275391 0.340332
vt 0.279297 0.328125
vt 0.569336 0.621094
vt 0.567383 0.626465
vt 0.490723 0.926575
vt 0.498535 0.945862
vt 0.746094 0.742432
vt 0.989746 0.575439
vt 0.960449 0.575684
vt 0.746582 0.341309
vt 0.744629 0.333496
vt 0.623535 0.438965
vt 0.627930 0.426758
vt 0.973145 0.476074
vt 0.041992 0.244629
vt 0.046692 0.245117
vt 0.889160 0.385254
vt 0.883301 0.385254
vt 0.883301 0.377441
vt 0.332031 0.430664
vt 0.340576 0.439453
vt 0.334717 0.448730
vt 0.622559 0.450684
vt 0.473877 0.109375
vt 0.875977 0.346680
vt 0.114258 0.047363
vt 0.910156 0.488281
vt 0.718750 0.731689
vt 0.360107 0.591553
vt 0.976074 0.179199
vt 0.976562 0.162598
vt 0.938965 0.517090
vt 0.602051 0.287598
vt 0.250488 0.864502
vt 0.743164 0.961670
vt 0.730957 0.963135
vt 0.114746 0.355469
vt 0.119629 0.371582
vt 0.679688 0.878357
vt 0.871094 0.840942
vt 0.556641 0.022949
vt 0.556641 0.000000
vt 0.569336 0.010742
vt 0.600098 0.568359
vt 0.589355 0.551758
vt 0.920898 0.962769
vt 0.917969 0.949707
vt 0.583496 0.023926
vt 0.812988 0.309082
vt 0.442871 0.919128
vt 0.451660 0.917969
vt 0.775879 0.267578
vt 0.414795 0.402344
vt 0.834961 0.847046
vt 0.518555 0.117676
vt 0.642578 0.400879
vt 0.031952 0.334961
vt 0.034149 0.330566
vt 0.618164 0.984253
vt 0.628418 0.976471
vt 0.629395 0.987312
vt 0.386719 0.192383
vt 0.510742 0.323242
vt 0.473633 0.798828
vt 0.181763 0.488281
vt 0.825684 0.398438
vt 0.848633 0.391113
vt 0.684082 0.797363
vt 0.364014 0.013672
vt 0.359863 0.016113
vt 0.367188 0.004395
vt 0.046326 0.947449
vt 0.945312 0.853027
vt 0.934082 0.853149
vt 0.625000 0.395508
vt 0.915039 0.002930
vt 0.014938 0.507324
vt 0.530762 0.962067
vt 0.536133 0.948700
vt 0.813477 0.507324
vt 0.172241 0.413086
vt 0.171265 0.411133
vt 0.556152 0.140625
vt 0.561523 0.159668
vt 0.543457 0.166504
vt 0.775391 0.981445
vt 0.786133 0.977890
vt 0.785645 0.990913
vt 0.864746 0.921753
vt 0.837402 0.390137
vt 0.825195 0.245117
vt 0.169678 0.344727
vt 0.167236 0.338379
vt 0.241577 0.526611
vt 0.751465 0.798340
vt 0.333252 0.463379
vt 0.370605 0.360840
vt 0.043457 0.172363
vt 0.049103 0.185547
vt 0.031891 0.185547
vt 0.911133 0.676270
vt 0.920898 0.669434
vt 0.892578 0.137207
vt 0.181274 0.131348
vt 0.183838 0.138184
vt 0.805176 0.047852
vt 0.462891 0.362305
vt 0.475098 0.341309
vt 0.171143 0.671631
vt 0.223877 0.929932
vt 0.208252 0.729980
vt 0.204590 0.732178
vt 0.502441 0.442383
vt 0.499756 0.188477
vt 0.444580 0.580566
vt 0.441895 0.570801
vt 0.118103 0.121582
vt 0.615723 0.831055
vt 0.409912 0.004395
vt 0.424561 0.007812
vt 0.022125 0.542480
vt 0.905762 0.258301
vt 0.508789 0.942413
vt 0.518555 0.941833
vt 0.513672 0.948029
vt 0.500488 0.947845
vt 0.292480 0.048828
vt 0.350098 0.705078
vt 0.441162 0.222168
vt 0.430664 0.223633
vt 0.523926 0.903503
vt 0.681152 0.262207
vt 0.304199 0.753296
vt 0.130981 0.876892
vt 0.116272 0.879395
vt 0.450928 0.045410
vt 0.443604 0.052734
vt 0.257812 0.658691
vt 0.097961 0.826904
vt 0.930664 0.790527
vt 0.931152 0.782715
vt 0.020432 0.953491
vt 0.858398 0.079102
vt 0.533691 0.908325
vt 0.949219 0.303223
vt 0.953613 0.315918
vt 0.348633 0.701904
vt 0.298828 0.093750
vt 0.889160 0.314453
vt 0.893555 0.324219
vt 0.881348 0.322754
vt 0.295898 0.222168
vt 0.033508 0.140625
vt 0.239502 0.669434
vt 0.395020 0.446289
vt 0.208008 0.324707
vt 0.016403 0.086426
vt 0.023758 0.093750
vt 0.271484 0.991035
vt 0.273193 0.973129
vt 0.278320 0.993217
vt 0.476807 0.627686
vt 0.470459 0.624512
vt 0.726074 0.327148
vt 0.197876 0.921814
vt 0.159668 0.176758
vt 0.146118 0.270996
vt 0.144409 0.267090
vt 0.141602 0.976166
vt 0.134033 0.962555
vt 0.766602 0.675293
vt 0.701172 0.673584
vt 0.688965 0.681885
vt 0.317383 0.103027
vt 0.316650 0.104980
vt 0.116882 0.150391
vt 0.518066 0.862427
vt 0.502441 0.851196
vt 0.179565 0.178711
vt 0.576660 0.305176
vt 0.458252 0.475098
vt 0.457275 0.485840
vt 0.440186 0.464844
vt 0.823242 0.082520
vt 0.275146 0.114258
vt 0.315918 0.909607
vt 0.698730 0.399414
vt 0.699219 0.386719
vt 0.379150 0.444336
vt 0.381592 0.287109
vt 0.160400 0.458984
vt 0.171143 0.444336
vt 0.183960 0.438477
vt 0.873047 0.888306
vt 0.868164 0.880493
vt 0.077332 0.279785
vt 0.949707 0.845337
vt 0.186646 0.179688
vt 0.225952 0.457031
vt 0.847656 0.330078
vt 0.540527 0.364258
vt 0.559082 0.361816
vt 0.369385 0.403320
vt 0.622559 0.811890
vt 0.123840 0.432129
vt 0.357666 0.698242
vt 0.354492 0.692139
vt 0.624023 0.267090
vt 0.628418 0.263672
vt 0.435791 0.962219
vt 0.436768 0.954437
vt 0.447510 0.949829
vt 0.383545 0.328613
vt 0.258545 0.900146
vt 0.409180 0.206055
vt 0.405029 0.205566
vt 0.413574 0.202148
vt 0.627930 0.738281
vt 0.072144 0.097168
vt 0.464111 0.750610
vt 0.176270 0.288574
vt 0.158691 0.267578
vt 0.178101 0.261719
vt 0.623047 0.806641
vt 0.921387 0.699707
vt 0.096985 0.283691
vt 0.101929 0.289062
vt 0.872559 0.969482
vt 0.887207 0.972931
vt 0.875977 0.977661
vt 0.760254 0.139160
vt 0.751953 0.125977
vt 0.159790 0.339844
vt 0.518066 0.009766
vt 0.519531 0.958618
vt 0.152588 0.344238
vt 0.172363 0.832397
vt 0.897461 0.675293
vt 0.906250 0.674316
vt 0.066589 0.429199
vt 0.780762 0.162109
vt 0.787109 0.154785
vt 0.793945 0.165039
vt 0.242920 0.043457
vt 0.817871 0.570801
vt 0.800781 0.560547
vt 0.713379 0.331055
vt 0.534668 0.807861
vt 0.537598 0.807983
vt 0.957520 0.949188
vt 0.413330 0.425293
vt 0.131104 0.206543
vt 0.303467 0.943390
vt 0.306641 0.969803
vt 0.621582 0.969589
vt 0.946289 0.148926
vt 0.940918 0.143066
vt 0.316895 0.867065
vt 0.317871 0.869629
vt 0.673828 0.964447
vt 0.670898 0.960480
vt 0.678223 0.954315
vt 0.390869 0.514160
vt 0.743652 0.747803
vt 0.739746 0.754272
vt 0.734375 0.753906
vt 0.684082 0.067383
vt 0.694336 0.065918
vt 0.696289 0.068359
vt 0.344971 0.688721
vt 0.481934 0.031738
vt 0.028534 0.244141
vt 0.975098 0.188965
vt 0.981445 0.183105
vt 0.401123 0.826172
vt 0.398193 0.827759
vt 0.397217 0.817749
vt 0.572754 0.596436
vt 0.569336 0.611572
vt 0.903320 0.263672
vt 0.894531 0.256348
vt 0.784180 0.915771
vt 0.176147 0.095703
vt 0.899414 0.789673
vt 0.893066 0.781494
vt 0.418945 0.029297
vt 0.367432 0.215820
vt 0.693359 0.187012
vt 0.738281 0.427246
vt 0.447998 0.227051
vt 0.453857 0.222168
vt 0.111145 0.981628
vt 0.112488 0.978256
vt 0.120789 0.981659
vt 0.120911 0.986748
vt 0.475098 0.812622
vt 0.486328 0.815186
vt 0.484863 0.818481
vt 0.482666 0.824707
vt 0.858887 0.331055
vt 0.163940 0.920593
vt 0.156494 0.924805
vt 0.162109 0.913513
vt 0.150757 0.826050
vt 0.229614 0.594238
vt 0.222778 0.583496
vt 0.676758 0.013672
vt 0.678711 0.014648
vt 0.668945 0.013672
vt 0.612305 0.141602
vt 0.619629 0.143555
vt 0.763184 0.399414
vt 0.166504 0.193848
vt 0.963867 0.889221
vt 0.172852 0.438477
vt 0.291260 0.662598
vt 0.290771 0.668945
vt 0.376221 0.522949
vt 0.846680 0.000977
vt 0.097229 0.954773
vt 0.097412 0.949036
vt 0.218506 0.435547
vt 0.223145 0.429199
vt 0.387207 0.986847
vt 0.515137 0.475098
vt 0.640625 0.873657
vt 0.061066 0.499512
vt 0.057556 0.504883
vt 0.343262 0.161133
vt 0.744141 0.819336
vt 0.750977 0.819092
vt 0.673340 0.896179
vt 0.062073 0.780029
vt 0.609375 0.270508
vt 0.625488 0.275879
vt 0.836426 0.716553
vt 0.500977 0.298340
vt 0.903320 0.577393
vt 0.191772 0.527100
vt 0.194946 0.532227
vt 0.196411 0.335938
vt 0.854980 0.374512
vt 0.818359 0.340820
vt 0.158325 0.154297
vt 0.873047 0.393066
vt 0.872559 0.407715
vt 0.869629 0.400391
vt 0.143188 0.883362
vt 0.361816 0.720703
vt 0.010582 0.888733
vt 0.027496 0.875610
vt 0.015182 0.892883
vt 0.861816 0.443359
vt 0.849121 0.434082
vt 0.862793 0.429199
vt 0.534180 0.423828
vt 0.999512 0.607422
vt 1.000000 0.621582
vt 0.995117 0.612549
vt 0.172485 0.361816
vt 0.169922 0.352051
vt 0.188965 0.358398
vt 0.310303 0.572998
vt 0.937988 0.417480
vt 0.501953 0.244141
vt 0.694336 0.143555
vt 0.450195 0.719482
vt 0.781250 0.813477
vt 0.119446 0.727539
vt 0.729492 0.677246
vt 0.611328 0.353027
vt 0.637207 0.041504
vt 0.642578 0.046387
vt 0.459961 0.845703
vt 0.034668 0.525635
vt 0.716797 0.411621
vt 0.318359 0.521729
vt 0.235474 0.044922
vt 0.127808 0.787842
vt 0.474609 0.029785
vt 0.237793 0.318359
vt 0.248535 0.329590
vt 0.235840 0.333496
vt 0.409668 0.957520
vt 0.072754 0.947815
vt 0.639160 0.105469
vt 0.648926 0.106934
vt 0.976562 0.538330
vt 0.989746 0.548584
vt 0.898926 0.637695
vt 0.130249 0.086426
vt 0.119507 0.104004
vt 0.353271 0.555664
vt 0.025543 0.898193
vt 0.268799 0.981293
vt 0.261230 0.974335
vt 0.265137 0.965973
vt 0.915527 0.581543
vt 0.813965 0.543457
vt 0.805664 0.546387
vt 0.701660 0.604004
vt 0.241211 0.120605
vt 0.241943 0.116699
vt 0.254883 0.125488
vt 0.994629 0.591064
vt 1.000000 0.581543
vt 1.000000 0.600342
vt 0.397217 0.188477
vt 0.347656 0.448730
vt 0.949219 0.585205
vt 0.938477 0.581787
vt 0.020203 0.510254
vt 0.613281 0.665771
vt 0.931641 0.400391
vt 0.014450 0.121582
vt 0.030228 0.122559
vt 0.504395 0.640137
vt 0.630859 0.856445
vt 0.186890 0.610107
vt 0.121399 0.385742
vt 0.116150 0.378418
vt 0.188965 0.483887
vt 0.811035 0.790161
vt 0.803223 0.791382
vt 0.374756 0.181641
vt 0.581543 0.779663
vt 0.865723 0.735596
vt 0.877930 0.740967
vt 0.971680 0.236816
vt 0.963867 0.243652
vt 0.547363 0.694336
vt 0.549805 0.727295
vt 0.150513 0.903137
vt 0.140137 0.892517
vt 0.151733 0.893372
vt 0.660156 0.054688
vt 0.651855 0.043457
vt 0.346924 0.025391
vt 0.234985 0.982803
vt 0.215454 0.982666
vt 0.223022 0.970642
vt 0.311768 0.752686
vt 0.035767 0.758789
vt 0.642578 0.759033
vt 0.831055 0.063477
vt 0.822754 0.070801
vt 0.821777 0.056152
vt 0.086853 0.549316
vt 0.348389 0.725830
vt 0.913574 0.767212
vt 0.695801 0.983780
vt 0.692383 0.990929
vt 0.692871 0.973145
vt 0.014755 0.145996
vt 0.960449 0.114258
vt 0.021179 0.093750
vt 0.007172 0.095215
vt 0.016571 0.089844
vt 0.729492 0.817261
vt 0.729492 0.819458
vt 0.458008 0.213867
vt 0.461670 0.201172
vt 0.063293 0.625732
vt 0.636230 0.719971
vt 0.638184 0.710449
vt 0.868652 0.203125
vt 0.868164 0.196777
vt 0.872559 0.195801
vt 0.176636 0.472168
vt 0.188843 0.465820
vt 0.993652 0.585449
vt 0.993652 0.568848
vt 0.998535 0.577393
vt 0.681641 0.913269
vt 0.674316 0.083008
vt 0.412842 0.525391
vt 0.394531 0.625488
vt 0.415527 0.734131
vt 0.402832 0.742188
vt 0.398438 0.726074
vt 0.411133 0.725586
vt 0.161377 0.713135
vt 0.334961 0.531006
vt 0.323486 0.548096
vt 0.187134 0.884521
vt 0.916504 0.322754
vt 0.189331 0.019043
vt 0.203735 0.018555
vt 0.257324 0.247070
vt 0.265381 0.249023
vt 0.801270 0.026367
vt 0.873047 0.076660
vt 0.860840 0.074219
vt 0.036499 0.320801
vt 0.749023 0.755371
vt 0.623047 0.453613
vt 0.898926 0.753784
vt 0.903809 0.748047
vt 0.745117 0.681396
vt 0.747070 0.683594
vt 0.015991 0.727295
vt 0.939941 0.940033
vt 0.549805 0.891418
vt 0.546875 0.888428
vt 0.355469 0.926453
vt 0.683594 0.775513
vt 0.023560 0.656738
vt 0.020218 0.640137
vt 0.047516 0.640137
vt 0.484131 0.600830
vt 0.483398 0.607666
vt 0.882812 0.060059
vt 0.574219 0.831543
vt 0.522461 0.468750
vt 0.041229 0.134766
vt 0.973633 0.196289
vt 0.975586 0.211914
vt 0.075684 0.284668
vt 0.077271 0.287109
vt 0.572266 0.893555
vt 0.568848 0.889099
vt 0.206665 0.815308
vt 0.201172 0.814453
vt 0.246338 0.474609
vt 0.840820 0.675781
vt 0.593750 0.029297
vt 0.273682 0.221680
vt 0.737793 0.549805
vt 0.069092 0.911865
vt 0.574707 0.111816
vt 0.562988 0.105957
vt 0.498291 0.383789
vt 0.513184 0.370605
vt 0.502441 0.385254
vt 0.145264 0.263184
vt 0.146973 0.252441
vt 0.176270 0.256836
vt 0.164062 0.245117
vt 0.900879 0.245117
vt 0.318115 0.555664
vt 0.803711 0.685059
vt 0.892090 0.979691
vt 0.888672 0.992798
vt 0.456299 0.170410
vt 0.789062 0.588623
vt 0.730957 0.930176
vt 0.060486 0.607910
vt 0.048096 0.602539
vt 0.934570 0.071777
vt 0.464111 0.756836
vt 0.618652 0.041504
vt 0.626953 0.032227
vt 0.022675 0.138672
vt 0.026260 0.136719
vt 0.418945 0.512207
vt 0.541504 0.571045
vt 0.160889 0.349609
vt 0.149170 0.352539
vt 0.718750 0.679932
vt 0.061005 0.550049
vt 0.067261 0.556152
vt 0.061401 0.579834
vt 0.052643 0.573975
vt 0.058136 0.571289
vt 0.469482 0.711182
vt 0.318604 0.970566
vt 0.524902 0.846313
vt 0.432617 0.944824
vt 0.417236 0.948456
vt 0.369141 0.992302
vt 0.188232 0.472656
vt 0.494873 0.644775
vt 0.495117 0.637207
vt 0.889648 0.944916
vt 0.394775 0.250977
vt 0.378174 0.249512
vt 0.136597 0.730957
vt 0.137451 0.720947
vt 0.378906 0.629150
vt 0.158203 0.018555
vt 0.555176 0.106934
vt 0.376709 0.649658
vt 0.364258 0.638184
vt 0.375977 0.606934
vt 0.082092 0.799927
vt 0.087646 0.790039
vt 0.423340 0.960114
vt 0.770508 0.931152
vt 0.525391 0.172852
vt 0.518066 0.153809
vt 0.416504 0.742432
vt 0.561035 0.536133
vt 0.129395 0.489258
vt 0.524902 0.953796
vt 0.964844 0.953156
vt 0.970703 0.953125
vt 0.971191 0.956085
vt 0.958984 0.958099
vt 0.051361 0.123047
vt 0.050232 0.119141
vt 0.060913 0.121094
vt 0.041168 0.264160
vt 0.881836 0.233398
vt 0.533203 0.903870
vt 0.789062 0.427734
vt 0.222778 0.477539
vt 0.024399 0.280762
vt 0.363281 0.717529
vt 0.948242 0.200195
vt 0.935547 0.217285
vt 0.246704 0.919250
vt 0.254883 0.906555
vt 0.061249 0.655762
vt 0.621582 0.081543
vt 0.882812 0.570557
vt 0.875977 0.554932
vt 0.883301 0.556152
vt 0.892090 0.767578
vt 0.501953 0.109863
vt 0.564453 0.417480
vt 0.444580 0.591553
vt 0.725586 0.476074
vt 0.103821 0.253418
vt 0.096619 0.234375
vt 0.492188 0.074707
vt 0.488770 0.094727
vt 0.551758 0.619873
vt 0.557617 0.626709
vt 0.551758 0.476074
vt 0.526367 0.472168
vt 0.547363 0.454102
vt 0.519043 0.376465
vt 0.292969 0.616211
vt 0.052979 0.614746
vt 0.053436 0.877319
vt 0.056519 0.872925
vt 0.979980 0.532959
vt 0.968750 0.539307
vt 0.540527 0.865112
vt 0.437988 0.096680
vt 0.411865 0.291016
vt 0.521973 0.874756
vt 0.528320 0.889343
vt 0.516602 0.886414
vt 0.516113 0.875000
vt 0.191650 0.356445
vt 0.213257 0.359375
vt 0.199951 0.363281
vt 0.056946 0.108887
vt 0.046173 0.116699
vt 0.517090 0.511719
vt 0.529785 0.516357
vt 0.351807 0.469238
vt 0.225220 0.093750
vt 0.229248 0.094238
vt 0.232666 0.106934
vt 0.065430 0.126465
vt 0.974609 0.711670
vt 0.242798 0.139160
vt 0.815430 0.085938
vt 0.964844 0.874756
vt 0.159546 0.867920
vt 0.464355 0.017090
vt 0.211548 0.079102
vt 0.234497 0.865723
vt 0.642578 0.670410
vt 0.099243 0.294434
vt 0.876465 0.212402
vt 0.898438 0.083496
vt 0.672852 0.096680
vt 0.624512 0.366211
vt 0.883301 0.212891
vt 0.949219 0.637207
vt 0.279297 0.080078
vt 0.491699 0.332520
vt 0.896484 0.309570
vt 0.890137 0.305176
vt 0.328857 0.796631
vt 0.337402 0.785889
vt 0.338135 0.797241
vt 0.546875 0.112305
vt 0.402588 0.057129
vt 0.085632 0.847534
vt 0.080627 0.853271
vt 0.340332 0.593750
vt 0.340088 0.605225
vt 0.334961 0.600830
vt 0.963379 0.439941
vt 0.266846 0.888977
vt 0.077820 0.920959
vt 0.850586 0.739502
vt 0.849609 0.728271
vt 0.882812 0.095703
vt 0.528809 0.964386
vt 0.956055 0.365234
vt 0.947754 0.370117
vt 0.756348 0.616455
vt 0.187744 0.098633
vt 0.273682 0.566162
vt 0.635742 0.488281
vt 0.634277 0.466797
vt 0.756836 0.013672
vt 0.752930 0.019043
vt 0.754883 0.003906
vt 0.204346 0.658936
vt 0.181030 0.964417
vt 0.511719 0.355957
vt 0.519043 0.352539
vt 0.524414 0.360352
vt 0.279541 0.532715
vt 0.153564 0.319824
vt 0.471924 0.725830
vt 0.722656 0.527100
vt 0.386719 0.440430
vt 0.204468 0.666016
vt 0.273682 0.912170
vt 0.468750 0.716797
vt 0.471924 0.020996
vt 0.464844 0.029297
vt 0.463867 0.223633
vt 0.468018 0.062500
vt 0.193970 0.575195
vt 0.207764 0.579102
vt 0.487305 0.640381
vt 0.491943 0.633301
vt 0.424805 0.094727
vt 0.819824 0.145508
vt 0.802734 0.405762
vt 0.845215 0.371582
vt 0.554688 0.626221
vt 0.849609 0.176758
vt 0.091797 0.230957
vt 0.419922 0.181641
vt 0.410889 0.184570
vt 0.859375 0.552734
vt 0.902344 0.202637
vt 0.732422 0.553955
vt 0.871582 0.975525
vt 0.601074 0.866211
vt 0.817871 0.185547
vt 0.213135 0.175781
vt 0.145142 0.377441
vt 0.231812 0.909241
vt 0.368164 0.862549
vt 0.690430 0.024902
vt 0.690430 0.008301
vt 0.718262 0.010254
vt 0.044586 0.206055
vt 0.146729 0.712891
vt 0.125122 0.970306
vt 0.459473 0.382324
vt 0.696777 0.703857
vt 0.881348 0.204590
vt 0.048889 0.166992
vt 0.035645 0.165527
vt 0.782715 0.429199
vt 0.772461 0.431152
vt 0.715332 0.420410
vt 0.942871 0.969330
vt 0.954590 0.980026
vt 0.981934 0.222656
vt 1.000000 0.821167
vt 0.990234 0.822388
vt 0.999023 0.798340
vt 0.874023 0.419922
vt 0.377686 0.559570
vt 0.361084 0.560059
vt 0.964844 0.001465
vt 0.867188 0.278809
vt 0.875977 0.270020
vt 0.880371 0.270508
vt 0.314209 0.631104
vt 0.352783 0.072266
vt 0.284180 0.004883
vt 0.566895 0.645508
vt 0.936523 0.311035
vt 0.940430 0.301270
vt 0.496826 0.734619
vt 0.487061 0.723145
vt 0.340820 0.205078
vt 0.268555 0.851685
vt 0.811035 0.863892
vt 0.814453 0.865356
vt 0.196289 0.319336
vt 0.880859 0.265625
vt 0.269287 0.776978
vt 0.283691 0.782593
vt 0.848145 0.102539
vt 0.840820 0.097168
vt 0.927246 0.964050
vt 0.297363 0.166016
vt 0.289551 0.169434
vt 0.609375 0.824585
vt 0.604980 0.812378
vt 0.864746 0.910583
vt 0.454102 0.008789
vt 0.459717 0.026855
vt 0.066406 0.487305
vt 0.070496 0.499512
vt 0.516602 0.625732
vt 0.658203 0.330078
vt 0.891602 0.628174
vt 0.118713 0.839355
vt 0.784668 0.425293
vt 0.475830 0.441895
vt 0.460205 0.416016
vt 0.980957 0.509033
vt 0.978027 0.505371
vt 0.735352 0.973038
vt 0.792480 0.849365
vt 0.504395 0.561035
vt 0.114563 0.032227
vt 0.048218 0.796753
vt 0.912598 0.281250
vt 0.247925 0.244629
vt 0.173584 0.635010
vt 0.054474 0.849731
vt 0.703125 0.263672
vt 0.215942 0.349121
vt 0.555176 0.892273
vt 0.207275 0.159668
vt 0.212891 0.158691
vt 0.137695 0.871094
vt 0.342773 0.648438
vt 0.170776 0.304199
vt 0.172852 0.305664
vt 0.374268 0.133789
vt 0.361572 0.135742
vt 0.908691 0.935181
vt 0.442383 0.055664
vt 0.521484 0.214355
vt 0.544922 0.233887
vt 0.283936 0.704102
vt 0.075134 0.581299
vt 0.074097 0.570068
vt 0.704102 0.842041
vt 0.837402 0.685303
vt 0.739746 0.126953
vt 0.726562 0.151855
vt 0.724121 0.128418
vt 0.910156 0.250488
vt 0.336670 0.032227
vt 0.770508 0.940735
vt 0.629395 0.776855
vt 0.415039 0.939362
vt 0.408691 0.952454
vt 0.523926 0.407715
vt 0.649414 0.025879
vt 0.747070 0.652100
vt 0.151123 0.869507
vt 0.520508 0.838745
vt 0.792480 0.776245
vt 0.706055 0.593994
vt 0.274658 0.771362
vt 0.281982 0.773560
vt 0.688965 0.589111
vt 0.850098 0.650391
vt 0.730469 0.774292
vt 0.721191 0.771362
vt 0.285889 0.646240
vt 0.001624 0.925964
vt 0.216309 0.945496
vt 0.050476 0.520264
vt 0.737793 0.828857
vt 0.520996 0.688232
vt 0.580078 0.055176
vt 0.577148 0.049805
vt 0.871094 0.671875
vt 0.928223 0.280273
vt 0.872559 0.920776
vt 0.381592 0.665039
vt 0.503418 0.579346
vt 0.120850 0.392090
vt 0.383057 0.291992
vt 0.083191 0.369141
vt 0.149048 0.310059
vt 0.160034 0.297852
vt 0.470703 0.926025
vt 0.684570 0.050293
vt 0.912109 0.847412
vt 0.568359 0.777466
vt 0.659668 0.904785
vt 0.106384 0.281738
vt 0.848633 0.852661
vt 0.860840 0.856323
vt 0.853516 0.867920
vt 0.776855 0.844482
vt 0.522949 0.450684
vt 0.828613 0.394531
vt 0.127075 0.439941
vt 0.798340 0.081543
vt 0.795410 0.070312
vt 0.608887 0.503174
vt 0.032654 0.557861
vt 0.118225 0.653320
vt 0.322998 0.640869
vt 0.350342 0.661621
vt 0.443604 0.807739
vt 0.412598 0.255371
vt 0.277100 0.185059
vt 0.280029 0.183594
vt 0.539062 0.624512
vt 0.526855 0.630127
vt 0.523926 0.621582
vt 0.070801 0.452148
vt 0.074341 0.456055
vt 0.902344 0.220703
vt 0.404297 0.645264
vt 0.553223 0.403320
vt 0.101074 0.708008
vt 0.600586 0.277832
vt 0.667969 0.227051
vt 0.674316 0.215820
vt 0.809570 0.893677
vt 0.671875 0.786865
vt 0.267578 0.213379
vt 0.808105 0.705566
vt 0.948730 0.650879
vt 0.048950 0.848999
vt 0.572266 0.147949
vt 0.572754 0.171875
vt 0.074951 0.079102
vt 0.663574 0.795044
vt 0.662598 0.783325
vt 0.098206 0.001953
vt 0.049957 0.952545
vt 0.044830 0.955750
vt 0.427734 0.481934
vt 0.408203 0.482910
vt 0.661621 0.856201
vt 0.519531 0.936279
vt 0.975098 0.354004
vt 0.673828 0.535156
vt 0.671387 0.534912
vt 0.676270 0.529297
vt 0.681152 0.861450
vt 0.732422 0.840210
vt 0.979980 0.469238
vt 0.979980 0.477051
vt 0.054199 0.373535
vt 0.045258 0.375977
vt 0.052277 0.370605
vt 0.259033 0.679932
vt 0.956055 0.787109
vt 0.951172 0.796265
vt 0.083984 0.932739
vt 0.062073 0.924133
vt 0.081299 0.923157
vt 0.329102 0.018066
vt 0.025757 0.545654
vt 0.075073 0.062500
vt 0.052399 0.084961
vt 0.169678 0.429688
vt 0.498535 0.809692
vt 0.596191 0.054199
vt 0.735840 0.233398
vt 0.986328 0.477539
vt 0.956543 0.484375
vt 0.968262 0.485352
vt 0.968262 0.504639
vt 0.111206 0.811157
vt 0.204224 0.986832
vt 0.204224 0.972427
vt 0.213257 0.974579
vt 0.339111 0.844727
vt 0.128906 0.194336
vt 0.936035 0.791504
vt 0.730957 0.992664
vt 0.698730 0.468262
vt 0.697754 0.459473
vt 0.149292 0.013672
vt 0.148682 0.021484
vt 0.141113 0.020020
vt 0.033356 0.339355
vt 0.540527 0.174805
vt 0.940918 0.796875
vt 0.419434 0.027344
vt 0.314209 0.643311
vt 0.123352 0.149902
vt 0.126465 0.982147
vt 0.249512 0.274414
vt 0.262695 0.268066
vt 0.493896 0.660645
vt 0.912598 0.898743
vt 0.740234 0.307617
vt 0.617188 0.710449
vt 0.986816 0.488281
vt 0.893555 0.776245
vt 0.571777 0.356934
vt 0.697266 0.972534
vt 0.786621 0.295410
vt 0.776367 0.301758
vt 0.557129 0.539307
vt 0.564453 0.549561
vt 0.145630 0.276855
vt 0.567871 0.902100
vt 0.624023 0.730957
vt 0.625488 0.714111
vt 0.713379 0.772339
vt 0.147583 0.481445
vt 0.887207 0.259277
vt 0.459717 0.137207
vt 0.463867 0.118164
vt 0.673828 0.821411
vt 0.440186 0.125000
vt 0.966309 0.419922
vt 0.968750 0.410645
vt 0.972656 0.415527
vt 0.452393 0.729980
vt 0.738770 0.172363
vt 0.902344 0.278809
vt 0.892578 0.275391
vt 0.557129 0.366699
vt 0.566895 0.367676
vt 0.551758 0.373047
vt 0.572754 0.556152
vt 0.573242 0.786621
vt 0.305908 0.552979
vt 0.952148 0.735596
vt 0.948730 0.730225
vt 0.712891 0.680420
vt 0.222046 0.328125
vt 0.859863 0.101074
vt 0.864258 0.104004
vt 0.859375 0.105957
vt 0.555176 0.682861
vt 0.565430 0.686035
vt 0.551270 0.687012
vt 0.713867 0.178711
vt 0.742676 0.964294
vt 0.545898 0.783813
vt 0.517578 0.704590
vt 0.148804 0.027344
vt 0.674805 0.202148
vt 0.702148 0.211914
vt 0.907227 0.497070
vt 0.778320 0.517578
vt 0.354980 0.082031
vt 0.199097 0.377441
vt 0.166260 0.168457
vt 0.161133 0.166992
vt 0.681152 0.054199
vt 0.132202 0.386719
vt 0.122864 0.386230
vt 0.131714 0.379883
vt 0.250977 0.112305
vt 0.838867 0.693115
vt 0.901367 0.031738
vt 0.666992 0.865112
vt 0.675781 0.859863
vt 0.381104 0.300781
vt 0.850586 0.760010
vt 0.857422 0.765381
vt 0.394775 0.335449
vt 0.469971 0.768555
vt 0.367432 0.853149
vt 0.648438 0.008301
vt 0.655762 0.004883
vt 0.648438 0.630859
vt 0.952148 0.249512
vt 0.042267 0.498535
vt 0.908203 0.093750
vt 0.029999 0.254395
vt 0.306152 0.715088
vt 0.312256 0.714600
vt 0.667480 0.010742
vt 0.359131 0.505615
vt 0.433105 0.365723
vt 0.274414 0.168945
vt 0.281982 0.177246
vt 0.965820 0.799683
vt 0.125488 0.278320
vt 0.390381 0.217285
vt 0.261230 0.162598
vt 0.513672 0.513428
vt 0.516113 0.518555
vt 0.089844 0.635986
vt 0.072998 0.633057
vt 0.079956 0.624023
vt 0.667969 0.352539
vt 0.657227 0.351562
vt 0.195679 0.649658
vt 0.201660 0.639404
vt 0.208008 0.653809
vt 0.596680 0.005371
vt 0.595215 0.009277
vt 0.210083 0.682129
vt 0.182007 0.406738
vt 0.182495 0.387207
vt 0.872559 0.477051
vt 0.037231 0.101074
vt 0.139771 0.698975
vt 0.243896 0.681396
vt 0.842773 0.474121
vt 0.837402 0.455078
vt 0.793945 0.991310
vt 0.947266 0.256348
vt 0.716309 0.177246
vt 0.086487 0.596924
vt 0.820312 0.892883
vt 0.715820 0.797729
vt 0.040985 0.266602
vt 0.265137 0.823364
vt 0.268311 0.835571
vt 0.257568 0.828369
vt 0.781738 0.595459
vt 0.484131 0.511475
vt 0.500000 0.506104
vt 0.421387 0.024902
vt 0.380615 0.041992
vt 0.718262 0.832397
vt 0.987793 0.949127
vt 0.976074 0.947449
vt 0.473145 0.113281
vt 0.291748 0.324707
vt 0.669922 0.025391
vt 0.137695 0.649902
vt 0.142212 0.645264
vt 0.037903 0.711426
vt 0.856445 0.898682
vt 0.845215 0.800659
vt 0.838867 0.787354
vt 0.057190 0.511719
vt 0.860352 0.976852
vt 0.494873 0.021973
vt 0.423340 0.101562
vt 0.655762 0.026855
vt 0.349609 0.114746
vt 0.728027 0.530518
vt 0.477783 0.512695
vt 0.599121 0.507080
vt 0.591309 0.500000
vt 0.629395 0.189453
vt 0.599121 0.016113
vt 0.500000 0.602295
vt 0.836914 0.448730
vt 0.814941 0.224121
vt 0.627441 0.038086
vt 0.804199 0.494141
vt 0.803223 0.499023
vt 0.508789 0.581787
vt 0.519531 0.581787
vt 0.112549 0.280273
vt 0.685547 0.072266
vt 0.568359 0.016602
vt 0.432373 0.611328
vt 0.343018 0.151367
vt 0.354004 0.142090
vt 0.367676 0.145020
vt 0.539062 0.690186
vt 0.932129 0.948486
vt 0.499268 0.565918
vt 0.262695 0.912109
vt 0.467773 0.570068
vt 0.405029 0.638184
vt 0.462646 0.600586
vt 0.339355 0.435059
vt 0.094971 0.612305
vt 0.925293 0.368652
vt 0.884277 0.394043
vt 0.958008 0.784424
vt 0.946777 0.776489
vt 0.539551 0.370117
vt 0.895020 0.921570
vt 0.037933 0.083496
vt 0.434082 0.069336
vt 0.440186 0.063477
vt 0.438965 0.378418
vt 0.799316 0.365234
vt 0.619141 0.633057
vt 0.637695 0.628174
vt 0.164551 0.495605
vt 0.154175 0.493164
vt 0.159546 0.488281
vt 0.565918 0.587891
vt 0.813477 0.724365
vt 0.888672 0.830444
vt 0.886719 0.844360
vt 0.120728 0.280273
vt 0.616211 0.353516
vt 0.667480 0.838257
vt 0.503418 0.844360
vt 0.073975 0.335449
vt 0.788574 0.859985
vt 0.142212 0.876892
vt 0.511719 0.766235
vt 0.818359 0.104492
vt 0.820801 0.114258
vt 0.079712 0.464355
vt 0.700195 0.622070
vt 0.679688 0.475098
vt 0.456299 0.757568
vt 0.550781 0.672852
vt 0.840820 0.221680
vt 0.826172 0.219727
vt 0.019394 0.769775
vt 0.439453 0.756104
vt 0.432129 0.749023
vt 0.550293 0.436523
vt 0.584473 0.114258
vt 0.711914 0.618896
vt 0.713379 0.608643
vt 0.723633 0.610840
vt 0.719238 0.625977
vt 0.056519 0.375977
vt 0.062561 0.371582
vt 0.071045 0.379395
vt 0.065247 0.384766
vt 0.228027 0.577148
vt 0.221069 0.576172
vt 0.642090 0.627930
vt 0.815430 0.005859
vt 0.924805 0.230957
vt 0.919922 0.237305
vt 0.557617 0.648682
vt 0.444336 0.704346
vt 0.440674 0.707275
vt 0.890137 0.616455
vt 0.892090 0.619385
vt 0.909668 0.971420
vt 0.910645 0.990395
vt 0.125977 0.290527
vt 0.924316 0.240234
vt 0.934570 0.240234
vt 0.936035 0.256348
vt 0.571289 0.796509
vt 0.941406 0.196289
vt 0.155029 0.121582
vt 0.611328 0.325195
vt 0.537109 0.635254
vt 0.548340 0.624023
vt 0.672852 0.513916
vt 0.425293 0.070312
vt 0.422852 0.068359
vt 0.789062 0.977234
vt 0.050690 0.656494
vt 0.700684 0.447754
vt 0.211182 0.965912
vt 0.755371 0.903076
vt 0.398926 0.045410
vt 0.282471 0.095703
vt 0.252686 0.819702
vt 0.151001 0.389648
vt 0.151978 0.379883
vt 0.703125 0.725342
vt 0.022888 0.065430
vt 0.629395 0.792114
vt 0.190918 0.683350
vt 0.252686 0.338379
vt 0.046661 0.368652
vt 0.145142 0.396484
vt 0.363770 0.450195
vt 0.695801 0.802979
vt 0.875000 0.611816
vt 0.888672 0.554199
vt 0.777344 0.896118
vt 0.781250 0.892029
vt 0.786621 0.458984
vt 0.638672 0.100098
vt 0.870117 0.261230
vt 0.875488 0.266113
vt 0.357910 0.601318
vt 0.903809 0.160645
vt 0.476807 0.556641
vt 0.192261 0.545654
vt 0.874512 0.455566
vt 0.424072 0.282715
vt 0.940918 0.525391
vt 0.550781 0.802612
vt 0.557129 0.787231
vt 0.585449 0.672607
vt 0.987793 0.826538
vt 0.424561 0.236328
vt 0.425781 0.246094
vt 0.308594 0.197754
vt 0.989746 0.103027
vt 0.988281 0.097656
vt 0.004051 0.919250
vt 0.155151 0.532471
vt 0.376709 0.114258
vt 0.575195 0.484863
vt 0.725586 0.206055
vt 0.628418 0.043457
vt 0.617188 0.046387
vt 0.617676 0.588623
vt 0.240845 0.708496
vt 0.666016 0.952393
vt 0.686035 0.947327
vt 0.839355 0.044434
vt 0.575195 0.419434
vt 0.516602 0.240234
vt 0.032288 0.983429
vt 0.870117 0.365234
vt 0.956543 0.955048
vt 0.480469 0.796143
vt 0.476562 0.785522
vt 0.900391 0.863281
vt 0.841309 0.112793
vt 0.839355 0.119629
vt 0.784668 0.592041
vt 0.188110 0.263184
vt 0.176636 0.605225
vt 0.950684 0.812256
vt 0.914062 0.818726
vt 0.906738 0.809570
vt 0.360840 0.350586
vt 0.352539 0.346191
vt 0.012680 0.728516
vt 0.095764 0.392578
vt 0.088257 0.385742
vt 0.605957 0.851929
vt 0.816406 0.828125
vt 0.559570 0.594971
vt 0.984863 0.013672
vt 0.966797 0.028809
vt 0.967285 0.007812
vt 0.666992 0.829468
vt 0.661133 0.820435
vt 0.671387 0.823486
vt 0.984863 0.763184
vt 0.351562 0.234863
vt 0.512207 0.719727
vt 0.481201 0.042969
vt 0.495361 0.043945
vt 0.467773 0.059082
vt 0.223877 0.371582
vt 0.215698 0.375000
vt 0.958984 0.438965
vt 0.952148 0.444824
vt 0.692383 0.027832
vt 0.718750 0.013672
vt 0.705078 0.036133
vt 0.932129 0.054688
vt 0.937500 0.057617
vt 0.387939 0.166992
vt 0.152832 0.937317
vt 0.197144 0.168945
vt 0.589355 0.482422
vt 0.698242 0.656250
vt 0.630859 0.964142
vt 0.004089 0.431152
vt 0.029129 0.755615
vt 0.530762 0.418457
vt 0.687500 0.536621
vt 0.175293 0.465820
vt 0.184448 0.795654
vt 0.628906 0.381348
vt 0.307861 0.766724
vt 0.166748 0.322266
vt 0.371826 0.824829
vt 0.377930 0.834717
vt 0.338623 0.210938
vt 0.783203 0.647461
vt 0.452881 0.574463
vt 0.456055 0.394531
vt 0.779785 0.907043
vt 0.861328 0.631592
vt 0.011642 0.894470
vt 0.183105 0.921570
vt 0.185425 0.918030
vt 0.460205 0.104492
vt 0.747559 0.906921
vt 0.732910 0.898132
vt 0.360840 0.553711
vt 0.040314 0.957489
vt 0.972168 0.291504
vt 0.622559 0.464355
vt 0.818848 0.576416
vt 0.813965 0.578369
vt 0.814453 0.573486
vt 0.150757 0.454590
vt 0.725098 0.385254
vt 0.290771 0.602051
vt 0.282959 0.610352
vt 0.229126 0.552734
vt 0.155029 0.526611
vt 0.236694 0.066895
vt 0.818848 0.612305
vt 0.268311 0.748291
vt 0.270996 0.739014
vt 0.677734 0.883057
vt 0.683105 0.893677
vt 0.851074 0.349609
vt 0.241699 0.078125
vt 0.790527 0.500977
vt 0.220459 0.366699
vt 0.214844 0.377930
vt 0.039062 0.505615
vt 0.859375 0.079590
vt 0.701172 0.381348
vt 0.582520 0.846680
vt 0.412354 0.065918
vt 0.404541 0.708496
vt 0.395996 0.950592
vt 0.372070 0.804077
vt 0.392090 0.619141
vt 0.028503 0.518799
vt 0.970215 0.194336
vt 0.278564 0.840088
vt 0.946777 0.387207
vt 0.947754 0.375977
vt 0.961426 0.376953
vt 0.862793 0.208496
vt 0.195190 0.776611
vt 0.957520 0.753052
vt 0.261475 0.047363
vt 0.437744 0.946869
vt 0.456543 0.947754
vt 0.860352 0.202148
vt 0.132202 0.810303
vt 0.959961 0.399902
vt 0.972656 0.400879
vt 0.514160 0.853516
vt 0.469482 0.832031
vt 0.631836 0.903198
vt 0.644531 0.897095
vt 0.244995 0.296387
vt 0.249756 0.311523
vt 0.534668 0.356445
vt 0.160645 0.191895
vt 0.343018 0.677979
vt 0.927734 0.876892
vt 0.151245 0.266113
vt 0.733887 0.874634
vt 0.846191 0.641357
vt 0.512207 0.223633
vt 0.503906 0.211426
vt 0.513672 0.214355
vt 0.279053 0.755005
vt 0.360352 0.889221
vt 0.297363 0.173340
vt 0.313721 0.932495
vt 0.093872 0.923096
vt 0.897461 0.632080
vt 0.810059 0.437988
vt 0.814453 0.424805
vt 0.674316 0.492676
vt 0.452637 0.064941
vt 0.580078 0.317383
vt 0.917480 0.803833
vt 0.904297 0.807373
vt 0.315918 0.500244
vt 0.884766 0.854370
vt 0.069885 0.933350
vt 0.258301 0.466309
vt 0.670410 0.669189
vt 0.860840 0.197754
vt 0.863281 0.191895
vt 0.681641 0.023926
vt 0.061951 0.974884
vt 0.262207 0.413574
vt 0.659668 0.629395
vt 0.670410 0.630127
vt 0.458252 0.074707
vt 0.013313 0.032715
vt 0.015701 0.038086
vt 0.984375 0.268555
vt 0.271729 0.506836
vt 0.514160 0.161621
vt 0.513184 0.168945
vt 0.251953 0.460938
vt 0.257080 0.461914
vt 0.581055 0.552246
vt 0.923828 0.902527
vt 0.950195 0.910400
vt 0.350342 0.155762
vt 0.833496 0.585449
vt 0.095459 0.231445
vt 0.880859 0.199219
vt 0.929199 0.148438
vt 0.224731 0.189453
vt 0.110046 0.886230
vt 0.686035 0.483887
vt 0.393066 0.420898
vt 0.346680 0.902649
vt 0.327148 0.909546
vt 0.329590 0.899170
vt 0.997070 0.428223
vt 0.993652 0.433105
vt 0.993652 0.427734
vt 0.749512 0.724365
vt 0.663086 0.464844
vt 0.852539 0.780029
vt 0.854492 0.350098
vt 0.669434 0.484863
vt 0.303955 0.785156
vt 0.291260 0.796875
vt 0.799316 0.063477
vt 0.753906 0.301758
vt 0.752441 0.296875
vt 0.173096 0.406250
vt 0.117981 0.248047
vt 0.120422 0.251953
vt 0.116089 0.251465
vt 0.852539 0.735352
vt 0.139893 0.004395
vt 0.120483 0.027344
vt 0.719238 0.725098
vt 0.423828 0.020020
vt 0.422363 0.020996
vt 0.882324 0.573730
vt 0.118958 0.853760
vt 0.850098 0.096191
vt 0.750000 0.326172
vt 0.132202 0.451172
vt 0.630859 0.916138
vt 0.162109 0.011719
vt 0.526367 0.768066
vt 0.517578 0.768799
vt 0.187622 0.789185
vt 0.537598 0.932312
vt 0.482422 0.642822
vt 0.482910 0.637695
vt 0.359619 0.971649
vt 0.352295 0.984344
vt 0.352783 0.964844
vt 0.486816 0.038086
vt 0.535156 0.684814
vt 0.955566 0.911255
vt 0.961426 0.897522
vt 0.982422 0.912720
vt 0.517090 0.927917
vt 0.061829 0.559082
vt 0.052368 0.561279
vt 0.363525 0.989876
vt 0.354736 0.986961
vt 0.360352 0.977432
vt 0.962402 0.531738
vt 0.430908 0.024902
vt 0.424805 0.025879
vt 0.134277 0.132812
vt 0.859863 0.114746
vt 0.320801 0.207031
vt 0.311035 0.206055
vt 0.865234 0.684326
vt 0.869629 0.683105
vt 1.000000 0.735596
vt 1.000000 0.762939
vt 0.991699 0.745361
vt 0.230835 0.338379
vt 0.227173 0.352051
vt 0.516602 0.386230
vt 0.135254 0.829956
vt 0.928223 0.726807
vt 0.925293 0.719971
vt 0.934082 0.712891
vt 0.941895 0.724609
vt 0.015701 0.002930
vt 0.007000 0.002930
vt 0.993652 0.437012
vt 0.999023 0.433105
vt 0.999512 0.440430
vt 0.917480 0.247559
vt 0.850098 0.188965
vt 0.843750 0.176758
vt 0.192017 0.143066
vt 0.736816 0.105957
vt 0.605469 0.429199
vt 0.616699 0.425293
vt 0.974121 0.766357
vt 0.786133 0.596680
vt 0.410156 0.888672
vt 0.519043 0.694824
vt 0.223999 0.712646
vt 0.994141 0.522949
vt 0.996582 0.523438
vt 0.995117 0.536621
vt 0.077332 0.381836
vt 0.267334 0.719238
vt 0.278564 0.721680
vt 0.255615 0.105957
vt 0.097046 0.150391
vt 0.925293 0.670898
vt 0.801758 0.655029
vt 0.368896 0.738281
vt 0.968750 0.295410
vt 0.879395 0.114746
vt 0.889160 0.815796
vt 0.879883 0.313965
vt 0.382080 0.357422
vt 0.683105 0.143066
vt 0.520508 0.635986
vt 0.039032 0.270996
vt 0.041199 0.274902
vt 0.730469 0.981873
vt 0.726562 0.984985
vt 0.611816 0.005859
vt 0.603027 0.325195
vt 0.592773 0.324707
vt 0.911133 0.248535
vt 0.999512 0.572266
vt 0.993652 0.560059
vt 1.000000 0.556152
vt 0.803711 0.656006
vt 0.813965 0.640381
vt 0.445068 0.453125
vt 0.071777 0.259766
vt 0.271973 0.597412
vt 0.278320 0.599121
vt 0.812012 0.090820
vt 0.481445 0.720947
vt 0.486084 0.735840
vt 0.852051 0.991768
vt 0.101501 0.751343
vt 0.349365 0.791260
vt 0.363770 0.801392
vt 0.482422 0.966461
vt 0.889160 0.281250
vt 0.914551 0.386719
vt 0.911133 0.378418
vt 0.080505 0.563477
vt 0.161865 0.603760
vt 0.173584 0.603027
vt 0.733398 0.757080
vt 0.686035 0.672852
vt 0.168457 0.651367
vt 0.095825 0.790771
vt 0.098206 0.785278
vt 0.993652 0.481445
vt 0.999023 0.485352
vt 0.993652 0.493652
vt 0.129028 0.854248
vt 0.128052 0.843872
vt 0.130127 0.650635
vt 0.449219 0.993282
vt 0.437744 0.989571
vt 0.449463 0.972504
vt 0.344238 0.244629
vt 0.938477 0.938324
vt 0.194092 0.515137
vt 0.864746 0.129883
vt 0.275879 0.385254
vt 0.427734 0.240234
vt 0.769531 0.979767
vt 0.268066 0.959351
vt 0.157227 0.145020
vt 0.077942 0.875916
vt 0.748047 0.416504
vt 0.803223 0.923462
vt 0.657227 0.530762
vt 0.439453 0.107422
vt 0.217163 0.469727
vt 0.188721 0.460938
vt 0.206177 0.448242
vt 0.754883 0.679932
vt 0.458740 0.459961
vt 0.931152 0.280762
vt 0.934082 0.283203
vt 0.014221 0.074707
vt 0.584473 0.267090
vt 0.783203 0.432617
vt 0.591797 0.450684
vt 0.924805 0.615723
vt 0.920898 0.588867
vt 0.296387 0.027344
vt 0.985840 0.630371
vt 0.979004 0.274902
vt 0.784180 0.000000
vt 0.777344 0.020996
vt 0.759766 0.001953
vt 0.093811 0.514893
vt 0.615234 0.612549
vt 0.634766 0.846069
vt 0.307861 0.916931
vt 0.737793 0.766724
vt 0.650391 0.742676
vt 0.616699 0.768677
vt 0.626953 0.249023
vt 0.552246 0.896240
vt 0.705566 0.826172
vt 0.872559 0.149902
vt 0.830078 0.852539
vt 0.520508 0.177246
vt 0.516602 0.171875
vt 0.228638 0.511475
vt 0.231689 0.517334
vt 0.004860 0.953278
vt 0.406006 0.616699
vt 0.786133 0.334473
vt 0.036285 0.688232
vt 0.047180 0.509521
vt 0.118652 0.612549
vt 0.833496 0.480957
vt 0.246460 0.056152
vt 0.255127 0.356445
vt 0.256836 0.341797
vt 0.262695 0.342285
vt 0.559082 0.829468
vt 0.596191 0.047363
vt 0.979492 0.981262
vt 0.992188 0.963501
vt 0.992188 0.984192
vt 0.079041 0.492676
vt 0.404785 0.699951
vt 0.821289 0.232422
vt 0.377686 0.510010
vt 0.094604 0.756836
vt 0.899902 0.834473
vt 0.893066 0.163574
vt 0.892578 0.160156
vt 0.434570 0.918335
vt 0.445557 0.925476
vt 0.515137 0.550049
vt 0.281494 0.858276
vt 0.600586 0.884583
vt 0.636230 0.007812
vt 0.627441 0.161621
vt 0.831543 0.855469
vt 0.840332 0.858643
vt 0.971191 0.507080
vt 0.839844 0.231445
vt 0.839355 0.246094
vt 0.017365 0.832764
vt 0.005577 0.836426
vt 0.094727 0.034180
vt 0.861328 0.326660
vt 0.737305 0.678223
vt 0.944824 0.061035
vt 0.754883 0.936707
vt 0.050659 0.189941
vt 0.053223 0.180664
vt 0.900391 0.969604
vt 0.898926 0.978424
vt 0.895996 0.972580
vt 0.436035 0.915527
vt 0.886230 0.397461
vt 0.715820 0.591064
vt 0.726074 0.594971
vt 0.747070 0.625488
vt 0.733398 0.625488
vt 0.597168 0.348633
vt 0.722656 0.919678
vt 0.787598 0.395996
vt 0.944336 0.719482
vt 0.874512 0.434082
vt 0.078735 0.790771
vt 0.137695 0.148926
vt 0.648926 0.901123
vt 0.159546 0.385254
vt 0.170776 0.502686
vt 0.878418 0.412598
vt 0.875977 0.423828
vt 0.714355 0.162598
vt 0.392822 0.574951
vt 0.869629 0.854370
vt 0.864746 0.865601
vt 0.149292 0.131348
vt 0.136597 0.138184
vt 0.137329 0.126953
vt 0.187866 0.512939
vt 0.327148 0.078125
vt 0.471191 0.876099
vt 0.841309 0.529785
vt 0.330322 0.888367
vt 0.322998 0.890259
vt 0.137817 0.918640
vt 0.784180 0.316895
vt 0.274658 0.863647
vt 0.262451 0.865234
vt 0.267578 0.951111
vt 0.675781 0.089355
vt 0.675781 0.093750
vt 0.965332 0.979019
vt 0.977051 0.979019
vt 0.967773 0.988289
vt 0.863281 0.895325
vt 0.182251 0.559814
vt 0.177490 0.968781
vt 0.186890 0.974533
vt 0.344971 0.340332
vt 0.257080 0.016602
vt 0.227417 0.541016
vt 0.895996 0.548584
vt 0.323242 0.067383
vt 0.315186 0.068359
vt 0.871582 0.345703
vt 0.901855 0.301758
vt 0.756836 0.462891
vt 0.357910 0.235352
vt 0.852051 0.191406
vt 0.746094 0.458496
vt 0.202515 0.831787
vt 0.976074 0.582031
vt 0.994141 0.620361
vt 0.123413 0.125000
vt 0.134644 0.125977
vt 0.537109 0.361816
vt 0.682617 0.040039
vt 0.197632 0.524658
vt 0.823730 0.170410
vt 0.504883 0.071777
vt 0.978516 0.148926
vt 0.975098 0.148438
vt 0.825195 0.269043
vt 0.969727 0.801758
vt 0.195435 0.322266
vt 0.408936 0.926208
vt 0.406982 0.948761
vt 0.783203 0.908997
vt 0.213257 0.119629
vt 0.295654 0.648193
vt 0.851074 0.106445
vt 0.719727 0.444824
vt 0.558594 0.907654
vt 0.209595 0.260742
vt 0.962402 0.986961
vt 0.969238 0.880249
vt 0.181763 0.067383
vt 0.393799 0.599365
vt 0.426758 0.661865
vt 0.337158 0.411133
vt 0.853516 0.201660
vt 0.722168 0.974808
vt 0.721680 0.982315
vt 0.718262 0.968262
vt 0.303955 0.181641
vt 0.609375 0.597168
vt 0.935059 0.281250
vt 0.608398 0.246582
vt 0.617676 0.248047
vt 0.886230 0.691162
vt 0.372070 0.881348
vt 0.045502 0.504883
vt 0.706055 0.384766
vt 0.182495 0.631836
vt 0.509766 0.647705
vt 0.033295 0.255371
vt 0.413086 0.871216
vt 0.909180 0.969040
vt 0.638672 0.568604
vt 0.169067 0.802246
vt 0.248535 0.374023
vt 0.267090 0.371582
vt 0.133057 0.725586
vt 0.638672 0.130371
vt 0.434570 0.708252
vt 0.000039 0.517090
vt 0.628418 0.913757
vt 0.857910 0.749268
vt 0.403076 0.711914
vt 0.327637 0.312012
vt 0.171143 0.172363
vt 0.047394 0.626221
vt 0.175781 0.300781
vt 0.856934 0.686768
vt 0.479736 0.004395
vt 0.635254 0.776978
vt 0.944824 0.250000
vt 0.480957 0.226074
vt 0.429932 0.691650
vt 0.863281 0.622803
vt 0.357422 0.565674
vt 0.426758 0.982468
vt 0.490967 0.809204
vt 0.562500 0.574951
vt 0.451660 0.793701
vt 0.403564 0.153320
vt 0.329590 0.309082
vt 0.316162 0.296387
vt 0.041351 0.897095
vt 0.148315 0.872803
vt 0.273438 0.227051
vt 0.804199 0.569580
vt 0.207764 0.793091
vt 0.214111 0.800659
vt 0.618164 0.413574
vt 0.220581 0.716064
vt 0.400635 0.856689
vt 0.420410 0.882019
vt 0.130005 0.414062
vt 0.125488 0.410645
vt 0.697754 0.977615
vt 0.531250 0.198242
vt 0.539551 0.206055
vt 0.234985 0.511963
vt 0.368652 0.018555
vt 0.234497 0.491699
vt 0.351318 0.620850
vt 0.342529 0.608398
vt 0.818848 0.092773
vt 0.965820 0.533691
vt 0.959961 0.551758
vt 0.077393 0.257324
vt 0.827148 0.472168
vt 0.167114 0.885254
vt 0.387695 0.889160
vt 0.375244 0.751221
vt 0.514648 0.381348
vt 0.856445 0.602539
vt 0.376465 0.171875
vt 0.633301 0.370605
vt 0.180176 0.749268
vt 0.761230 0.714844
vt 0.593262 0.553955
vt 0.521484 0.939819
vt 0.632812 0.838379
vt 0.548828 0.224121
vt 0.508789 0.131836
vt 0.913086 0.085938
vt 0.568848 0.699951
vt 0.646484 0.983002
vt 0.638184 0.985840
vt 0.642578 0.974426
vt 0.755859 0.073242
vt 0.066895 0.466309
vt 0.444092 0.828979
vt 0.425293 0.821045
vt 0.476807 0.222168
vt 0.428223 0.070312
vt 0.791504 0.036133
vt 0.798828 0.040039
vt 0.799316 0.028809
vt 0.460693 0.508545
vt 0.228027 0.946442
vt 0.218384 0.945770
vt 0.937500 0.678467
vt 0.056915 0.522705
vt 0.422607 0.748291
vt 0.860352 0.083496
vt 0.159912 0.980179
vt 0.156616 0.990356
vt 0.148438 0.978958
vt 0.062866 0.984039
vt 0.917969 0.765259
vt 0.963379 0.551758
vt 0.737305 0.856201
vt 0.809082 0.094238
vt 0.267822 0.948425
vt 0.039124 0.248047
vt 0.513184 0.799683
vt 0.137207 0.946167
vt 0.792480 0.470215
vt 0.982422 0.459961
vt 0.887695 0.695801
vt 0.156860 0.591553
vt 0.144043 0.605469
vt 0.676270 0.685547
vt 0.712402 0.592285
vt 0.654297 0.256348
vt 0.080627 0.992252
vt 0.080627 0.971527
vt 0.098938 0.985092
vt 0.029709 0.128418
vt 0.306641 0.215332
vt 0.821289 0.514404
vt 0.012779 0.141602
vt 0.933594 0.077637
vt 0.953613 0.057617
vt 0.969238 0.076172
vt 0.053986 0.679688
vt 0.795410 0.309082
vt 0.654785 0.623779
vt 0.008217 0.446777
vt 0.589844 0.333496
vt 0.421387 0.737549
vt 0.689453 0.862549
vt 0.265381 0.422852
vt 0.265625 0.414551
vt 0.532227 0.772095
vt 0.119995 0.916626
vt 0.977539 0.070801
vt 0.142334 0.325684
vt 0.724609 0.757324
vt 0.723633 0.759766
vt 0.713379 0.762939
vt 0.214111 0.076660
vt 0.269287 0.383789
vt 0.919434 0.915649
vt 0.126221 0.863892
vt 0.336914 0.751221
vt 0.990234 0.831177
vt 0.990234 0.824707
vt 0.998047 0.828979
vt 0.997559 0.849365
vt 0.843262 0.957642
vt 0.080750 0.391113
vt 0.308594 0.401367
vt 0.390869 0.181152
vt 0.618652 0.811157
vt 0.784668 0.454102
vt 0.264404 0.768921
vt 0.192017 0.519287
vt 0.071228 0.087891
vt 0.787598 0.955475
vt 0.785645 0.956818
vt 0.977539 0.976669
vt 0.446045 0.026855
vt 0.892578 0.744629
vt 0.231934 0.464355
vt 0.833008 0.026367
vt 0.347412 0.908997
vt 0.150269 0.314453
vt 0.130005 0.521973
vt 0.261475 0.423340
vt 0.350342 0.765747
vt 0.543457 0.751587
vt 0.563477 0.720947
vt 0.017548 0.334473
vt 0.069153 0.553223
vt 0.836914 0.009766
vt 0.882324 0.874268
vt 0.345703 0.504150
vt 0.831543 0.645020
vt 0.661621 0.311523
vt 0.645508 0.309082
vt 0.941895 0.757935
vt 0.994141 0.538818
vt 0.998047 0.553223
vt 0.994141 0.554688
vt 0.323975 0.750122
vt 0.207153 0.933411
vt 0.177002 0.973694
vt 0.458496 0.966064
vt 0.478271 0.958771
vt 0.026093 0.164551
vt 0.023682 0.166992
vt 0.004726 0.164551
vt 0.716797 0.063477
vt 0.584961 0.616211
vt 0.618164 0.776855
vt 0.910645 0.881836
vt 0.900391 0.853271
vt 0.441162 0.505127
vt 0.793945 0.930481
vt 0.799316 0.926392
vt 0.957031 0.341797
vt 0.407227 0.308594
vt 0.424316 0.827026
vt 0.106506 0.007324
vt 0.511719 0.298340
vt 0.995605 0.680420
vt 0.993652 0.676514
vt 0.995605 0.676270
vt 0.310791 0.930542
vt 0.210815 0.837891
vt 0.979004 0.145508
vt 0.582031 0.225586
vt 0.001221 0.801636
vt 0.842285 0.495117
vt 0.298828 0.797241
vt 0.505859 0.409180
vt 0.171875 0.691895
vt 0.153931 0.270996
vt 0.432373 0.538818
vt 0.015610 0.180664
vt 0.201050 0.819092
vt 0.192261 0.697266
vt 0.166382 0.349121
vt 0.893066 0.000000
vt 0.911621 0.003906
vt 0.886230 0.870605
vt 0.159180 0.503174
vt 0.190674 0.833252
vt 0.429688 0.694824
vt 0.192017 0.822632
vt 0.835938 0.423340
vt 0.557129 0.573975
vt 0.048767 0.308594
vt 0.059784 0.321289
vt 0.489014 0.016113
vt 0.095276 0.239746
vt 0.093445 0.248535
vt 0.738281 0.348633
vt 0.569824 0.964600
vt 0.333252 0.017578
vt 0.659668 0.341309
vt 0.669434 0.350098
vt 0.906738 0.827881
vt 0.779297 0.477051
vt 0.480225 0.908142
vt 0.182129 0.905884
vt 0.321289 0.797485
vt 0.657715 0.479980
vt 0.318848 0.901917
vt 0.005920 0.363281
vt 0.699219 0.485840
vt 0.705078 0.486816
vt 0.780273 0.206543
vt 0.790527 0.234863
vt 0.615723 0.676025
vt 0.096985 0.978241
vt 0.320312 0.893677
vt 0.697754 0.858032
vt 0.956055 0.807251
vt 0.861328 0.559814
vt 0.875977 0.369629
vt 0.957520 0.503418
vt 0.990234 0.960388
vt 0.979492 0.973129
vt 0.979492 0.950928
vt 0.929688 0.758057
vt 0.916016 0.755005
vt 0.587402 0.742432
vt 0.785156 0.668213
vt 0.780273 0.870361
vt 0.141357 0.831299
vt 0.572754 0.970551
vt 0.570312 0.975571
vt 0.783203 0.941040
vt 0.945312 0.169922
vt 0.082092 0.253906
vt 0.072083 0.254883
vt 0.888184 0.706543
vt 0.375732 0.074707
vt 0.740234 0.779297
vt 0.774414 0.829712
vt 0.498047 0.009766
vt 0.037354 0.264648
vt 0.470703 0.030762
vt 0.659180 0.224609
vt 0.817383 0.985695
vt 0.810547 0.983536
vt 0.815430 0.973053
vt 0.015656 0.757446
vt 0.447754 0.119629
vt 0.682617 0.700684
vt 0.395996 0.953461
vt 0.696777 0.869995
vt 0.702148 0.857788
vt 0.645020 0.117188
vt 0.189331 0.985764
vt 0.189331 0.953369
vt 0.201538 0.982513
vt 0.185059 0.370605
vt 0.930176 0.337891
vt 0.380127 0.615234
vt 0.041504 0.562256
vt 0.899902 0.738281
vt 0.841309 0.937012
vt 0.262695 0.200195
vt 0.396973 0.984192
vt 0.404541 0.972534
vt 0.794922 0.648193
vt 0.398682 0.521240
vt 0.636719 0.739258
vt 0.447510 0.201660
vt 0.210449 0.971237
vt 0.720215 0.356934
vt 0.625977 0.969833
vt 0.213257 0.392090
vt 0.962402 0.802979
vt 0.704102 0.302734
vt 0.222778 0.110840
vt 0.314697 0.934631
vt 0.596680 0.437012
vt 0.130859 0.985832
vt 0.130859 0.963867
vt 0.139771 0.982727
vt 0.488770 0.147949
vt 0.127808 0.966217
vt 0.128540 0.969086
vt 0.805176 0.912476
vt 0.428955 0.197266
vt 0.406250 0.006348
vt 0.802734 0.907715
vt 0.266846 0.648926
vt 0.420166 0.814453
vt 0.943848 0.623047
vt 0.466064 0.801147
vt 0.619141 0.686523
vt 0.174683 0.368652
vt 0.503906 0.006348
vt 0.512207 0.011230
vt 0.127441 0.506836
vt 0.161255 0.250000
vt 0.148560 0.259277
vt 0.212158 0.009766
vt 0.196045 0.016602
vt 0.208862 0.000977
vt 0.656250 0.284668
vt 0.093567 0.782715
vt 0.506348 0.818604
vt 0.140869 0.179199
vt 0.809570 0.858398
vt 0.415283 0.026367
vt 0.272705 0.801636
vt 0.881348 0.403809
vt 0.655273 0.182129
vt 0.654297 0.173828
vt 0.104980 0.051758
vt 0.409912 0.193848
vt 0.822754 0.107422
vt 0.310791 0.601074
vt 0.087708 0.961395
vt 0.086670 0.971741
vt 0.080994 0.966309
vt 0.534180 0.604492
vt 0.564941 0.579346
vt 0.385010 0.176270
vt 0.666992 0.793213
vt 0.944824 0.885498
vt 0.872559 0.600342
vt 0.924805 0.700684
vt 0.650391 0.140625
vt 0.474365 0.324707
vt 0.214478 0.154297
vt 0.261963 0.441406
vt 0.119385 0.489258
vt 0.451416 0.061035
vt 0.374756 0.281738
vt 0.270752 0.482422
vt 0.411865 0.758423
vt 0.525391 0.071289
vt 0.618652 0.932861
vt 0.803223 0.795288
vt 0.440186 0.028809
vt 0.975098 0.987801
vt 0.943359 0.298828
vt 0.508789 0.843262
vt 0.886719 0.218262
vt 0.942871 0.264648
vt 0.485840 0.660889
vt 0.099731 0.979523
vt 0.251465 0.679443
vt 0.203491 0.811890
vt 0.255127 0.774902
vt 0.115417 0.103516
vt 0.259766 0.891174
vt 0.089905 0.781128
vt 0.305908 0.414551
vt 0.708496 0.725342
vt 0.506836 0.295898
vt 0.340332 0.757446
vt 0.542480 0.068848
vt 0.064514 0.916931
vt 0.052490 0.920166
vt 0.993652 0.511475
vt 0.993652 0.498535
vt 0.995605 0.500732
vt 0.609863 0.668457
vt 0.018478 0.061523
vt 0.818848 0.454102
vt 0.334473 0.429199
vt 0.185791 0.167480
vt 0.541016 0.444824
vt 0.534180 0.434570
vt 0.400391 0.105469
vt 0.386475 0.067383
vt 0.152466 0.767090
vt 0.426270 0.912781
vt 0.398926 0.816162
vt 0.074646 0.331055
vt 0.791504 0.570068
vt 0.245605 0.905884
vt 0.958008 0.979706
vt 0.339600 0.552246
vt 0.354980 0.832031
vt 0.366943 0.837891
vt 0.976562 0.683350
vt 0.821289 0.293945
vt 0.577637 0.655273
vt 0.858398 0.127930
vt 0.106812 0.394531
vt 0.152710 0.000000
vt 0.202148 0.842285
vt 0.910645 0.318359
vt 0.517090 0.456055
vt 0.531738 0.881531
vt 0.533691 0.968170
vt 0.922363 0.341309
vt 0.543457 0.888062
vt 0.674805 0.704102
vt 0.952148 0.340820
vt 0.899414 0.388672
vt 0.878418 0.191895
vt 0.706543 0.240234
vt 0.020935 0.365234
vt 0.379883 0.222168
vt 0.422363 0.780396
vt 0.952148 0.665771
vt 0.814941 0.774536
vt 0.056793 0.005371
vt 0.524414 0.350586
vt 0.280762 0.736572
vt 0.910645 0.295898
vt 0.393555 0.791382
vt 0.477051 0.720947
vt 0.194946 0.259277
vt 0.535645 0.645264
vt 0.359375 0.694336
vt 0.275879 0.814331
vt 0.937012 0.079590
vt 0.358887 0.271973
vt 0.966309 0.884155
vt 0.008308 0.738525
vt 0.729980 0.839233
vt 0.479980 0.802124
vt 0.796875 0.359375
vt 0.794922 0.349121
vt 0.948242 0.424805
vt 0.896973 0.181152
vt 0.281250 0.800537
vt 0.225830 0.932983
vt 0.229980 0.927612
vt 0.852051 0.026367
vt 0.850098 0.043457
vt 0.614746 0.494629
vt 0.427734 0.613281
vt 0.164673 0.438965
vt 0.165405 0.435547
vt 0.857910 0.833984
vt 0.971680 0.162109
vt 0.756348 0.974472
vt 0.603027 0.605225
vt 0.132446 0.152344
vt 0.131714 0.146484
vt 0.975586 0.076172
vt 0.069824 0.810303
vt 0.456543 0.161133
vt 0.212524 0.013184
vt 0.214111 0.013672
vt 0.878418 0.074219
vt 0.900879 0.759888
vt 0.847656 0.848267
vt 0.064392 0.092285
vt 0.402344 0.666260
vt 0.907715 0.173340
vt 0.194946 0.825562
vt 0.566895 0.894348
vt 0.322998 0.234375
vt 0.835938 0.248535
vt 0.852539 0.252930
vt 0.482910 0.768677
vt 0.727539 0.590088
vt 0.372559 0.868042
vt 0.557617 0.109863
vt 0.307617 0.070312
vt 0.573242 0.979630
vt 0.887695 0.153809
vt 0.245728 0.321289
vt 0.653809 0.215332
vt 0.789062 0.730225
vt 0.155029 0.414551
vt 0.948242 0.446777
vt 0.544922 0.903503
vt 0.577637 0.077637
vt 0.374023 0.153809
vt 0.290283 0.921143
vt 0.295898 0.918152
vt 0.881348 0.718262
vt 0.122620 0.952332
vt 0.030029 0.557861
vt 0.879395 0.342285
vt 0.026047 0.555420
vt 0.026550 0.551025
vt 0.496582 0.389648
vt 0.008179 0.508545
vt 0.014900 0.512695
vt 0.307373 0.976532
vt 0.481445 0.765259
vt 0.166016 0.915833
vt 0.163696 0.405762
vt 0.457275 0.424316
vt 0.467041 0.429688
vt 0.052734 0.651367
vt 0.041077 0.341797
vt 0.604980 0.988335
vt 0.599121 0.969910
vt 0.627441 0.972855
vt 0.994629 0.655029
vt 0.514648 0.204590
vt 0.008423 0.745361
vt 0.289307 0.925476
vt 0.040039 0.474609
vt 0.044495 0.468750
vt 0.740723 0.005859
vt 0.079712 0.828491
vt 0.010643 0.749268
vt 0.624023 0.616699
vt 0.910156 0.732178
vt 0.820312 0.783447
vt 0.091980 0.303223
vt 0.815918 0.737305
vt 0.188843 0.601807
vt 0.470215 0.631348
vt 0.303955 0.912292
vt 0.456299 0.969604
vt 0.479736 0.963776
vt 0.460693 0.991447
vt 0.639648 0.665771
vt 0.041626 0.115234
vt 0.097595 0.325195
vt 0.492920 0.957397
vt 0.841797 0.855225
vt 0.078369 0.984779
vt 0.449463 0.369141
vt 0.287598 0.221191
vt 0.562500 0.772949
vt 0.543457 0.764038
vt 0.570312 0.761230
vt 0.401611 0.572021
vt 0.958008 0.877625
vt 0.985840 0.500488
vt 0.058167 0.517578
vt 0.199829 0.157715
vt 0.491699 0.307617
vt 0.426270 0.277832
vt 0.377686 0.126953
vt 0.348145 0.602783
vt 0.562012 0.173340
vt 0.448242 0.914856
vt 0.974121 0.616943
vt 0.895508 0.623779
vt 0.129639 0.803101
vt 0.337402 0.204102
vt 0.934082 0.768188
vt 0.782715 0.105469
vt 0.216797 0.411621
vt 0.787109 0.237793
vt 0.258057 0.187500
vt 0.530273 0.864868
vt 0.018112 0.516113
vt 0.724121 0.905029
vt 0.002077 0.982269
vt 0.019379 0.292480
vt 0.195068 0.496582
vt 0.321777 0.802490
vt 0.395996 0.031250
vt 0.516602 0.312012
vt 0.925293 0.715332
vt 0.428955 0.253418
vt 0.437988 0.020020
vt 0.042084 0.104980
vt 0.270264 0.146484
vt 0.453369 0.226562
vt 0.518066 0.316406
vt 0.935547 0.285645
vt 0.140747 0.334961
vt 0.581055 0.562744
vt 0.493408 0.067871
vt 0.196899 0.472168
vt 0.580566 0.888611
vt 0.113159 0.224609
vt 0.592773 0.282715
vt 0.514648 0.598389
vt 0.392090 0.832153
vt 0.926270 0.185547
vt 0.941895 0.648193
vt 0.883789 0.727051
vt 0.482178 0.063477
vt 0.577148 0.333496
vt 0.248169 0.674072
vt 0.534668 0.445312
vt 0.322510 0.448730
vt 0.630371 0.704834
vt 0.623535 0.702393
vt 0.937500 0.198242
vt 0.362305 0.077148
vt 0.098450 0.915039
vt 0.409912 0.199707
vt 0.308594 0.600098
vt 0.957031 0.243652
vt 0.032715 0.806641
vt 0.894043 0.613037
vt 0.732422 0.814087
vt 0.746582 0.009766
vt 0.584961 0.884338
vt 0.776367 0.671143
vt 0.952637 0.832153
vt 0.394287 0.966064
vt 0.922852 0.082520
vt 0.988281 0.027344
vt 0.968750 0.041504
vt 0.584961 0.929138
vt 0.956055 0.301270
vt 0.272461 0.715088
vt 0.911133 0.187012
vt 0.357422 0.072754
vt 0.185669 0.582764
vt 0.987793 0.793335
vt 0.938477 0.974182
vt 0.905273 0.087402
vt 0.075317 0.356445
vt 0.031342 0.356445
vt 0.056854 0.346680
vt 0.184082 0.363281
vt 0.502930 0.392578
vt 0.447998 0.613037
vt 0.314209 0.425293
vt 0.780762 0.461426
vt 0.436279 0.248047
vt 0.161255 0.762695
vt 0.801758 0.305664
vt 0.841309 0.180664
vt 0.950684 0.869141
vt 0.952637 0.619629
vt 0.624512 0.229492
vt 0.954590 0.886475
vt 0.368652 0.262207
vt 0.112305 0.028320
vt 0.112305 0.000977
vt 0.135132 0.004883
vt 0.636230 0.807617
vt 0.380371 0.126465
vt 0.408691 0.666992
vt 0.541504 0.993252
vt 0.239136 0.012695
vt 0.544922 0.865845
vt 0.869629 0.676025
vt 0.949707 0.866699
vt 0.633301 0.003906
vt 0.082092 0.176758
vt 0.999023 0.640869
vt 0.908203 0.187988
vt 0.902344 0.660645
vt 0.117676 0.128906
vt 0.247925 0.341797
vt 0.007149 0.655762
vt 0.996582 0.601318
vt 0.974121 0.368164
vt 0.066162 0.803223
vt 0.106628 0.737305
vt 0.947754 0.886536
vt 0.161743 0.430176
vt 0.055023 0.169434
vt 0.999512 0.447754
vt 0.999512 0.457031
vt 0.993652 0.452637
vt 0.983887 0.615723
vt 0.720215 0.635254
vt 0.190796 0.000488
vt 0.243652 0.018555
vt 0.243652 0.002930
vt 0.262939 0.009277
vt 0.871094 0.877563
vt 0.416504 0.869385
vt 0.726074 0.634033
vt 0.850586 0.664551
vt 0.111572 0.842407
vt 0.324707 0.250000
vt 0.465820 0.449707
vt 0.094055 0.605225
vt 0.012611 0.565430
vt 0.502441 0.039062
vt 0.534668 0.583740
s 1
usemtl Material
f 1/1/1 2/2/2 3/3/3
f 4/4/4 5/5/5 2/6/2
f 2/6/2 5/5/5 6/7/6
f 2/2/2 6/8/6 3/3/3
f 1/9/1 4/4/4 2/6/2
f 7/10/7 8/11/8 9/12/9
f 8/11/8 10/13/10 9/12/9
f 9/12/9 11/14/11 7/10/7
f 12/15/12 9/12/9 10/13/10
f 13/16/13 14/17/14 15/18/15
f 16/19/16 14/17/14 17/20/17
f 14/17/14 13/16/13 17/20/17
f 18/21/18 19/22/19 20/23/20
f 20/24/20 21/25/21 18/26/18
f 21/25/21 20/24/20 22/27/22
f 23/28/23 24/29/24 25/30/25
f 26/31/26 24/29/24 27/32/27
f 28/33/28 26/31/26 27/32/27
f 25/30/25 24/29/24 29/34/29
f 24/29/24 26/31/26 29/34/29
f 30/35/30 31/36/31 32/37/32
f 33/38/33 32/37/32 31/36/31
f 30/35/30 34/39/34 31/36/31
f 35/40/35 30/35/30 32/37/32
f 36/41/36 37/42/37 38/43/38
f 39/44/39 36/41/36 38/43/38
f 39/45/39 38/46/38 40/47/40
f 41/48/41 42/49/42 43/50/43
f 43/50/43 44/51/44 41/48/41
f 45/52/45 46/53/46 47/54/47
f 48/55/48 49/56/49 50/57/50
f 49/56/49 51/58/51 52/59/52
f 49/56/49 52/59/52 50/57/50
f 53/60/53 54/61/54 55/62/55
f 56/63/56 53/60/53 55/62/55
f 57/64/57 58/65/58 59/66/59
f 60/67/60 58/65/58 57/64/57
f 61/68/61 62/69/62 63/70/63
f 64/71/64 65/72/65 62/69/62
f 63/70/63 62/69/62 65/72/65
f 66/73/66 65/72/65 64/71/64
f 67/74/67 63/70/63 65/72/65
f 61/68/61 63/70/63 68/75/68
f 61/68/61 69/76/69 62/69/62
f 62/69/62 69/76/69 64/71/64
f 70/77/70 71/78/71 72/79/72
f 73/80/73 70/77/70 72/79/72
f 71/78/71 74/81/74 72/79/72
f 70/77/70 75/82/75 71/78/71
f 76/83/76 71/78/71 75/82/75
f 77/84/77 8/11/8 78/85/78
f 79/86/79 80/87/80 81/88/81
f 82/89/82 83/90/83 84/91/84
f 85/92/85 86/93/86 87/94/87
f 88/95/88 89/96/89 90/97/90
f 91/98/91 92/99/92 93/100/93
f 94/101/94 95/102/95 96/103/96
f 94/101/94 96/103/96 97/104/97
f 98/105/98 99/106/99 100/107/100
f 98/105/98 100/107/100 101/108/101
f 102/109/102 103/110/103 104/111/104
f 105/112/105 106/113/106 107/114/107
f 108/115/108 109/116/109 110/117/110
f 111/118/111 112/119/112 113/120/113
f 114/121/114 115/122/115 116/123/116
f 117/124/117 118/125/118 119/126/119
f 120/127/120 121/128/121 122/129/122
f 123/130/123 124/131/124 125/132/125
f 126/133/126 127/134/127 128/135/128
f 129/136/129 130/137/130 131/138/131
f 132/139/132 129/136/129 131/138/131
f 133/140/133 134/141/134 135/142/135
f 136/143/136 137/144/137 138/145/138
f 139/146/139 140/147/140 141/148/141
f 142/149/142 143/150/143 144/151/144
f 145/152/145 146/153/146 147/154/147
f 148/155/148 149/156/149 150/157/150
f 151/158/151 152/159/152 153/160/153
f 154/161/154 155/162/155 156/163/156
f 157/164/157 158/165/158 159/166/159
f 160/167/160 161/168/161 162/169/162
f 163/170/163 164/171/164 165/172/165
f 166/173/166 167/174/167 168/175/168
f 169/176/169 170/177/170 171/178/171
f 172/179/172 173/180/173 174/181/174
f 175/182/175 176/183/176 177/184/177
f 178/185/178 175/182/175 177/184/177
f 179/186/179 180/187/180 181/188/181
f 182/189/182 183/190/183 184/191/184
f 185/192/185 186/193/186 187/194/187
f 188/195/188 189/196/189 190/197/190
f 191/198/191 192/199/192 193/200/193
f 168/201/168 194/202/194 88/95/88
f 195/203/195 6/7/6 196/204/196
f 197/205/197 198/206/198 180/207/180
f 199/208/199 200/209/200 201/210/201
f 202/211/202 203/212/203 204/213/204
f 205/214/205 206/215/206 207/216/207
f 208/217/208 209/218/209 210/219/210
f 211/220/211 212/221/212 213/222/213
f 214/223/214 215/224/215 216/225/216
f 217/226/217 218/227/218 219/228/219
f 220/229/220 221/230/221 222/231/222
f 223/232/223 224/233/224 225/234/225
f 226/235/226 227/236/227 228/237/228
f 229/238/229 230/239/230 231/240/231
f 229/238/229 231/240/231 232/241/232
f 233/242/233 234/243/234 235/244/235
f 236/245/236 237/246/237 238/247/238
f 239/248/239 236/245/236 238/247/238
f 240/249/240 241/250/241 231/240/231
f 242/251/242 243/252/243 244/253/244
f 245/254/245 246/255/246 247/256/247
f 248/257/248 249/258/249 250/259/250
f 248/257/248 250/259/250 251/260/251
f 252/261/252 253/262/253 254/263/254
f 255/264/255 256/265/256 257/266/257
f 258/267/258 259/268/259 1/1/1
f 260/269/260 261/270/261 262/271/262
f 263/272/263 264/273/264 265/274/265
f 266/275/266 267/276/267 268/277/268
f 269/278/269 270/279/270 271/280/271
f 272/281/272 273/282/273 274/283/274
f 275/284/275 276/285/276 277/286/277
f 278/287/278 279/288/279 280/289/280
f 271/280/271 270/279/270 281/290/281
f 282/291/282 111/118/111 113/120/113
f 283/292/283 284/293/284 285/294/285
f 286/295/286 287/296/287 288/297/288
f 289/298/289 290/299/290 291/300/291
f 292/301/292 293/302/293 294/303/294
f 295/304/295 296/305/296 297/306/297
f 298/307/298 299/308/299 300/309/300
f 301/310/301 302/311/302 303/312/303
f 304/313/304 305/314/305 306/315/306
f 307/316/307 308/317/308 309/318/309
f 310/319/310 311/320/311 312/321/312
f 313/322/313 314/323/314 315/324/315
f 316/325/316 317/326/317 318/327/318
f 319/328/319 320/329/320 321/330/321
f 322/331/322 323/332/323 324/333/324
f 325/334/325 326/335/326 327/336/327
f 328/337/328 329/338/329 330/339/330
f 331/340/331 332/341/332 333/342/333
f 334/343/334 335/344/335 215/224/215
f 336/345/336 337/346/337 338/347/338
f 339/348/339 336/345/336 338/347/338
f 340/349/340 341/350/341 342/351/342
f 343/352/343 344/353/344 345/354/345
f 346/355/346 347/356/347 348/357/348
f 349/358/349 350/359/350 351/360/351
f 352/361/352 353/362/353 354/363/354
f 355/364/355 70/365/70 73/366/73
f 356/367/356 357/368/357 358/369/358
f 356/367/356 358/369/358 359/370/359
f 360/371/360 361/372/361 362/373/362
f 363/374/363 364/375/364 365/376/365
f 366/377/366 367/378/367 368/379/368
f 369/380/369 370/381/370 371/382/371
f 372/383/372 373/384/373 374/385/374
f 375/386/375 376/387/376 377/388/377
f 378/389/378 379/390/379 380/391/380
f 381/392/381 382/393/382 383/394/383
f 384/395/384 385/396/385 386/397/386
f 387/398/387 388/399/388 389/400/389
f 390/401/390 391/402/391 392/403/392
f 248/257/248 393/404/393 249/258/249
f 394/405/394 395/406/395 396/407/396
f 397/408/397 398/409/398 399/410/399
f 400/411/400 401/412/401 402/413/402
f 403/414/403 404/415/404 405/416/405
f 406/417/406 407/418/407 408/419/408
f 409/420/409 410/421/410 411/422/411
f 412/423/412 413/424/413 414/425/414
f 415/426/415 416/427/416 417/428/417
f 418/429/418 419/430/419 420/431/420
f 421/432/421 422/433/422 423/434/423
f 424/435/424 425/436/425 426/437/426
f 427/438/427 428/439/428 429/440/429
f 427/438/427 429/440/429 430/441/430
f 431/442/431 432/443/432 433/444/433
f 432/445/432 267/276/267 434/446/434
f 435/447/435 436/448/436 437/449/437
f 438/450/438 439/451/439 440/452/440
f 441/453/441 442/454/442 443/455/443
f 441/453/441 443/455/443 444/456/444
f 250/259/250 249/258/249 445/457/445
f 300/458/300 446/459/446 447/460/447
f 448/461/448 449/462/449 221/463/221
f 448/464/448 221/230/221 220/229/220
f 450/465/450 451/466/451 452/467/452
f 450/465/450 452/467/452 453/468/453
f 454/469/454 278/470/278 455/471/455
f 456/472/456 457/473/457 458/474/458
f 389/475/389 459/476/459 460/477/460
f 461/478/461 462/479/462 404/415/404
f 463/480/463 464/481/464 465/482/465
f 466/483/466 467/484/467 468/485/468
f 469/486/469 470/487/470 471/488/471
f 472/489/472 473/490/473 474/491/474
f 472/489/472 474/491/474 475/492/475
f 476/493/476 477/494/477 478/495/478
f 479/496/479 480/497/480 481/498/481
f 482/499/482 483/500/483 484/501/484
f 485/502/485 486/503/486 487/504/487
f 488/505/488 489/506/489 490/507/490
f 491/508/491 492/509/492 493/510/493
f 494/511/494 495/512/495 496/513/496
f 497/514/497 498/515/498 499/516/499
f 500/517/500 501/518/501 502/519/502
f 503/520/503 504/521/504 505/522/505
f 506/523/506 507/524/507 508/525/508
f 509/526/509 510/527/510 511/528/511
f 509/526/509 511/528/511 512/529/512
f 513/530/513 514/531/514 515/532/515
f 516/533/516 514/534/514 517/535/517
f 518/536/518 519/537/519 520/538/520
f 521/539/521 522/540/522 308/317/308
f 523/541/523 524/542/524 525/543/525
f 526/544/526 527/545/527 528/546/528
f 529/547/529 530/548/530 531/549/531
f 532/550/532 533/551/533 534/552/534
f 535/553/535 536/554/536 537/555/537
f 535/556/535 537/557/537 538/558/538
f 539/559/539 540/560/540 541/561/541
f 64/71/64 69/76/69 542/562/542
f 543/563/543 544/564/544 545/565/545
f 546/566/546 543/563/543 545/565/545
f 547/567/547 548/568/548 549/569/549
f 550/570/550 551/571/551 552/572/552
f 553/573/553 554/574/554 555/575/555
f 556/576/556 557/577/557 558/578/558
f 559/579/559 560/580/560 561/581/561
f 562/582/562 563/583/563 564/584/564
f 565/585/565 566/586/566 567/587/567
f 568/588/568 516/533/516 569/589/569
f 570/590/570 571/591/571 572/592/572
f 573/593/573 574/594/574 575/595/575
f 576/596/576 577/597/577 578/598/578
f 17/599/17 579/600/579 580/601/580
f 581/602/581 582/603/582 583/604/583
f 436/448/436 584/605/584 585/606/585
f 586/607/586 587/608/587 588/609/588
f 589/610/589 590/611/590 591/612/591
f 592/613/592 593/614/593 594/615/594
f 595/616/595 596/617/596 597/618/597
f 598/619/598 599/620/599 600/621/600
f 601/622/601 602/623/602 603/624/603
f 604/625/604 605/626/605 463/480/463
f 606/627/606 607/628/607 449/462/449
f 608/629/608 606/627/606 449/462/449
f 400/630/400 609/631/609 401/632/401
f 17/20/17 13/16/13 579/633/579
f 610/634/610 611/635/611 612/636/612
f 613/637/613 614/638/614 615/639/615
f 616/640/616 613/637/613 615/639/615
f 617/641/617 618/642/618 619/643/619
f 620/644/620 621/645/621 622/646/622
f 623/647/623 624/648/624 625/649/625
f 421/432/421 626/650/626 422/433/422
f 627/651/627 628/652/628 629/653/629
f 630/654/630 631/655/631 632/656/632
f 551/657/551 633/658/633 634/659/634
f 635/660/635 636/661/636 637/662/637
f 638/663/638 639/664/639 640/665/640
f 641/666/641 642/667/642 643/668/643
f 641/666/641 643/668/643 644/669/644
f 645/670/645 407/418/407 646/671/646
f 314/672/314 647/673/647 648/674/648
f 314/672/314 648/674/648 649/675/649
f 259/268/259 650/676/650 1/1/1
f 651/677/651 652/678/652 653/679/653
f 265/680/265 264/681/264 654/682/654
f 655/683/655 656/684/656 657/685/657
f 655/686/655 657/687/657 658/688/658
f 538/558/538 659/689/659 660/690/660
f 661/691/661 662/692/662 663/693/663
f 661/691/661 663/693/663 664/694/664
f 665/695/665 114/121/114 116/123/116
f 666/696/666 665/695/665 116/123/116
f 667/697/667 668/698/668 669/699/669
f 484/700/484 670/701/670 671/702/671
f 672/703/672 673/704/673 674/705/674
f 675/706/675 676/707/676 677/708/677
f 678/709/678 679/710/679 680/711/680
f 681/712/681 682/713/682 683/714/683
f 684/715/684 685/716/685 686/717/686
f 494/511/494 687/718/687 688/719/688
f 689/720/689 690/721/690 691/722/691
f 692/723/692 693/724/693 694/725/694
f 695/726/695 117/124/117 119/126/119
f 695/727/695 119/728/119 696/729/696
f 697/730/697 698/731/698 699/732/699
f 700/733/700 307/316/307 309/318/309
f 701/734/701 702/735/702 424/736/424
f 703/737/703 633/658/633 704/738/704
f 705/739/705 706/740/706 707/741/707
f 708/742/708 709/743/709 710/744/710
f 711/745/711 712/746/712 713/747/713
f 714/748/714 715/749/715 716/750/716
f 714/751/714 716/752/716 501/518/501
f 717/753/717 718/754/718 719/755/719
f 720/756/720 721/757/721 722/758/722
f 723/759/723 724/760/724 725/761/725
f 726/762/726 727/763/727 728/764/728
f 729/765/729 726/762/726 728/764/728
f 730/766/730 731/767/731 732/768/732
f 733/769/733 730/766/730 732/768/732
f 734/770/734 735/771/735 736/772/736
f 737/773/737 738/774/738 739/775/739
f 740/776/740 245/254/245 741/777/741
f 742/778/742 743/779/743 744/780/744
f 745/781/745 746/782/746 747/783/747
f 748/784/748 526/785/526 749/786/749
f 750/787/750 751/788/751 752/789/752
f 753/790/753 506/523/506 508/525/508
f 753/791/753 508/792/508 754/793/754
f 443/455/443 755/794/755 756/795/756
f 757/796/757 758/797/758 759/798/759
f 757/796/757 759/798/759 760/799/760
f 761/800/761 677/708/677 762/801/762
f 763/802/763 764/803/764 765/804/765
f 766/805/766 767/806/767 768/807/768
f 255/808/255 769/809/769 770/810/770
f 771/811/771 772/812/772 669/699/669
f 771/811/771 669/699/669 773/813/773
f 774/814/774 775/815/775 776/816/776
f 777/817/777 778/818/778 775/819/775
f 417/428/417 416/427/416 779/820/779
f 780/821/780 252/822/252 781/823/781
f 782/824/782 783/825/783 784/826/784
f 785/827/785 786/828/786 787/829/787
f 788/830/788 789/831/789 790/832/790
f 791/833/791 788/834/788 790/835/790
f 792/836/792 793/837/793 794/838/794
f 795/839/795 462/840/462 796/841/796
f 797/842/797 465/843/465 798/844/798
f 677/708/677 799/845/799 762/801/762
f 357/846/357 800/847/800 801/848/801
f 802/849/802 803/850/803 211/220/211
f 802/849/802 211/220/211 213/222/213
f 804/851/804 805/852/805 806/853/806
f 807/854/807 808/855/808 809/856/809
f 810/857/810 619/643/619 811/858/811
f 812/859/812 810/857/810 811/858/811
f 813/860/813 814/861/814 815/862/815
f 816/863/816 817/864/817 818/865/818
f 819/866/819 820/867/820 821/868/821
f 822/869/822 823/870/823 824/871/824
f 825/872/825 826/873/826 827/874/827
f 828/875/828 829/876/829 364/375/364
f 830/877/830 831/878/831 832/879/832
f 833/880/833 834/881/834 835/882/835
f 460/883/460 836/884/836 837/885/837
f 838/886/838 839/887/839 840/888/840
f 841/889/841 842/890/842 843/891/843
f 844/892/844 845/893/845 846/894/846
f 847/895/847 848/896/848 849/897/849
f 850/898/850 666/899/666 851/900/851
f 306/315/306 852/901/852 853/902/853
f 854/903/854 855/904/855 856/905/856
f 857/906/857 858/907/858 859/908/859
f 860/909/860 861/910/861 862/911/862
f 863/912/863 864/913/864 865/914/865
f 866/915/866 863/916/863 865/917/865
f 742/778/742 744/780/744 867/918/867
f 868/919/868 869/920/869 870/921/870
f 871/922/871 165/172/165 468/923/468
f 872/924/872 871/925/871 468/485/468
f 873/926/873 874/927/874 875/928/875
f 876/929/876 761/800/761 762/801/762
f 877/930/877 878/931/878 879/932/879
f 243/252/243 880/933/880 881/934/881
f 882/935/882 710/936/710 883/937/883
f 884/938/884 885/939/885 886/940/886
f 887/941/887 888/942/888 889/943/889
f 890/944/890 891/945/891 892/946/892
f 893/947/893 894/948/894 895/949/895
f 896/950/896 897/951/897 898/952/898
f 899/953/899 900/954/900 37/42/37
f 901/955/901 902/956/902 903/957/903
f 904/958/904 905/959/905 906/960/906
f 907/961/907 904/958/904 906/960/906
f 908/962/908 909/963/909 910/964/910
f 911/965/911 912/966/912 913/967/913
f 914/968/914 915/969/915 916/970/916
f 917/971/917 918/972/918 919/973/919
f 920/974/920 526/544/526 528/546/528
f 350/359/350 921/975/921 884/938/884
f 922/976/922 923/977/923 924/978/924
f 925/979/925 926/980/926 927/981/927
f 928/982/928 929/983/929 930/984/930
f 931/985/931 932/986/932 933/987/933
f 739/775/739 934/988/934 737/773/737
f 935/989/935 523/541/523 525/543/525
f 935/989/935 525/543/525 936/990/936
f 937/991/937 938/992/938 939/993/939
f 940/994/940 534/995/534 533/996/533
f 941/997/941 502/998/502 939/993/939
f 666/696/666 942/999/942 851/1000/851
f 943/1001/943 944/1002/944 945/1003/945
f 946/1004/946 947/1005/947 948/1006/948
f 946/1004/946 948/1006/948 949/1007/949
f 950/1008/950 951/1009/951 952/1010/952
f 953/1011/953 954/1012/954 946/1004/946
f 955/1013/955 956/1014/956 957/1015/957
f 958/1016/958 959/1017/959 960/1018/960
f 961/1019/961 962/1020/962 184/191/184
f 963/1021/963 964/1022/964 965/1023/965
f 966/1024/966 967/1025/967 317/1026/317
f 968/1027/968 7/10/7 11/14/11
f 508/792/508 969/1028/969 970/1029/970
f 787/829/787 971/1030/971 972/1031/972
f 973/1032/973 974/1033/974 975/1034/975
f 976/1035/976 977/1036/977 978/1037/978
f 976/1035/976 978/1037/978 979/1038/979
f 980/1039/980 981/1040/981 982/1041/982
f 983/1042/983 984/1043/984 985/1044/985
f 986/1045/986 987/1046/987 988/1047/988
f 989/1048/989 986/1045/986 988/1047/988
f 990/1049/990 991/1050/991 992/1051/992
f 993/1052/993 994/1053/994 995/1054/995
f 996/1055/996 334/1056/334 215/1057/215
f 997/1058/997 998/1059/998 999/1060/999
f 997/1058/997 999/1060/999 1000/1061/1000
f 1001/1062/1001 1002/1063/1002 1003/1064/1003
f 1004/1065/1004 1005/1066/1005 1006/1067/1006
f 1007/1068/1007 1008/1069/1008 1009/1070/1009
f 1010/1071/1010 1011/1072/1011 1012/1073/1012
f 1013/1074/1013 1014/1075/1014 1015/1076/1015
f 1016/1077/1016 1017/1078/1017 1018/1079/1018
f 1019/1080/1019 1020/1081/1020 1021/1082/1021
f 1022/1083/1022 861/910/861 1023/1084/1023
f 1024/1085/1024 158/165/158 1025/1086/1025
f 1026/1087/1026 969/1088/969 1027/1089/1027
f 845/893/845 1028/1090/1028 846/894/846
f 1029/1091/1029 1030/1092/1030 923/1093/923
f 1031/1094/1031 601/1095/601 1032/1096/1032
f 852/901/852 1033/1097/1033 786/828/786
f 312/321/312 1034/1098/1034 1035/1099/1035
f 244/253/244 1036/1100/1036 1037/1101/1037
f 1015/1076/1015 1038/1102/1038 1039/1103/1039
f 1040/1104/1040 1041/1105/1041 1042/1106/1042
f 1043/1107/1043 1044/1108/1044 1045/1109/1045
f 1043/1107/1043 1045/1109/1045 1046/1110/1046
f 1047/1111/1047 1048/1112/1048 1049/1113/1049
f 1050/1114/1050 363/1115/363 365/1116/365
f 1051/1117/1051 1052/1118/1052 1053/1119/1053
f 320/1120/320 1054/1121/1054 1055/1122/1055
f 724/760/724 1056/1123/1056 1057/1124/1057
f 1058/1125/1058 1059/1126/1059 1060/1127/1060
f 970/1029/970 754/793/754 508/792/508
f 1061/1128/1061 1062/1129/1062 1063/1130/1063
f 1064/1131/1064 1065/1132/1065 1066/1133/1066
f 1067/1134/1067 1068/1135/1068 1069/1136/1069
f 1070/1137/1070 1067/1134/1067 1069/1136/1069
f 1018/1138/1018 1017/1139/1017 1071/1140/1071
f 1072/1141/1072 1073/1142/1073 1074/1143/1074
f 533/551/533 1075/1144/1075 1076/1145/1076
f 1077/1146/1077 1078/1147/1078 1079/1148/1079
f 1080/1149/1080 1081/1150/1081 1082/1151/1082
f 1083/1152/1083 1084/1153/1084 1085/1154/1085
f 1083/1152/1083 1085/1154/1085 1086/1155/1086
f 1087/1156/1087 1088/1157/1088 1034/1098/1034
f 1089/1158/1089 1090/1159/1090 1091/1160/1091
f 1089/1161/1089 1091/1162/1091 1092/1163/1092
f 1093/1164/1093 1094/1165/1094 1095/1166/1095
f 1096/1167/1096 1097/1168/1097 1098/1169/1098
f 1099/1170/1099 1100/1171/1100 825/872/825
f 1101/1172/1101 1102/1173/1102 1103/1174/1103
f 1104/1175/1104 139/146/139 1105/1176/1105
f 1106/1177/1106 1107/1178/1107 1108/1179/1108
f 1109/1180/1109 1110/1181/1110 1111/1182/1111
f 1112/1183/1112 1113/1184/1113 1114/1185/1114
f 1115/1186/1115 919/973/919 1116/1187/1116
f 1117/1188/1117 1118/1189/1118 1119/1190/1119
f 11/14/11 9/12/9 12/15/12
f 1120/1191/1120 1121/1192/1121 1122/1193/1122
f 1123/1194/1123 1124/1195/1124 1125/1196/1125
f 1126/1197/1126 1127/1198/1127 1128/1199/1128
f 1061/1128/1061 1129/1200/1129 1130/1201/1130
f 1131/1202/1131 1132/1203/1132 1133/1204/1133
f 1134/1205/1134 1135/1206/1135 1136/1207/1136
f 1137/1208/1137 1138/1209/1138 1139/1210/1139
f 1140/1211/1140 1141/1212/1141 540/1213/540
f 1142/1214/1142 1140/1215/1140 540/1216/540
f 1143/1217/1143 1144/1218/1144 1145/1219/1145
f 1146/1220/1146 1147/1221/1147 1148/1222/1148
f 1149/1223/1149 148/1224/148 1150/1225/1150
f 343/352/343 694/725/694 1151/1226/1151
f 1152/1227/1152 1153/1228/1153 1154/1229/1154
f 1155/1230/1155 1156/1231/1156 1157/1232/1157
f 1155/1230/1155 1157/1232/1157 137/1233/137
f 726/762/726 454/469/454 727/763/727
f 656/1234/656 1158/1235/1158 1159/1236/1159
f 656/1234/656 1159/1236/1159 657/687/657
f 1160/1237/1160 1161/1238/1161 1162/1239/1162
f 1163/1240/1163 1164/1241/1164 1165/1242/1165
f 1166/1243/1166 1167/1244/1167 1168/1245/1168
f 1169/1246/1169 1170/1247/1170 1171/1248/1171
f 1172/1249/1172 1173/1250/1173 1174/1251/1174
f 1175/1252/1175 1176/1253/1176 1177/1254/1177
f 1178/1255/1178 1179/1256/1179 1180/1257/1180
f 1181/1258/1181 1026/1259/1026 1182/1260/1182
f 1001/1261/1001 1003/1262/1003 1183/1263/1183
f 198/1264/198 197/1265/197 1184/1266/1184
f 1185/1267/1185 1186/1268/1186 1187/1269/1187
f 1188/1270/1188 1173/1250/1173 1189/1271/1189
f 1026/1087/1026 1027/1089/1027 1000/1061/1000
f 1190/1272/1190 1191/1273/1191 1192/1274/1192
f 1193/1275/1193 1194/1276/1194 1195/1277/1195
f 1196/1278/1196 1197/1279/1197 1198/1280/1198
f 984/1043/984 1199/1281/1199 1200/1282/1200
f 589/610/589 591/612/591 1201/1283/1201
f 1202/1284/1202 1203/1285/1203 325/1286/325
f 1204/1287/1204 1205/1288/1205 750/1289/750
f 313/1290/313 1206/1291/1206 647/673/647
f 391/402/391 1207/1292/1207 392/403/392
f 1029/1091/1029 923/1093/923 1208/1293/1208
f 1209/1294/1209 1210/1295/1210 767/806/767
f 1211/1296/1211 1212/1297/1212 1213/1298/1213
f 29/1299/29 1214/1300/1214 1215/1301/1215
f 1216/1302/1216 1217/1303/1217 1218/1304/1218
f 1219/1305/1219 1220/1306/1220 1221/1307/1221
f 1222/1308/1222 1223/1309/1223 1224/1310/1224
f 1187/1269/1187 1186/1268/1186 1225/1311/1225
f 1226/1312/1226 1227/1313/1227 1228/1314/1228
f 1229/1315/1229 110/1316/110 1230/1317/1230
f 1231/1318/1231 1232/1319/1232 1233/1320/1233
f 1234/1321/1234 1235/1322/1235 1236/1323/1236
f 1237/1324/1237 1238/1325/1238 1239/1326/1239
f 1240/1327/1240 1241/1328/1241 1242/1329/1242
f 1132/1203/1132 1243/1330/1243 836/884/836
f 1244/1331/1244 1245/1332/1245 1246/1333/1246
f 916/1334/916 1247/1335/1247 1248/1336/1248
f 1249/1337/1249 1250/1338/1250 1251/1339/1251
f 1252/1340/1252 1215/1301/1215 1253/1341/1253
f 1252/1340/1252 1253/1341/1253 1254/1342/1254
f 1255/1343/1255 1256/1344/1256 1257/1345/1257
f 1258/1346/1258 1259/1347/1259 1260/1348/1260
f 1261/1349/1261 1262/1350/1262 1263/1351/1263
f 1264/1352/1264 1265/1353/1265 1266/1354/1266
f 1267/1355/1267 1268/1356/1268 1269/1357/1269
f 1270/1358/1270 1267/1359/1267 1269/1360/1269
f 1271/1361/1271 1272/1362/1272 1273/1363/1273
f 1274/1364/1274 1275/1365/1275 1276/1366/1276
f 1274/1364/1274 1276/1366/1276 1169/1367/1169
f 958/1016/958 1277/1368/1277 1278/1369/1278
f 1279/1370/1279 1280/1371/1280 1281/1372/1281
f 1282/1373/1282 1283/1374/1283 1284/1375/1284
f 1285/1376/1285 1067/1134/1067 1070/1137/1070
f 1286/1377/1286 1287/1378/1287 1288/1379/1288
f 1289/1380/1289 1290/1381/1290 1184/1266/1184
f 1289/1380/1289 1184/1266/1184 1291/1382/1291
f 793/837/793 1292/1383/1292 828/1384/828
f 1293/1385/1293 1294/1386/1294 1295/1387/1295
f 1296/1388/1296 1297/1389/1297 1298/1390/1298
f 1299/1391/1299 1300/1392/1300 1301/1393/1301
f 1302/1394/1302 1303/1395/1303 1304/1396/1304
f 1305/1397/1305 1306/1398/1306 1307/1399/1307
f 648/674/648 1305/1400/1305 1307/1401/1307
f 1036/1402/1036 1308/1403/1308 1309/1404/1309
f 1310/1405/1310 1311/1406/1311 1312/1407/1312
f 1313/1408/1313 1314/1409/1314 1315/1410/1315
f 1313/1408/1313 1315/1410/1315 1316/1411/1316
f 1317/1412/1317 1318/1413/1318 1319/1414/1319
f 1320/1415/1320 1321/1416/1321 1322/1417/1322
f 1323/1418/1323 1320/1415/1320 1322/1417/1322
f 1324/1419/1324 1325/1420/1325 180/187/180
f 1326/1421/1326 1327/1422/1327 1328/1423/1328
f 1329/1424/1329 1283/1374/1283 1188/1270/1188
f 1330/1425/1330 1331/1426/1331 1332/1427/1332
f 1333/1428/1333 280/289/280 279/288/279
f 1334/1429/1334 745/781/745 1335/1430/1335
f 1336/1431/1336 1337/1432/1337 1338/1433/1338
f 1339/1434/1339 1340/1435/1340 1341/1436/1341
f 1342/1437/1342 1343/1438/1343 1344/1439/1344
f 1345/1440/1345 1346/1441/1346 1347/1442/1347
f 1348/1443/1348 617/1444/617 1349/1445/1349
f 1350/1446/1350 1351/1447/1351 1124/1195/1124
f 395/1448/395 1352/1449/1352 235/244/235
f 1353/1450/1353 1354/1451/1354 1240/1327/1240
f 1355/1452/1355 1356/1453/1356 1357/1454/1357
f 1358/1455/1358 1359/1456/1359 1360/1457/1360
f 1361/1458/1361 1362/1459/1362 1363/1460/1363
f 1361/1458/1361 1363/1460/1363 1364/1461/1364
f 1365/1462/1365 1366/1463/1366 1002/1063/1002
f 1367/1464/1367 1365/1462/1365 1002/1063/1002
f 1368/1465/1368 1198/1280/1198 1369/1466/1369
f 1370/1467/1370 1371/1468/1371 1372/1469/1372
f 1373/1470/1373 1374/1471/1374 1375/1472/1375
f 1376/1473/1376 1035/1099/1035 1377/1474/1377
f 1378/1475/1378 1379/1476/1379 1380/1477/1380
f 1381/1478/1381 1382/1479/1382 1383/1480/1383
f 1384/1481/1384 1385/1482/1385 1386/1483/1386
f 1028/1090/1028 1387/1484/1387 1388/1485/1388
f 1028/1090/1028 1388/1485/1388 1389/1486/1389
f 1390/1487/1390 1391/1488/1391 143/150/143
f 1392/1489/1392 1393/1490/1393 1394/1491/1394
f 1392/1489/1392 1394/1491/1394 1395/1492/1395
f 1396/1493/1396 63/70/63 67/74/67
f 1397/1494/1397 1398/1495/1398 1399/1496/1399
f 1400/1497/1400 1401/1498/1401 1402/1499/1402
f 673/704/673 1403/1500/1403 674/705/674
f 1404/1501/1404 770/810/770 1405/1502/1405
f 1406/1503/1406 1249/1337/1249 1407/1504/1407
f 1408/1505/1408 1409/1506/1409 198/1264/198
f 1410/1507/1410 1211/1296/1211 1213/1298/1213
f 897/951/897 868/1508/868 1411/1509/1411
f 1412/1510/1412 1413/1511/1413 1414/1512/1414
f 1415/1513/1415 1416/1514/1416 1417/1515/1417
f 1179/1516/1179 1418/1517/1418 1180/1518/1180
f 22/27/22 1419/1519/1419 1248/1336/1248
f 22/27/22 1248/1336/1248 1420/1520/1420
f 1421/1521/1421 1422/1522/1422 1423/1523/1423
f 1424/1524/1424 1425/1525/1425 1426/1526/1426
f 1427/1527/1427 494/511/494 1428/1528/1428
f 1427/1527/1427 1428/1528/1428 1429/1529/1429
f 1430/1530/1430 1044/1108/1044 1043/1107/1043
f 1431/1531/1431 1432/1532/1432 1433/1533/1433
f 1434/1534/1434 1164/1241/1164 823/870/823
f 1435/1535/1435 1436/1536/1436 1437/1537/1437
f 1438/1538/1438 1439/1539/1439 1440/1540/1440
f 1441/1541/1441 1442/1542/1442 1443/1543/1443
f 1444/1544/1444 1445/1545/1445 1446/1546/1446
f 1447/1547/1447 1448/1548/1448 1449/1549/1449
f 1450/1550/1450 1451/1551/1451 136/143/136
f 1450/1550/1450 136/143/136 565/585/565
f 1452/1552/1452 1453/1553/1453 1454/1554/1454
f 1455/1555/1455 1456/1556/1456 1457/1557/1457
f 712/746/712 711/745/711 1458/1558/1458
f 1459/1559/1459 1460/1560/1460 1461/1561/1461
f 1462/1562/1462 1463/1563/1463 1464/1564/1464
f 1465/1565/1465 1466/1566/1466 1467/1567/1467
f 1468/1568/1468 1469/1569/1469 1470/1570/1470
f 1471/1571/1471 1472/1572/1472 1473/1573/1473
f 1474/1574/1474 1475/1575/1475 1340/1435/1340
f 1476/1576/1476 1477/1577/1477 1478/1578/1478
f 1479/1579/1479 1480/1580/1480 910/964/910
f 1481/1581/1481 1482/1582/1482 1483/1583/1483
f 1484/1584/1484 1485/1585/1485 1486/1586/1486
f 1487/1587/1487 1021/1588/1021 1488/1589/1488
f 1489/1590/1489 1490/1591/1490 1491/1592/1491
f 1492/1593/1492 1493/1594/1493 1494/1595/1494
f 1495/1596/1495 59/66/59 1496/1597/1496
f 1497/1598/1497 1498/1599/1498 1499/1600/1499
f 1500/1601/1500 1501/1602/1501 1502/1603/1502
f 1503/1604/1503 1504/1605/1504 1505/1606/1505
f 1506/1607/1506 1503/1608/1503 1505/1609/1505
f 1507/1610/1507 1414/1512/1414 1508/1611/1508
f 1509/1612/1509 1510/1613/1510 1511/1614/1511
f 1512/1615/1512 1513/1616/1513 1514/1617/1514
f 1515/1618/1515 1516/1619/1516 1517/1620/1517
f 1518/1621/1518 1515/1618/1515 1517/1620/1517
f 671/702/671 670/701/670 1519/1622/1519
f 1520/1623/1520 1521/1624/1521 1522/1625/1522
f 1523/1626/1523 1524/1627/1524 1525/1628/1525
f 1521/1624/1521 1526/1629/1526 51/58/51
f 1527/1630/1527 1528/1631/1528 1529/1632/1529
f 1530/1633/1530 1023/1634/1023 1531/1635/1531
f 1532/1636/1532 1533/1637/1533 1534/1638/1534
f 920/974/920 528/546/528 1535/1639/1535
f 1536/1640/1536 920/974/920 1535/1639/1535
f 1523/1626/1523 1537/1641/1537 1538/1642/1538
f 1539/1643/1539 1540/1644/1540 1541/1645/1541
f 1542/1646/1542 1543/1647/1543 1544/1648/1544
f 1545/1649/1545 1546/1650/1546 1547/1651/1547
f 1189/1271/1189 1172/1249/1172 1548/1652/1548
f 1549/1653/1549 1550/1654/1550 1551/1655/1551
f 1552/1656/1552 1553/1657/1553 1554/1658/1554
f 1552/1656/1552 1554/1658/1554 1096/1659/1096
f 1525/1628/1525 1524/1627/1524 1555/1660/1555
f 1237/1324/1237 1556/1661/1556 1557/1662/1557
f 1558/1663/1558 54/61/54 1559/1664/1559
f 1560/1665/1560 1561/1666/1561 25/30/25
f 1562/1667/1562 1563/1668/1563 1564/1669/1564
f 1562/1667/1562 1564/1669/1564 1565/1670/1565
f 1566/1671/1566 1567/1672/1567 166/1673/166
f 1568/1674/1568 1569/1675/1569 1570/1676/1570
f 1571/1677/1571 1535/1639/1535 1572/1678/1572
f 1573/1679/1573 1574/1680/1574 543/563/543
f 1575/1681/1575 1576/1682/1576 1577/1683/1577
f 1578/1684/1578 1579/1685/1579 1415/1513/1415
f 1580/1686/1580 1581/1687/1581 1582/1688/1582
f 921/975/921 1583/1689/1583 885/939/885
f 1584/1690/1584 1585/1691/1585 1586/1692/1586
f 862/911/862 1022/1083/1022 1587/1693/1587
f 1219/1694/1219 1588/1695/1588 1589/1696/1589
f 1590/1697/1590 1591/1698/1591 1592/1699/1592
f 1593/1700/1593 1594/1701/1594 1595/1702/1595
f 938/992/938 1596/1703/1596 1597/1704/1597
f 1598/1705/1598 1599/1706/1599 1600/1707/1600
f 756/795/756 755/794/755 1601/1708/1601
f 1270/1709/1270 1602/1710/1602 1267/1711/1267
f 69/76/69 61/68/61 1603/1712/1603
f 238/247/238 1604/1713/1604 1605/1714/1605
f 1606/1715/1606 1277/1368/1277 1607/1716/1607
f 1608/1717/1608 703/1718/703 1609/1719/1609
f 1610/1720/1610 1611/1721/1611 1612/1722/1612
f 1613/1723/1613 1614/1724/1614 1418/1725/1418
f 1179/1256/1179 1613/1723/1613 1418/1725/1418
f 1615/1726/1615 1616/1727/1616 1617/1728/1617
f 1618/1729/1618 1619/1730/1619 1620/1731/1620
f 1621/1732/1621 1622/1733/1622 1623/1734/1623
f 1624/1735/1624 1625/1736/1625 1626/1737/1626
f 1627/1738/1627 623/647/623 1628/1739/1628
f 104/1740/104 1255/1741/1255 1257/1742/1257
f 1629/1743/1629 1630/1744/1630 1631/1745/1631
f 1632/1746/1632 1633/1747/1633 546/566/546
f 1634/1748/1634 1152/1227/1152 1154/1229/1154
f 1635/1749/1635 1636/1750/1636 1637/1751/1637
f 1638/1752/1638 265/1753/265 654/1754/654
f 1639/1755/1639 1640/1756/1640 1641/1757/1641
f 1642/1758/1642 1643/1759/1643 1644/1760/1644
f 40/47/40 1645/1761/1645 1646/1762/1646
f 40/47/40 1646/1762/1646 1647/1763/1647
f 1648/1764/1648 1649/1765/1649 704/738/704
f 1650/1766/1650 1651/1767/1651 1652/1768/1652
f 1653/1769/1653 1654/1770/1654 1655/1771/1655
f 1656/1772/1656 1657/1773/1657 1658/1774/1658
f 1659/1775/1659 977/1776/977 1660/1777/1660
f 1661/1778/1661 1662/1779/1662 1663/1780/1663
f 1661/1778/1661 1663/1780/1663 1664/1781/1664
f 1665/1782/1665 671/1783/671 1666/1784/1666
f 1667/1785/1667 1668/1786/1668 1669/1787/1669
f 1667/1785/1667 1669/1787/1669 1670/1788/1670
f 1177/1789/1177 1671/1790/1671 1256/1791/1256
f 1672/1792/1672 1673/1793/1673 1674/1794/1674
f 1675/1795/1675 1676/1796/1676 1677/1797/1677
f 1678/1798/1678 1679/1799/1679 1680/1800/1680
f 1678/1798/1678 1680/1800/1680 682/713/682
f 1681/1801/1681 1682/1802/1682 1683/1803/1683
f 1681/1801/1681 1683/1803/1683 1684/1804/1684
f 1685/1805/1685 1686/1806/1686 1687/1807/1687
f 488/505/488 490/507/490 1688/1808/1688
f 1689/1809/1689 819/866/819 1497/1810/1497
f 254/1811/254 1690/1812/1690 1691/1813/1691
f 1692/1814/1692 1693/1815/1693 1694/1816/1694
f 928/1817/928 930/1818/930 1695/1819/1695
f 1696/1820/1696 1359/1456/1359 1697/1821/1697
f 1698/1822/1698 1699/1823/1699 242/1824/242
f 1675/1795/1675 1677/1797/1677 1700/1825/1700
f 1296/1388/1296 1701/1826/1701 1702/1827/1702
f 368/1828/368 317/326/317 316/325/316
f 1703/1829/1703 1704/1830/1704 1705/1831/1705
f 1706/1832/1706 1707/1833/1707 1708/1834/1708
f 1678/1798/1678 682/713/682 681/712/681
f 1709/1835/1709 1710/1836/1710 1711/1837/1711
f 156/163/156 1712/1838/1712 1713/1839/1713
f 1714/1840/1714 1715/1841/1715 1716/1842/1716
f 1717/1843/1717 1718/1844/1718 1719/1845/1719
f 1717/1843/1717 1719/1845/1719 1720/1846/1720
f 1721/1847/1721 1722/1848/1722 1723/1849/1723
f 1724/1850/1724 606/1851/606 1725/1852/1725
f 1344/1439/1344 1726/1853/1726 748/1854/748
f 1727/1855/1727 1728/1856/1728 1561/1666/1561
f 135/142/135 1729/1857/1729 1730/1858/1730
f 1594/1859/1594 1722/1860/1722 1731/1861/1731
f 1732/1862/1732 1733/1863/1733 1734/1864/1734
f 1735/1865/1735 1736/1866/1736 1737/1867/1737
f 1558/1663/1558 1738/1868/1738 55/62/55
f 1739/1869/1739 1740/1870/1740 1741/1871/1741
f 1742/1872/1742 1743/1873/1743 1744/1874/1744
f 1742/1872/1742 1744/1874/1744 1745/1875/1745
f 1746/1876/1746 1747/1877/1747 1748/1878/1748
f 1212/1879/1212 1749/1880/1749 1750/1881/1750
f 1076/1145/1076 1075/1144/1075 1385/1882/1385
f 1751/1883/1751 1269/1360/1269 1752/1884/1752
f 1753/1885/1753 1751/1886/1751 1752/1887/1752
f 1754/1888/1754 1755/1889/1755 1685/1805/1685
f 1754/1888/1754 1685/1805/1685 1756/1890/1756
f 482/499/482 1757/1891/1757 1650/1766/1650
f 908/962/908 1758/1892/1758 909/963/909
f 1489/1893/1489 1759/1894/1759 1760/1895/1760
f 781/1896/781 254/1811/254 1761/1897/1761
f 1762/1898/1762 728/764/728 1763/1899/1763
f 1764/1900/1764 1765/1901/1765 1766/1902/1766
f 253/262/253 1767/1903/1767 254/263/254
f 1768/1904/1768 1769/1905/1769 377/388/377
f 746/782/746 1770/1906/1770 747/783/747
f 1771/1907/1771 1558/1663/1558 1559/1664/1559
f 1772/1908/1772 1773/1909/1773 1774/1910/1774
f 704/738/704 1775/1911/1775 703/737/703
f 1776/1912/1776 1777/1913/1777 1778/1914/1778
f 1779/1915/1779 1780/1916/1780 1781/1917/1781
f 1779/1915/1779 1781/1917/1781 1515/1618/1515
f 1309/1404/1309 1782/1918/1782 1783/1919/1783
f 1784/1920/1784 1785/1921/1785 1786/1922/1786
f 1340/1435/1340 1475/1575/1475 1787/1923/1787
f 1788/1924/1788 186/1925/186 1554/1658/1554
f 1789/1926/1789 362/373/362 341/350/341
f 1341/1436/1341 1787/1923/1787 1790/1927/1790
f 1081/1928/1081 1791/1929/1791 1792/1930/1792
f 1793/1931/1793 1376/1473/1376 1377/1474/1377
f 1794/1932/1794 1795/1933/1795 1796/1934/1796
f 1797/1935/1797 1798/1936/1798 1799/1937/1799
f 1800/1938/1800 1801/1939/1801 1802/1940/1802
f 1800/1938/1800 1802/1940/1802 1803/1941/1803
f 1674/1794/1674 1804/1942/1804 1805/1943/1805
f 1806/1944/1806 1807/1945/1807 451/466/451
f 51/1946/51 1526/1947/1526 1808/1948/1808
f 1809/1949/1809 149/156/149 148/155/148
f 666/696/666 116/123/116 942/999/942
f 1810/1950/1810 1811/1951/1811 1812/1952/1812
f 1813/1953/1813 1814/1954/1814 1815/1955/1815
f 1816/1956/1816 1817/1957/1817 1818/1958/1818
f 1819/1959/1819 1503/1608/1503 1506/1607/1506
f 1340/1435/1340 1787/1923/1787 1341/1436/1341
f 1820/1960/1820 1821/1961/1821 1822/1962/1822
f 755/794/755 369/380/369 1823/1963/1823
f 51/1946/51 1824/1964/1824 1825/1965/1825
f 15/18/15 1826/1966/1826 1827/1967/1827
f 13/16/13 15/18/15 1827/1967/1827
f 1828/1968/1828 1713/1839/1713 1829/1969/1829
f 1830/1970/1830 1831/1971/1831 1832/1972/1832
f 1833/1973/1833 1830/1974/1830 1832/1975/1832
f 612/636/612 1834/1976/1834 1835/1977/1835
f 739/1978/739 1836/1979/1836 1837/1980/1837
f 1838/1981/1838 1839/1982/1839 1809/1983/1809
f 1478/1984/1478 1840/1985/1840 1841/1986/1841
f 964/1987/964 1478/1984/1478 1841/1986/1841
f 1842/1988/1842 1843/1989/1843 1844/1990/1844
f 805/852/805 590/611/590 806/853/806
f 1845/1991/1845 1846/1992/1846 1847/1993/1847
f 1848/1994/1848 1694/1816/1694 1849/1995/1849
f 1848/1994/1848 1849/1995/1849 1850/1996/1850
f 1044/1108/1044 1430/1530/1430 1851/1997/1851
f 1852/1998/1852 1044/1108/1044 1851/1997/1851
f 1853/1999/1853 1854/2000/1854 1855/2001/1855
f 1856/2002/1856 1857/2003/1857 1858/2004/1858
f 1859/2005/1859 204/213/204 1860/2006/1860
f 1078/1147/1078 1861/2007/1861 1862/2008/1862
f 1863/2009/1863 1864/2010/1864 1865/2011/1865
f 1866/2012/1866 1867/2013/1867 1868/2014/1868
f 1869/2015/1869 1870/2016/1870 1871/2017/1871
f 1872/2018/1872 1873/2019/1873 1874/2020/1874
f 1875/2021/1875 1876/2022/1876 1877/2023/1877
f 1878/2024/1878 1875/2025/1875 1877/2026/1877
f 1879/2027/1879 1880/2028/1880 1881/2029/1881
f 1882/2030/1882 1883/2031/1883 1884/2032/1884
f 1885/2033/1885 1886/2034/1886 1887/2035/1887
f 15/18/15 1888/2036/1888 1826/1966/1826
f 372/2037/372 1889/2038/1889 1890/2039/1890
f 1891/2040/1891 1892/2041/1892 1893/2042/1893
f 1769/2043/1769 1894/2044/1894 1399/2045/1399
f 1895/2046/1895 1896/2047/1896 1897/2048/1897
f 1195/1277/1195 1433/1533/1433 557/2049/557
f 1898/2050/1898 1899/2051/1899 1900/2052/1900
f 704/738/704 1649/1765/1649 1901/2053/1901
f 1902/2054/1902 1903/2055/1903 1904/2056/1904
f 1905/2057/1905 1906/2058/1906 1907/2059/1907
f 1908/2060/1908 1909/2061/1909 476/493/476
f 286/295/286 288/297/288 1910/2062/1910
f 1911/2063/1911 1912/2064/1912 1913/2065/1913
f 1914/2066/1914 1915/2067/1915 1916/2068/1916
f 1917/2069/1917 970/1029/970 1918/2070/1918
f 1919/2071/1919 1920/2072/1920 1315/2073/1315
f 1921/2074/1921 1922/2075/1922 1923/2076/1923
f 1576/2077/1576 339/348/339 799/2078/799
f 1924/2079/1924 1493/1594/1493 575/595/575
f 1925/2080/1925 1926/2081/1926 1927/2082/1927
f 1928/2083/1928 1929/2084/1929 1930/2085/1930
f 1928/2083/1928 1930/2085/1930 1931/2086/1931
f 1932/2087/1932 1933/2088/1933 1934/2089/1934
f 150/157/150 1935/2090/1935 1936/2091/1936
f 1937/2092/1937 150/157/150 1936/2091/1936
f 1938/2093/1938 1939/2094/1939 1940/2095/1940
f 77/84/77 1941/2096/1941 1942/2097/1942
f 48/2098/48 50/2099/50 1943/2100/1943
f 1944/2101/1944 1020/1081/1020 1019/1080/1019
f 1944/2102/1944 1019/2103/1019 1945/2104/1945
f 1946/2105/1946 1947/2106/1947 1087/2107/1087
f 1060/1127/1060 1948/2108/1948 1949/2109/1949
f 1950/2110/1950 1951/2111/1951 1952/2112/1952
f 1950/2110/1950 1952/2112/1952 1953/2113/1953
f 1954/2114/1954 1955/2115/1955 1956/2116/1956
f 196/204/196 5/5/5 562/582/562
f 1957/2117/1957 1336/1431/1336 1958/2118/1958
f 1959/2119/1959 1960/2120/1960 1961/2121/1961
f 1962/2122/1962 1963/2123/1963 1964/2124/1964
f 1965/2125/1965 1966/2126/1966 1967/2127/1967
f 1968/2128/1968 1969/2129/1969 1397/1494/1397
f 615/639/615 614/638/614 1970/2130/1970
f 1971/2131/1971 615/639/615 1970/2130/1970
f 1972/2132/1972 1973/2133/1973 660/690/660
f 1974/2134/1974 1847/1993/1847 1975/2135/1975
f 1452/1552/1452 1976/2136/1976 869/920/869
f 876/2137/876 1675/1795/1675 1977/2138/1977
f 1978/2139/1978 1979/2140/1979 1980/2141/1980
f 1981/2142/1981 1982/2143/1982 947/2144/947
f 1983/2145/1983 1981/2142/1981 947/2144/947
f 1984/2146/1984 431/2147/431 1051/1117/1051
f 1984/2146/1984 1051/1117/1051 1684/1804/1684
f 1985/2148/1985 1986/2149/1986 1357/1454/1357
f 1987/2150/1987 1099/1170/1099 1382/1479/1382
f 1988/2151/1988 1318/1413/1318 1989/2152/1989
f 1990/2153/1990 914/2154/914 916/1334/916
f 1991/2155/1991 583/604/583 1992/2156/1992
f 1993/2157/1993 1754/1888/1754 1756/1890/1756
f 1384/1481/1384 1386/1483/1386 1994/2158/1994
f 1995/2159/1995 1996/2160/1996 1997/2161/1997
f 1998/2162/1998 1702/2163/1702 1999/2164/1999
f 2000/2165/2000 1932/2166/1932 1934/2167/1934
f 1498/2168/1498 821/2169/821 608/629/608
f 2001/2170/2001 2002/2171/2002 2003/2172/2003
f 2004/2173/2004 2005/2174/2005 1316/1411/1316
f 2006/2175/2006 2007/2176/2007 2008/2177/2008
f 2009/2178/2009 2010/2179/2010 2011/2180/2011
f 2012/2181/2012 430/441/430 2013/2182/2013
f 2014/2183/2014 2015/2184/2015 2016/2185/2016
f 2014/2183/2014 2016/2185/2016 2017/2186/2017
f 2018/2187/2018 2019/2188/2019 736/2189/736
f 2020/2190/2020 2021/2191/2021 2022/2192/2022
f 2023/2193/2023 2020/2190/2020 2022/2192/2022
f 1630/1744/1630 2024/2194/2024 2025/2195/2025
f 2026/2196/2026 24/29/24 23/28/23
f 929/983/929 2027/2197/2027 930/984/930
f 1132/2198/1132 2028/2199/2028 2029/2200/2029
f 2030/2201/2030 2031/2202/2031 2032/2203/2032
f 2033/2204/2033 2034/2205/2034 2035/2206/2035
f 2036/2207/2036 2037/2208/2037 2038/2209/2038
f 1496/1597/1496 2039/2210/2039 2040/2211/2040
f 2041/2212/2041 2042/2213/2042 2043/2214/2043
f 2044/2215/2044 2045/2216/2045 2046/2217/2046
f 2047/2218/2047 2048/2219/2048 1164/2220/1164
f 2049/2221/2049 2050/2222/2050 2051/2223/2051
f 351/360/351 350/359/350 884/938/884
f 2052/2224/2052 2053/2225/2053 2054/2226/2054
f 2055/2227/2055 2056/2228/2056 2057/2229/2057
f 2058/2230/2058 2055/2231/2055 2057/2232/2057
f 2059/2233/2059 2060/2234/2060 2061/2235/2061
f 2062/2236/2062 2063/2237/2063 2064/2238/2064
f 2065/2239/2065 2066/2240/2066 2059/2233/2059
f 1206/2241/1206 832/879/832 2067/2242/2067
f 1206/1291/1206 2067/2243/2067 730/766/730
f 2068/2244/2068 1813/1953/1813 2069/2245/2069
f 2070/2246/2070 2068/2244/2068 2069/2245/2069
f 2071/2247/2071 1239/1326/1239 2072/2248/2072
f 2071/2247/2071 2072/2248/2072 2073/2249/2073
f 1931/2250/1931 1930/2251/1930 2074/2252/2074
f 2075/2253/2075 2076/2254/2076 310/2255/310
f 1165/1242/1165 2077/2256/2077 1163/1240/1163
f 2078/2257/2078 2079/2258/2079 2080/2259/2080
f 2081/2260/2081 1087/2261/1087 311/2262/311
f 974/1033/974 1445/1545/1445 1780/1916/1780
f 2082/2263/2082 2083/2264/2083 2084/2265/2084
f 2085/2266/2085 1531/2267/1531 2086/2268/2086
f 2085/2266/2085 2086/2268/2086 2087/2269/2087
f 1329/1424/1329 1284/1375/1284 1283/1374/1283
f 2088/2270/2088 2089/2271/2089 2090/2272/2090
f 1538/1642/1538 2091/2273/2091 2092/2274/2092
f 2093/2275/2093 135/142/135 1201/1283/1201
f 829/876/829 2094/2276/2094 2095/2277/2095
f 2096/2278/2096 2097/2279/2097 2098/2280/2098
f 2099/2281/2099 2100/2282/2100 117/124/117
f 2101/2283/2101 2099/2281/2099 117/124/117
f 740/2284/740 1342/2285/1342 749/786/749
f 759/2286/759 2102/2287/2102 760/2288/760
f 1847/1993/1847 1846/1992/1846 2103/2289/2103
f 2104/2290/2104 2105/2291/2105 857/906/857
f 838/886/838 840/888/840 2106/2292/2106
f 2107/2293/2107 838/886/838 2106/2292/2106
f 1497/2294/1497 1499/2295/1499 2108/2296/2108
f 2109/2297/2109 1497/2294/1497 2108/2296/2108
f 486/503/486 2110/2298/2110 487/504/487
f 2111/2299/2111 2112/2300/2112 1157/1232/1157
f 351/360/351 884/938/884 322/2301/322
f 2113/2302/2113 1531/1635/1531 2114/2303/2114
f 2115/2304/2115 367/378/367 366/377/366
f 1822/2305/1822 2116/2306/2116 2117/2307/2117
f 2118/2308/2118 2119/2309/2119 388/2310/388
f 2120/2311/2120 2121/2312/2121 2122/2313/2122
f 2123/2314/2123 2124/2315/2124 27/32/27
f 1103/2316/1103 2125/2317/2125 2126/2318/2126
f 2127/2319/2127 2128/2320/2128 701/734/701
f 2129/2321/2129 2130/2322/2130 1015/1076/1015
f 2131/2323/2131 402/413/402 2132/2324/2132
f 2133/2325/2133 2134/2326/2134 2135/2327/2135
f 2136/2328/2136 2137/2329/2137 2138/2330/2138
f 2139/2331/2139 2140/2332/2140 2141/2333/2141
f 1527/1630/1527 1529/1632/1529 2142/2334/2142
f 2143/2335/2143 2144/2336/2144 2145/2337/2145
f 1255/2338/1255 103/110/103 1177/1254/1177
f 1578/1684/1578 1415/1513/1415 2146/2339/2146
f 2147/2340/2147 1519/2341/1519 2148/2342/2148
f 2149/2343/2149 2150/2344/2150 2151/2345/2151
f 2152/2346/2152 1408/1505/1408 2153/2347/2153
f 2154/2348/2154 2035/2206/2035 1038/2349/1038
f 2155/2350/2155 2156/2351/2156 2157/2352/2157
f 990/2353/990 2158/2354/2158 2159/2355/2159
f 385/396/385 1119/1190/1119 313/322/313
f 2160/2356/2160 349/2357/349 2161/2358/2161
f 627/651/627 2162/2359/2162 2163/2360/2163
f 628/652/628 627/651/627 2163/2360/2163
f 2164/2361/2164 2165/2362/2165 2166/2363/2166
f 1912/2364/1912 973/1032/973 1913/2365/1913
f 2167/2366/2167 2011/2180/2011 2168/2367/2168
f 2169/2368/2169 2167/2366/2167 2168/2367/2168
f 334/2369/334 2170/2370/2170 2171/2371/2171
f 2172/2372/2172 2173/2373/2173 2174/2374/2174
f 2175/2375/2175 2176/2376/2176 2177/2377/2177
f 1538/1642/1538 1537/1641/1537 2091/2273/2091
f 2178/2378/2178 2179/2379/2179 2180/2380/2180
f 2181/2381/2181 2182/2382/2182 2183/2383/2183
f 2041/2212/2041 2184/2384/2184 2042/2213/2042
f 2185/2385/2185 2186/2386/2186 2187/2387/2187
f 2188/2388/2188 406/2389/406 2189/2390/2189
f 2190/2391/2190 2191/2392/2191 1795/1933/1795
f 1794/1932/1794 2190/2391/2190 1795/1933/1795
f 1784/1920/1784 1786/1922/1786 1416/1514/1416
f 2192/2393/2192 2193/2394/2193 2194/2395/2194
f 2195/2396/2195 2196/2397/2196 1388/1485/1388
f 2197/2398/2197 833/880/833 2198/2399/2198
f 2199/2400/2199 2200/2401/2200 2201/2402/2201
f 2202/2403/2202 2199/2400/2199 2201/2402/2201
f 553/2404/553 555/2405/555 2063/2237/2063
f 2203/2406/2203 2204/2407/2204 2205/2408/2205
f 558/2409/558 2206/2410/2206 1798/1936/1798
f 2207/2411/2207 2208/2412/2208 2209/2413/2209
f 2210/2414/2210 2211/2415/2211 2040/2416/2040
f 2212/2417/2212 2213/2418/2213 515/2419/515
f 2214/2420/2214 1089/2421/1089 1092/2422/1092
f 2214/2420/2214 1092/2422/1092 2215/2423/2215
f 2216/2424/2216 1853/1999/1853 1855/2001/1855
f 2217/2425/2217 2218/2426/2218 2219/2427/2219
f 2220/2428/2220 2221/2429/2221 2222/2430/2222
f 960/2431/960 959/2432/959 2223/2433/2223
f 2224/2434/2224 2225/2435/2225 2050/2436/2050
f 2226/2437/2226 2224/2438/2224 2050/2222/2050
f 2227/2439/2227 2228/2440/2228 2229/2441/2229
f 788/830/788 2230/2442/2230 789/831/789
f 2231/2443/2231 2232/2444/2232 2233/2445/2233
f 2234/2446/2234 2235/2447/2235 2236/2448/2236
f 1589/1696/1589 1588/1695/1588 2237/2449/2237
f 2238/2450/2238 130/2451/130 2239/2452/2239
f 2240/2453/2240 2238/2450/2238 2239/2452/2239
f 2241/2454/2241 2242/2455/2242 2243/2456/2243
f 2244/2457/2244 2245/2458/2245 2246/2459/2246
f 2247/2460/2247 2244/2461/2244 2246/2462/2246
f 2248/2463/2248 2249/2464/2249 1900/2052/1900
f 1605/1714/1605 2250/2465/2250 2251/2466/2251
f 538/558/538 660/690/660 1973/2133/1973
f 625/649/625 2252/2467/2252 2253/2468/2253
f 2254/2469/2254 145/152/145 2255/2470/2255
f 1449/2471/1449 2256/2472/2256 2257/2473/2257
f 2258/2474/2258 2259/2475/2259 2260/2476/2260
f 2261/2477/2261 282/291/282 2262/2478/2262
f 2261/2477/2261 2262/2478/2262 274/283/274
f 1554/2479/1554 185/2480/185 2263/2481/2263
f 2264/2482/2264 2265/2483/2265 2266/2484/2266
f 1355/2485/1355 2264/2482/2264 2266/2484/2266
f 1067/1134/1067 2267/2486/2267 1068/1135/1068
f 1243/1330/1243 837/885/837 836/884/836
f 2268/2487/2268 1218/1304/1218 126/133/126
f 2268/2487/2268 126/133/126 2269/2488/2269
f 2270/2489/2270 2271/2490/2271 2272/2491/2272
f 2273/2492/2273 1228/2493/1228 2274/2494/2274
f 2275/2495/2275 1315/1410/1315 2276/2496/2276
f 1415/1513/1415 1417/1515/1417 1333/2497/1333
f 2277/2498/2277 2278/2499/2278 2279/2500/2279
f 2280/2501/2280 2281/2502/2281 2282/2503/2282
f 2280/2501/2280 2282/2503/2282 2283/2504/2283
f 2284/2505/2284 545/2506/545 2285/2507/2285
f 698/2508/698 2286/2509/2286 633/658/633
f 2001/2510/2001 2287/2511/2287 1165/1242/1165
f 1620/1731/1620 480/497/480 479/496/479
f 2288/2512/2288 1620/2513/1620 479/2514/479
f 324/333/324 323/332/323 1749/2515/1749
f 2076/2254/2076 311/2262/311 310/2255/310
f 2289/2516/2289 2290/2517/2290 2291/2518/2291
f 2292/2519/2292 1570/1676/1570 2293/2520/2293
f 1197/1279/1197 2294/2521/2294 2295/2522/2295
f 2296/2523/2296 35/2524/35 2297/2525/2297
f 2107/2293/2107 2296/2523/2296 2297/2525/2297
f 2298/2526/2298 2299/2527/2299 2300/2528/2300
f 2301/2529/2301 2302/2530/2302 2303/2531/2303
f 2304/2532/2304 965/1023/965 2305/2533/2305
f 1046/2534/1046 2306/2535/2306 743/779/743
f 2307/2536/2307 1046/1110/1046 743/2537/743
f 269/278/269 2284/2505/2284 270/279/270
f 987/1046/987 2308/2538/2308 2309/2539/2309
f 2310/2540/2310 2311/2541/2311 2312/2542/2312
f 2310/2540/2310 2312/2542/2312 1963/2123/1963
f 1167/1244/1167 2313/2543/2313 2293/2544/2293
f 2314/2545/2314 2315/2546/2315 2316/2547/2316
f 2317/2548/2317 173/180/173 2318/2549/2318
f 1434/1534/1434 2319/2550/2319 2320/2551/2320
f 76/83/76 112/119/112 111/118/111
f 842/2552/842 1616/1727/1616 2321/2553/2321
f 2322/2554/2322 2323/2555/2323 2324/2556/2324
f 2325/2557/2325 2326/2558/2326 379/390/379
f 2327/2559/2327 2325/2557/2325 379/390/379
f 926/2560/926 2328/2561/2328 2329/2562/2329
f 2330/2563/2330 2331/2564/2331 2332/2565/2332
f 2333/2566/2333 2334/2567/2334 2335/2568/2335
f 2336/2569/2336 2337/2570/2337 2338/2571/2338
f 35/40/35 32/37/32 2339/2572/2339
f 2340/2573/2340 2341/2574/2341 929/983/929
f 2342/2575/2342 2343/2576/2343 2344/2577/2344
f 2345/2578/2345 2346/2579/2346 1144/1218/1144
f 36/41/36 39/44/39 2347/2580/2347
f 1422/1522/1422 1178/2581/1178 2348/2582/2348
f 2349/2583/2349 2287/2584/2287 2001/2170/2001
f 2003/2172/2003 2349/2583/2349 2001/2170/2001
f 2350/2585/2350 2351/2586/2351 2352/2587/2352
f 2353/2588/2353 2354/2589/2354 2355/2590/2355
f 2356/2591/2356 2357/2592/2357 2358/2593/2358
f 2359/2594/2359 515/532/515 514/531/514
f 2360/2595/2360 2361/2596/2361 2362/2597/2362
f 2363/2598/2363 2364/2599/2364 1848/1994/1848
f 340/349/340 342/351/342 2365/2600/2365
f 505/522/505 2366/2601/2366 2367/2602/2367
f 2368/2603/2368 2369/2604/2369 1962/2122/1962
f 2370/2605/2370 2371/2606/2371 2372/2607/2372
f 2373/2608/2373 614/638/614 2374/2609/2374
f 2206/2410/2206 2375/2610/2375 1799/1937/1799
f 2206/2410/2206 1799/1937/1799 1798/1936/1798
f 2376/2611/2376 2143/2612/2143 2377/2613/2377
f 605/626/605 2378/2614/2378 464/481/464
f 613/637/613 2379/2615/2379 2172/2616/2172
f 2134/2617/2134 953/1011/953 2380/2618/2380
f 1786/1922/1786 2381/2619/2381 1416/1514/1416
f 2382/2620/2382 2383/2621/2383 2384/2622/2384
f 2385/2623/2385 2386/2624/2386 2387/2625/2387
f 2388/2626/2388 2247/2460/2247 2246/2462/2246
f 2389/2627/2389 2298/2526/2298 2300/2528/2300
f 2390/2628/2390 2391/2629/2391 1500/1601/1500
f 2392/2630/2392 2393/2631/2393 2394/2632/2394
f 2395/2633/2395 2396/2634/2396 2024/2194/2024
f 904/2635/904 907/2636/907 2397/2637/2397
f 1154/1229/1154 1153/1228/1153 2398/2638/2398
f 1154/1229/1154 2398/2638/2398 2399/2639/2399
f 2400/2640/2400 271/2641/271 281/2642/281
f 2401/2643/2401 2402/2644/2402 1549/2645/1549
f 2403/2646/2403 2404/2647/2404 2405/2648/2405
f 2406/2649/2406 2407/2650/2407 2408/2651/2408
f 2409/2652/2409 2410/2653/2410 2411/2654/2411
f 2412/2655/2412 2413/2656/2413 2414/2657/2414
f 1151/1226/1151 694/725/694 2415/2658/2415
f 1153/1228/1153 2416/2659/2416 2417/2660/2417
f 2418/2661/2418 872/924/872 468/485/468
f 218/227/218 34/2662/34 2419/2663/2419
f 218/227/218 2419/2663/2419 2420/2664/2420
f 2421/2665/2421 457/473/457 2422/2666/2422
f 2423/2667/2423 2421/2665/2421 2422/2666/2422
f 2424/2668/2424 2110/2298/2110 1528/1631/1528
f 1778/2669/1778 2425/2670/2425 2426/2671/2426
f 2427/2672/2427 2428/2673/2428 228/237/228
f 1834/1976/1834 2429/2674/2429 772/2675/772
f 1834/1976/1834 772/2675/772 771/2676/771
f 1486/1586/1486 2430/2677/2430 2431/2678/2431
f 1963/2123/1963 678/709/678 2432/2679/2432
f 2433/2680/2433 2434/2681/2434 2435/2682/2435
f 2436/2683/2436 2437/2684/2437 2438/2685/2438
f 228/237/228 706/2686/706 2439/2687/2439
f 2440/2688/2440 2238/2450/2238 2441/2689/2441
f 1972/2690/1972 1448/2691/1448 1973/2692/1973
f 2359/2693/2359 2442/2694/2442 2212/2695/2212
f 828/1384/828 695/727/695 829/2696/829
f 89/2697/89 1796/1934/1796 2443/2698/2443
f 90/97/90 89/96/89 2443/2699/2443
f 1416/1514/1416 2444/2700/2444 1417/1515/1417
f 2445/2701/2445 2446/2702/2446 2447/2703/2447
f 2448/2704/2448 553/2404/553 2062/2236/2062
f 2372/2607/2372 1993/2157/1993 2449/2705/2449
f 2450/2706/2450 2451/2707/2451 922/976/922
f 2452/2708/2452 2453/2709/2453 1083/1152/1083
f 2454/2710/2454 75/82/75 70/77/70
f 1545/2711/1545 2455/2712/2455 2456/2713/2456
f 2457/2714/2457 2458/2715/2458 2139/2716/2139
f 825/872/825 2459/2717/2459 2460/2718/2460
f 1786/2719/1786 635/660/635 2461/2720/2461
f 227/2721/227 2462/2722/2462 2463/2723/2463
f 2464/2724/2464 2465/2725/2465 173/2726/173
f 172/179/172 2318/2549/2318 173/180/173
f 2466/2727/2466 2467/2728/2467 2468/2729/2468
f 2469/2730/2469 2470/2731/2470 484/700/484
f 2471/2732/2471 33/38/33 31/36/31
f 34/39/34 2471/2732/2471 31/36/31
f 2472/2733/2472 2473/2734/2473 2474/2735/2474
f 7/10/7 2475/2736/2475 8/11/8
f 2476/2737/2476 2477/2738/2477 2478/2739/2478
f 1976/2740/1976 2479/2741/2479 627/651/627
f 2480/2742/2480 2481/2743/2481 2482/2744/2482
f 808/855/808 2483/2745/2483 809/856/809
f 2484/2746/2484 2485/2747/2485 2486/2748/2486
f 1631/1745/1631 1439/1539/1439 1438/1538/1438
f 2487/2749/2487 1631/1745/1631 1438/1538/1438
f 2488/2750/2488 363/1115/363 1050/1114/1050
f 556/2751/556 558/2409/558 1798/1936/1798
f 2489/2752/2489 2490/2753/2490 2491/2754/2491
f 820/867/820 1725/1852/1725 821/868/821
f 2492/2755/2492 2493/2756/2493 2494/2757/2494
f 75/82/75 2495/2758/2495 2496/2759/2496
f 631/655/631 2497/2760/2497 2498/2761/2498
f 2010/2179/2010 2009/2178/2009 2499/2762/2499
f 1393/1490/1393 1392/1489/1392 2500/2763/2500
f 1393/1490/1393 2500/2763/2500 2501/2764/2501
f 2502/2765/2502 2503/2766/2503 1884/2767/1884
f 315/2768/315 314/672/314 649/675/649
f 2193/2394/2193 2504/2769/2504 2194/2395/2194
f 2505/2770/2505 1073/2771/1073 1072/2772/1072
f 2506/2773/2506 2507/2774/2507 2508/2775/2508
f 514/531/514 1966/2126/1966 2509/2776/2509
f 2455/2712/2455 2510/2777/2510 1898/2050/1898
f 2511/2778/2511 114/2779/114 665/2780/665
f 859/2781/859 858/2782/858 2512/2783/2512
f 1717/1843/1717 346/355/346 348/357/348
f 1717/1843/1717 348/357/348 2513/2784/2513
f 2115/2785/2115 366/2786/366 2514/2787/2514
f 2515/2788/2515 2298/2526/2298 2389/2627/2389
f 2516/2789/2516 2517/2790/2517 2518/2791/2518
f 2516/2789/2516 2518/2791/2518 2519/2792/2519
f 2520/2793/2520 75/2794/75 2454/2795/2454
f 212/221/212 211/220/211 655/683/655
f 1918/2070/1918 2521/2796/2521 2522/2797/2522
f 1918/2070/1918 2522/2797/2522 2523/2798/2523
f 1710/1836/1710 2524/2799/2524 536/554/536
f 2525/2800/2525 2526/2801/2526 2527/2802/2527
f 2528/2803/2528 2529/2804/2529 2530/2805/2530
f 2531/2806/2531 1314/1409/1314 1313/1408/1313
f 1162/1239/1162 2532/2807/2532 1262/1350/1262
f 2533/2808/2533 2534/2809/2534 2535/2810/2535
f 2536/2811/2536 2537/2812/2537 1599/2813/1599
f 2538/2814/2538 2539/2815/2539 91/98/91
f 233/242/233 2540/2816/2540 234/243/234
f 2541/2817/2541 2542/2818/2542 2543/2819/2543
f 2347/2820/2347 1350/2821/1350 2051/2822/2051
f 1867/2823/1867 2538/2824/2538 2544/2825/2544
f 1021/1588/1021 2545/2826/2545 1488/1589/1488
f 2546/2827/2546 2116/2306/2116 1746/2828/1746
f 2547/2829/2547 2548/2830/2548 2549/2831/2549
f 2415/2658/2415 2550/2832/2550 2551/2833/2551
f 2552/2834/2552 2553/2835/2553 2554/2836/2554
f 2552/2834/2552 2554/2836/2554 2555/2837/2555
f 2556/2838/2556 2557/2839/2557 1346/1441/1346
f 981/2840/981 1885/2841/1885 2558/2842/2558
f 2027/2197/2027 2559/2843/2559 2560/2844/2560
f 2561/2845/2561 1423/1523/1423 2562/2846/2562
f 690/2847/690 2563/2848/2563 2564/2849/2564
f 2250/2465/2250 1988/2850/1988 2565/2851/2565
f 1297/1389/1297 2566/2852/2566 1298/1390/1298
f 2567/2853/2567 1743/2854/1743 2568/2855/2568
f 2569/2856/2569 2567/2853/2567 2568/2855/2568
f 2570/2857/2570 2571/2858/2571 2572/2859/2572
f 2463/2723/2463 2427/2860/2427 227/2721/227
f 2573/2861/2573 2574/2862/2574 1111/1182/1111
f 2575/2863/2575 2576/2864/2576 2577/2865/2577
f 2578/2866/2578 2575/2863/2575 2577/2865/2577
f 1094/1165/1094 2579/2867/2579 2580/2868/2580
f 364/375/364 829/876/829 102/109/102
f 364/375/364 102/109/102 2581/2869/2581
f 1866/2012/1866 2582/2870/2582 2539/2815/2539
f 1567/1672/1567 1566/1671/1566 206/2871/206
f 2583/2872/2583 1112/1183/1112 817/864/817
f 2584/2873/2584 2585/2874/2585 2586/2875/2586
f 1938/2093/1938 2587/2876/2587 1939/2094/1939
f 2509/2776/2509 1966/2126/1966 1965/2125/1965
f 1746/1876/1746 1748/1878/1748 2588/2877/2588
f 2589/2878/2589 2590/2879/2590 2591/2880/2591
f 2592/2881/2592 2593/2882/2593 2570/2857/2570
f 2510/2777/2510 2455/2712/2455 2594/2883/2594
f 1374/1471/1374 2595/2884/2595 2596/2885/2596
f 1581/1687/1581 2597/2886/2597 1582/1688/1582
f 2598/2887/2598 2599/2888/2599 2600/2889/2600
f 2601/2890/2601 2598/2887/2598 2600/2889/2600
f 2602/2891/2602 2603/2892/2603 2604/2893/2604
f 1159/1236/1159 2605/2894/2605 2606/2895/2606
f 2607/2896/2607 632/656/632 2608/2897/2608
f 2609/2898/2609 2610/2899/2610 2490/2900/2490
f 2611/2901/2611 2612/2902/2612 2613/2903/2613
f 2614/2904/2614 2615/2905/2615 2616/2906/2616
f 2617/2907/2617 2618/2908/2618 2619/2909/2619
f 1326/2910/1326 1328/2911/1328 459/2912/459
f 1513/2913/1513 2620/2914/2620 1139/1210/1139
f 1096/1659/1096 1554/1658/1554 2263/2915/2263
f 2621/2916/2621 2622/2917/2622 2623/2918/2623
f 2624/2919/2624 1005/1066/1005 1004/1065/1004
f 2624/2919/2624 1004/1065/1004 2625/2920/2625
f 1059/2921/1059 2626/2922/2626 1948/2923/1948
f 2627/2924/2627 2628/2925/2628 2629/2926/2629
f 1343/1438/1343 2627/2924/2627 2629/2926/2629
f 2630/2927/2630 2631/2928/2631 2632/2929/2632
f 387/2930/387 389/475/389 2633/2931/2633
f 2634/2932/2634 189/196/189 2635/2933/2635
f 2634/2932/2634 2635/2933/2635 2636/2934/2636
f 2637/2935/2637 1659/1775/1659 2638/2936/2638
f 2639/2937/2639 1642/1758/1642 2640/2938/2640
f 188/195/188 1370/1467/1370 2635/2933/2635
f 189/196/189 188/195/188 2635/2933/2635
f 2339/2572/2339 32/37/32 2641/2939/2641
f 456/472/456 458/474/458 1802/1940/1802
f 1502/2940/1502 2642/2941/2642 2643/2942/2643
f 2644/2943/2644 2037/2944/2037 1396/1493/1396
f 2645/2945/2645 2646/2946/2646 2647/2947/2647
f 585/2948/585 2648/2949/2648 2649/2950/2649
f 1189/1271/1189 1173/1250/1173 1172/1249/1172
f 2650/2951/2650 2651/2952/2651 2652/2953/2652
f 1671/2954/1671 2650/2951/2650 2652/2953/2652
f 2653/2955/2653 2654/2956/2654 2655/2957/2655
f 2374/2958/2374 2174/2374/2174 2656/2959/2656
f 2657/2960/2657 191/2961/191 193/2962/193
f 2308/2538/2308 2658/2963/2658 2309/2539/2309
f 2659/2964/2659 2124/2315/2124 2123/2314/2123
f 1732/2965/1732 1378/1475/1378 2660/2966/2660
f 5/5/5 4/4/4 563/583/563
f 1714/1840/1714 1716/1842/1716 2661/2967/2661
f 565/585/565 136/143/136 2662/2968/2662
f 565/585/565 2662/2968/2662 566/586/566
f 333/2969/333 332/2970/332 2663/2971/2663
f 1852/1998/1852 1045/1109/1045 1044/1108/1044
f 2664/2972/2664 1937/2092/1937 2665/2973/2665
f 1224/1310/1224 2406/2649/2406 2666/2974/2666
f 142/2975/142 144/2976/144 2667/2977/2667
f 142/2975/142 2667/2977/2667 2249/2978/2249
f 2668/2979/2668 2129/2321/2129 2669/2980/2669
f 249/258/249 2670/2981/2670 445/457/445
f 223/232/223 691/2982/691 224/233/224
f 2062/2236/2062 553/2404/553 2063/2237/2063
f 2391/2629/2391 2671/2983/2671 1500/1601/1500
f 2672/2984/2672 2673/2985/2673 2674/2986/2674
f 2672/2984/2672 2674/2986/2674 2675/2987/2675
f 2676/2988/2676 2533/2808/2533 2535/2810/2535
f 405/416/405 404/415/404 795/2989/795
f 2677/2990/2677 1997/2161/1997 2678/2991/2678
f 2679/2992/2679 1978/2139/1978 1980/2141/1980
f 2680/2993/2680 2681/2994/2681 2682/2995/2682
f 2683/2996/2683 1350/1446/1350 1124/1195/1124
f 2483/2745/2483 934/2997/934 1837/1980/1837
f 809/856/809 2483/2745/2483 1837/1980/1837
f 2684/2998/2684 2685/2999/2685 2686/3000/2686
f 2687/3001/2687 2688/3002/2688 2689/3003/2689
f 2690/3004/2690 2691/3005/2691 2692/3006/2692
f 2693/3007/2693 2694/3008/2694 2695/3009/2695
f 2696/3010/2696 2693/3007/2693 2695/3009/2695
f 2697/3011/2697 2698/3012/2698 675/3013/675
f 2699/3014/2699 2700/3015/2700 2701/3016/2701
f 2699/3017/2699 2701/3018/2701 1829/1969/1829
f 2165/3019/2165 2702/3020/2702 2703/3021/2703
f 2227/2439/2227 2704/3022/2704 2705/3023/2705
f 2706/3024/2706 2707/3025/2707 2708/3026/2708
f 606/1851/606 1724/1850/1724 607/3027/607
f 1256/1344/1256 2652/2953/2652 2709/3028/2709
f 87/94/87 2207/3029/2207 2710/3030/2710
f 85/92/85 87/94/87 2710/3030/2710
f 2711/3031/2711 2712/3032/2712 2713/3033/2713
f 2714/3034/2714 2715/3035/2715 2716/3036/2716
f 2714/3034/2714 2716/3036/2716 2717/3037/2717
f 2718/3038/2718 2719/3039/2719 2720/3040/2720
f 2721/3041/2721 2718/3038/2718 2720/3040/2720
f 1913/2365/1913 975/1034/975 2722/3042/2722
f 1477/1577/1477 2161/3043/2161 349/3044/349
f 843/3045/843 842/2552/842 2321/2553/2321
f 1692/1814/1692 1694/1816/1694 2364/2599/2364
f 412/423/412 414/425/414 2723/3046/2723
f 42/3047/42 41/3048/41 2724/3049/2724
f 590/3050/590 589/3051/589 2725/3052/2725
f 2726/3053/2726 2727/3054/2727 2595/2884/2595
f 1280/1371/1280 2728/3055/2728 2729/3056/2729
f 557/2049/557 1433/1533/1433 2730/3057/2730
f 2731/3058/2731 2732/3059/2732 2733/3060/2733
f 477/3061/477 1185/3062/1185 478/3063/478
f 2734/3064/2734 2735/3065/2735 2736/3066/2736
f 2734/3064/2734 2736/3066/2736 2737/3067/2737
f 2738/3068/2738 2739/3069/2739 1379/3070/1379
f 781/1896/781 252/3071/252 254/1811/254
f 2740/3072/2740 2741/3073/2741 1942/2097/1942
f 2742/3074/2742 2743/3075/2743 2434/2681/2434
f 2744/3076/2744 2742/3074/2742 2434/2681/2434
f 2745/3077/2745 2746/3078/2746 2747/3079/2747
f 2748/3080/2748 2380/2618/2380 717/753/717
f 1302/1394/1302 1304/1396/1304 2749/3081/2749
f 956/1014/956 955/1013/955 2750/3082/2750
f 2751/3083/2751 956/1014/956 2750/3082/2750
f 2752/3084/2752 2581/2869/2581 2753/3085/2753
f 2752/3084/2752 2753/3085/2753 2754/3086/2754
f 1919/2071/1919 2755/3087/2755 2756/3088/2756
f 2757/3089/2757 1429/1529/1429 2758/3090/2758
f 2759/3091/2759 2757/3089/2757 2758/3090/2758
f 2760/3092/2760 310/319/310 1376/1473/1376
f 2566/2852/2566 2761/3093/2761 1298/1390/1298
f 2762/3094/2762 2763/3095/2763 2517/2790/2517
f 2764/3096/2764 2738/3068/2738 1734/1864/1734
f 2765/3097/2765 2064/2238/2064 2473/2734/2473
f 2382/2620/2382 2766/3098/2766 2767/3099/2767
f 2577/2865/2577 2576/2864/2576 845/893/845
f 2706/3024/2706 2741/3100/2741 2740/3101/2740
f 2768/3102/2768 2769/3103/2769 2770/3104/2770
f 2771/3105/2771 2772/3106/2772 2773/3107/2773
f 2771/3108/2771 2773/3109/2773 2774/3110/2774
f 2775/3111/2775 2776/3112/2776 101/3113/101
f 2775/3114/2775 101/108/101 100/107/100
f 2777/3115/2777 2778/3116/2778 2779/3117/2779
f 2780/3118/2780 1735/3119/1735 2781/3120/2781
f 2782/3121/2782 1951/2111/1951 2783/3122/2783
f 2784/3123/2784 2785/3124/2785 2786/3125/2786
f 2787/3126/2787 2068/2244/2068 2788/3127/2788
f 2789/3128/2789 2790/3129/2790 1413/1511/1413
f 2791/3130/2791 1779/1915/1779 1518/1621/1518
f 2792/3131/2792 2136/2328/2136 2793/3132/2793
f 1297/1389/1297 1998/3133/1998 2794/3134/2794
f 2795/3135/2795 2712/3032/2712 383/394/383
f 2796/3136/2796 2737/3137/2737 2797/3138/2797
f 1983/2145/1983 2798/3139/2798 1981/2142/1981
f 2799/3140/2799 272/281/272 1959/3141/1959
f 2800/3142/2800 2801/3143/2801 2802/3144/2802
f 470/487/470 2800/3145/2800 2802/3146/2802
f 2326/3147/2326 2803/3148/2803 2804/3149/2804
f 545/2506/545 2284/2505/2284 2805/3150/2805
f 437/3151/437 2806/3152/2806 2807/3153/2807
f 1780/1916/1780 1779/1915/1779 975/1034/975
f 2808/3154/2808 600/3155/600 1737/3156/1737
f 322/2301/322 2809/3157/2809 323/3158/323
f 958/1016/958 960/1018/960 2810/3159/2810
f 2811/3160/2811 2812/3161/2812 2813/3162/2813
f 2482/2744/2482 2814/3163/2814 1928/2083/1928
f 2815/3164/2815 2816/3165/2816 2619/2909/2619
f 2817/3166/2817 2562/3167/2562 2818/3168/2818
f 1924/2079/1924 2819/3169/2819 2820/3170/2820
f 2529/2804/2529 1924/3171/1924 2820/3172/2820
f 125/3173/125 124/3174/124 2821/3175/2821
f 2794/3176/2794 2822/3177/2822 1297/3178/1297
f 2507/3179/2507 2823/3180/2823 2824/3181/2824
f 2825/3182/2825 2826/3183/2826 2827/3184/2827
f 2828/3185/2828 2829/3186/2829 2830/3187/2830
f 2831/3188/2831 1705/3189/1705 2832/3190/2832
f 1168/3191/1168 2293/2520/2293 1569/1675/1569
f 2833/3192/2833 1978/2139/1978 2679/2992/2679
f 401/412/401 2132/2324/2132 402/413/402
f 2209/2413/2209 2208/2412/2208 403/414/403
f 619/3193/619 618/3194/618 2164/3195/2164
f 2834/3196/2834 2835/3197/2835 2836/3198/2836
f 2834/3196/2834 2836/3198/2836 1216/1302/1216
f 2168/2367/2168 2011/2180/2011 2837/3199/2837
f 414/425/414 2838/3200/2838 2723/3046/2723
f 2773/3109/2773 2062/2236/2062 2064/2238/2064
f 2753/3085/2753 102/109/102 104/111/104
f 2839/3201/2839 2840/3202/2840 2841/3203/2841
f 2842/3204/2842 2843/3205/2843 2844/3206/2844
f 2842/3207/2842 2844/3208/2844 2845/3209/2845
f 2846/3210/2846 2847/3211/2847 2848/3212/2848
f 2849/3213/2849 2850/3214/2850 2851/3215/2851
f 1927/2082/1927 1926/2081/1926 290/299/290
f 1744/3216/1744 2852/3217/2852 2220/3218/2220
f 2853/3219/2853 2547/3220/2547 2854/3221/2854
f 2855/3222/2855 2856/3223/2856 2857/3224/2857
f 96/3225/96 2855/3222/2855 2857/3224/2857
f 2437/2684/2437 1105/3226/1105 1757/3227/1757
f 2858/3228/2858 522/540/522 779/3229/779
f 2858/3228/2858 779/3229/779 1533/3230/1533
f 2859/3231/2859 1556/1661/1556 1237/1324/1237
f 2353/2588/2353 2355/2590/2355 1612/3232/1612
f 1489/1590/1489 2344/2577/2344 1490/1591/1490
f 1474/1574/1474 2860/3233/2860 2684/3234/2684
f 1498/3235/1498 1497/1810/1497 819/866/819
f 495/512/495 2861/3236/2861 496/513/496
f 381/3237/381 2862/3238/2862 382/3239/382
f 2863/3240/2863 2864/3241/2864 2252/3242/2252
f 2865/3243/2865 1341/1436/1341 1790/1927/1790
f 128/135/128 2796/3136/2796 2797/3138/2797
f 2866/3244/2866 1665/1782/1665 2867/3245/2867
f 2868/3246/2868 2869/3247/2869 2870/3248/2870
f 1573/1679/1573 2871/3249/2871 2872/3250/2872
f 1573/1679/1573 2872/3250/2872 1574/1680/1574
f 2873/3251/2873 1281/3252/1281 2874/3253/2874
f 305/314/305 2875/3254/2875 852/901/852
f 2876/3255/2876 2551/2833/2551 418/3256/418
f 2876/3255/2876 418/3256/418 420/3257/420
f 2877/3258/2877 1541/1645/1541 2878/3259/2878
f 1748/1878/1748 1448/1548/1448 1447/1547/1447
f 1861/2007/1861 2276/3260/2276 1862/2008/1862
f 1702/3261/1702 2879/3262/2879 2880/3263/2880
f 2881/3264/2881 1459/1559/1459 1461/1561/1461
f 996/1055/996 2882/3265/2882 1793/3266/1793
f 2883/3267/2883 2884/3268/2884 2885/3269/2885
f 2866/3270/2866 2469/2730/2469 1665/3271/1665
f 2886/3272/2886 2887/3273/2887 2888/3274/2888
f 933/3275/933 2889/3276/2889 1730/3277/1730
f 2890/3278/2890 2891/3279/2891 2459/3280/2459
f 825/3281/825 2890/3278/2890 2459/3280/2459
f 2892/3282/2892 2893/3283/2893 2894/3284/2894
f 1452/1552/1452 2895/3285/2895 2479/3286/2479
f 2896/3287/2896 2897/3288/2897 2898/3289/2898
f 2899/3290/2899 2900/3291/2900 2727/3292/2727
f 448/464/448 2901/3293/2901 2902/3294/2902
f 865/914/865 864/913/864 2903/3295/2903
f 2904/3296/2904 986/3297/986 2905/3298/2905
f 2906/3299/2906 2907/3300/2907 2908/3301/2908
f 2052/2224/2052 2909/3302/2909 1131/1202/1131
f 2052/2224/2052 1131/1202/1131 2910/3303/2910
f 2535/2810/2535 2534/2809/2534 2271/2490/2271
f 2535/2810/2535 2271/2490/2271 2270/2489/2270
f 2911/3304/2911 2307/2536/2307 1054/3305/1054
f 2911/3304/2911 1054/3305/1054 2912/3306/2912
f 2464/3307/2464 2058/3308/2058 2913/3309/2913
f 2550/2832/2550 2414/2657/2414 2177/3310/2177
f 2914/3311/2914 2915/3312/2915 2916/3313/2916
f 2886/3272/2886 2888/3274/2888 458/474/458
f 2917/3314/2917 2886/3272/2886 458/474/458
f 2918/3315/2918 2875/3254/2875 305/314/305
f 2072/3316/2072 1239/3317/1239 2919/3318/2919
f 1929/2084/1929 2814/3163/2814 2920/3319/2920
f 1291/1382/1291 2921/3320/2921 2922/3321/2922
f 2923/3322/2923 1951/2111/1951 1950/2110/1950
f 2924/3323/2924 2925/3324/2925 2926/3325/2926
f 2924/3326/2924 2926/3327/2926 1327/1422/1327
f 2927/3328/2927 2928/3329/2928 2448/3330/2448
f 2929/3331/2929 2634/3332/2634 875/3333/875
f 2930/3334/2930 2931/3335/2931 294/303/294
f 2932/3336/2932 2933/3337/2933 2934/3338/2934
f 1509/1612/1509 1511/1614/1511 2118/3339/2118
f 2935/3340/2935 2936/3341/2936 2937/3342/2937
f 161/168/161 887/941/887 162/169/162
f 2938/3343/2938 2939/3344/2939 2940/3345/2940
f 2448/3330/2448 2928/3329/2928 554/574/554
f 2941/3346/2941 2899/3290/2899 2942/3347/2942
f 2943/3348/2943 1056/1123/1056 2944/3349/2944
f 2945/3350/2945 2327/3351/2327 347/3352/347
f 181/188/181 180/187/180 1325/1420/1325
f 40/3353/40 1647/3354/1647 2946/3355/2946
f 40/3353/40 2946/3355/2946 39/3356/39
f 2947/3357/2947 2948/3358/2948 2949/3359/2949
f 2947/3357/2947 2949/3359/2949 2950/3360/2950
f 2951/3361/2951 2005/2174/2005 2952/3362/2952
f 631/655/631 2953/3363/2953 2608/2897/2608
f 1648/1764/1648 704/738/704 633/658/633
f 2954/3364/2954 2955/3365/2955 2956/3366/2956
f 2957/3367/2957 949/3368/949 2958/3369/2958
f 2959/3370/2959 2960/3371/2960 826/873/826
f 2961/3372/2961 2962/3373/2962 2963/3374/2963
f 2964/3375/2964 2965/3376/2965 723/759/723
f 2966/3377/2966 2967/3378/2967 2968/3379/2968
f 195/203/195 196/204/196 44/51/44
f 2969/3380/2969 2970/3381/2970 2091/2273/2091
f 1173/1250/1173 2971/3382/2971 1174/1251/1174
f 468/923/468 165/172/165 2972/3383/2972
f 468/923/468 2972/3383/2972 466/3384/466
f 2973/3385/2973 2974/3386/2974 1422/1522/1422
f 806/3387/806 590/3050/590 2975/3388/2975
f 2976/3389/2976 979/3390/979 2150/3391/2150
f 2977/3392/2977 2978/3393/2978 2979/3394/2979
f 2815/3395/2815 2936/3396/2936 2935/3397/2935
f 385/396/385 1117/1188/1117 1119/1190/1119
f 695/727/695 696/729/696 2094/3398/2094
f 2785/3124/2785 556/576/556 2786/3125/2786
f 2980/3399/2980 2981/3400/2981 2982/3401/2982
f 464/481/464 463/480/463 605/626/605
f 2565/3402/2565 2310/2540/2310 2983/3403/2983
f 1074/1143/1074 2984/3404/2984 2985/3405/2985
f 2986/3406/2986 2987/3407/2987 2105/3408/2105
f 2988/3409/2988 2989/3410/2989 2990/3411/2990
f 2991/3412/2991 2594/3413/2594 1547/1651/1547
f 2992/3414/2992 1581/1687/1581 426/437/426
f 1995/2159/1995 2993/3415/2993 1996/2160/1996
f 2521/3416/2521 1026/3417/1026 1181/3418/1181
f 2994/3419/2994 2995/3420/2995 2996/3421/2996
f 2994/3419/2994 2996/3421/2996 2997/3422/2997
f 2998/3423/2998 356/367/356 2999/3424/2999
f 277/286/277 276/285/276 3000/3425/3000
f 3001/3426/3001 2679/3427/2679 1980/3428/1980
f 3002/3429/3002 3003/3430/3003 3004/3431/3004
f 3005/3432/3005 3006/3433/3006 60/67/60
f 2563/2848/2563 3007/3434/3007 2564/2849/2564
f 3008/3435/3008 3009/3436/3009 3010/3437/3010
f 3011/3438/3011 3012/3439/3012 3013/3440/3013
f 3014/3441/3014 3015/3442/3015 2782/3121/2782
f 3014/3441/3014 2782/3121/2782 2783/3122/2783
f 2431/2678/2431 2369/2604/2369 3016/3443/3016
f 1839/3444/1839 3017/3445/3017 3018/3446/3018
f 1839/3444/1839 3018/3446/3018 3019/3447/3019
f 3020/3448/3020 3021/3449/3021 3022/3450/3022
f 3023/3451/3023 707/741/707 3024/3452/3024
f 3025/3453/3025 2486/2748/2486 3026/3454/3026
f 3025/3453/3025 3026/3454/3026 3027/3455/3027
f 3028/3456/3028 3029/3457/3029 3030/3458/3030
f 3031/3459/3031 3032/3460/3032 2601/2890/2601
f 3033/3461/3033 1523/1626/1523 1538/1642/1538
f 3034/3462/3034 2616/3463/2616 3035/3464/3035
f 3036/3465/3036 3037/3466/3037 3038/3467/3038
f 1935/2090/1935 3036/3465/3036 3038/3467/3038
f 3039/3468/3039 1214/1300/1214 2020/3469/2020
f 2504/2769/2504 3040/3470/3040 2194/2395/2194
f 2844/3208/2844 3041/3471/3041 2845/3209/2845
f 3042/3472/3042 195/203/195 44/51/44
f 3043/3473/3043 3044/3474/3044 2195/3475/2195
f 3045/3476/3045 3046/3477/3046 3047/3478/3047
f 3048/3479/3048 3049/3480/3049 3050/3481/3050
f 3051/3482/3051 3048/3479/3048 3050/3481/3050
f 1487/3483/1487 1488/3484/1488 3052/3485/3052
f 3053/3486/3053 3054/3487/3054 1765/1901/1765
f 3055/3488/3055 3053/3486/3053 1765/1901/1765
f 3056/3489/3056 1670/3490/1670 1852/1998/1852
f 2367/2602/2367 3057/3491/3057 3058/3492/3058
f 643/668/643 3059/3493/3059 644/669/644
f 2329/3494/2329 1897/3495/1897 3060/3496/3060
f 3061/3497/3061 3062/3498/3062 2827/3184/2827
f 516/3499/516 2359/2594/2359 514/531/514
f 1374/3500/1374 3063/3501/3063 3064/3502/3064
f 3065/3503/3065 3066/3504/3066 2471/2732/2471
f 1499/2295/1499 1498/3505/1498 448/464/448
f 2121/2312/2121 3067/3506/3067 2015/2184/2015
f 3068/3507/3068 3069/3508/3069 3070/3509/3070
f 3068/3507/3068 3070/3509/3070 3071/3510/3071
f 527/545/527 3072/3511/3072 528/546/528
f 2479/2741/2479 2895/3512/2895 2162/2359/2162
f 1334/1429/1334 746/782/746 745/781/745
f 3073/3513/3073 750/787/750 752/789/752
f 2807/3153/2807 3074/3514/3074 3075/3515/3075
f 1283/1374/1283 3076/3516/3076 3077/3517/3077
f 3078/3518/3078 841/889/841 768/807/768
f 390/401/390 3079/3519/3079 3080/3520/3080
f 3081/3521/3081 3075/3522/3075 3082/3523/3082
f 3083/3524/3083 1460/3525/1460 598/619/598
f 498/515/498 3084/3526/3084 3085/3527/3085
f 3086/3528/3086 1586/3529/1586 3087/3530/3087
f 734/770/734 3088/3531/3088 735/771/735
f 3089/3532/3089 1752/3533/1752 3090/3534/3090
f 2023/2193/2023 2022/2192/2022 3091/3535/3091
f 1039/3536/1039 1038/3537/1038 3092/3538/3092
f 3093/3539/3093 2091/2273/2091 3094/3540/3094
f 200/209/200 2360/3541/2360 3095/3542/3095
f 1600/1707/1600 1599/1706/1599 3096/3543/3096
f 1203/3544/1203 326/3545/326 325/3546/325
f 884/938/884 886/940/886 2809/3157/2809
f 3097/3547/3097 3098/3548/3098 3099/3549/3099
f 3100/3550/3100 3097/3547/3097 3099/3549/3099
f 3101/3551/3101 3102/3552/3102 3103/3553/3103
f 3104/3554/3104 3101/3551/3101 3103/3553/3103
f 1531/3555/1531 3105/3556/3105 2086/3557/2086
f 1160/3558/1160 3106/3559/3106 1161/3560/1161
f 416/427/416 3107/3561/3107 1534/1638/1534
f 416/427/416 1534/1638/1534 1533/1637/1533
f 3108/3562/3108 3109/3563/3109 3110/3564/3110
f 2302/3565/2302 3111/3566/3111 3112/3567/3112
f 137/144/137 1157/3568/1157 138/145/138
f 701/3569/701 3113/3570/3113 469/486/469
f 3114/3571/3114 3115/3572/3115 3116/3573/3116
f 3117/3574/3117 2085/2266/2085 2087/2269/2087
f 3118/3575/3118 3119/3576/3119 1223/1309/1223
f 2349/2583/2349 3120/3577/3120 3121/3578/3121
f 2266/3579/2266 1272/1362/1272 3122/3580/3122
f 3123/3581/3123 3124/3582/3124 638/663/638
f 3125/3583/3125 3126/3584/3126 3127/3585/3127
f 1836/1979/1836 3128/3586/3128 1476/3587/1476
f 3129/3588/3129 2387/2625/2387 3130/3589/3130
f 3131/3590/3131 1851/1997/1851 2911/3304/2911
f 1792/3591/1792 781/1896/781 3132/3592/3132
f 3133/3593/3133 3134/3594/3134 3135/3595/3135
f 3136/3596/3136 610/634/610 612/636/612
f 1238/1325/1238 394/405/394 396/407/396
f 3137/3597/3137 3138/3598/3138 2044/2215/2044
f 2758/3090/2758 1030/1092/1030 3139/3599/3139
f 3140/3600/3140 397/408/397 2178/2378/2178
f 3141/3601/3141 1842/3602/1842 3142/3603/3142
f 217/226/217 219/228/219 1899/3604/1899
f 1314/1409/1314 3143/3605/3143 3144/3606/3144
f 3145/3607/3145 1101/1172/1101 1103/1174/1103
f 3146/3608/3146 2935/3397/2935 1234/3609/1234
f 3147/3610/3147 3148/3611/3148 3149/3612/3149
f 894/3613/894 3150/3614/3150 692/723/692
f 2860/3233/2860 1339/1434/1339 2701/3615/2701
f 2360/2595/2360 3035/3464/3035 2361/2596/2361
f 3151/3616/3151 3152/3617/3152 2641/2939/2641
f 3153/3618/3153 2193/2394/2193 1410/1507/1410
f 264/681/264 1977/3619/1977 3154/3620/3154
f 3155/3621/3155 3156/3622/3156 3157/3623/3157
f 2640/2938/2640 1642/1758/1642 3158/3624/3158
f 3159/3625/3159 1917/2069/1917 3160/3626/3160
f 2221/2429/2221 3161/3627/3161 2222/2430/2222
f 587/608/587 3162/3628/3162 2897/3288/2897
f 3163/3629/3163 3164/3630/3164 3165/3631/3165
f 3053/3632/3053 1309/1404/1309 1783/1919/1783
f 3166/3633/3166 2893/3634/2893 3167/3635/3167
f 3168/3636/3168 3065/3637/3065 34/2662/34
f 3169/3638/3169 1245/1332/1245 3170/3639/3170
f 2976/3389/2976 1510/1613/1510 3171/3640/3171
f 1226/3641/1226 1228/2493/1228 2273/2492/2273
f 1959/2119/1959 3172/3642/3172 1960/2120/1960
f 833/880/833 2197/2398/2197 834/881/834
f 3173/3643/3173 3133/3593/3133 577/597/577
f 3174/3644/3174 438/3645/438 440/3646/440
f 3175/3647/3175 1372/1469/1372 3176/3648/3176
f 2633/3649/2633 3088/3531/3088 734/770/734
f 3177/3650/3177 1319/1414/1319 3178/3651/3178
f 3179/3652/3179 3180/3653/3180 1010/1071/1010
f 3181/3654/3181 1923/2076/1923 3182/3655/3182
f 2273/2492/2273 2274/2494/2274 3183/3656/3183
f 2273/2492/2273 3183/3656/3183 3184/3657/3184
f 2349/2583/2349 2003/2172/2003 3120/3577/3120
f 1581/1687/1581 1580/1686/1580 3185/3658/3185
f 2004/2173/2004 2275/2495/2275 1861/3659/1861
f 662/692/662 3186/3660/3186 2591/2880/2591
f 288/297/288 3187/3661/3187 3188/3662/3188
f 1910/2062/1910 288/297/288 3188/3662/3188
f 3189/3663/3189 3190/3664/3190 3191/3665/3191
f 3190/3664/3190 3192/3666/3192 1584/3667/1584
f 3190/3668/3190 1584/3669/1584 3086/3528/3086
f 2934/3338/2934 3193/3670/3193 3194/3671/3194
f 2465/2725/2465 3195/3672/3195 3196/3673/3196
f 3197/3674/3197 3078/3675/3078 2394/2632/2394
f 3088/3676/3088 3198/3677/3198 735/3678/735
f 3199/3679/3199 719/755/719 1735/3119/1735
f 2780/3118/2780 3199/3679/3199 1735/3119/1735
f 885/939/885 1184/1266/1184 197/1265/197
f 3200/3680/3200 2586/2875/2586 3201/3681/3201
f 3200/3680/3200 3201/3681/3201 3202/3682/3202
f 1969/2129/1969 1398/1495/1398 1397/1494/1397
f 1291/1382/1291 1184/1266/1184 2921/3320/2921
f 3203/3683/3203 2156/2351/2156 3204/3684/3204
f 3205/3685/3205 3206/3686/3206 3207/3687/3207
f 555/3688/555 3208/3689/3208 3209/3690/3209
f 555/3688/555 3209/3690/3209 3210/3691/3210
f 1076/1145/1076 1384/3692/1384 3211/3693/3211
f 1782/3694/1782 411/422/411 3212/3695/3212
f 3213/3696/3213 3214/3697/3214 3215/3698/3215
f 2026/2196/2026 2659/2964/2659 2123/2314/2123
f 2026/2196/2026 2123/2314/2123 24/29/24
f 3216/3699/3216 2114/2303/2114 3217/3700/3217
f 3218/3701/3218 721/757/721 720/756/720
f 598/619/598 600/621/600 2808/3702/2808
f 2648/3703/2648 1263/3704/1263 3219/3705/3219
f 2075/3706/2075 310/319/310 2760/3092/2760
f 3220/3707/3220 1160/1237/1160 3221/3708/3221
f 3222/3709/3222 567/587/567 3223/3710/3223
f 3224/3711/3224 3222/3709/3222 3223/3710/3223
f 396/3712/396 395/1448/395 248/257/248
f 3225/3713/3225 396/3712/396 248/257/248
f 2466/3714/2466 3226/3715/3226 864/913/864
f 863/912/863 2466/3714/2466 864/913/864
f 1316/1411/1316 1315/1410/1315 2275/2495/2275
f 2803/3148/2803 3227/3716/3227 2804/3149/2804
f 3228/3717/3228 1696/1820/1696 3229/3718/3229
f 2411/2654/2411 2315/2546/2315 2314/2545/2314
f 2792/3131/2792 3230/3719/3230 2136/2328/2136
f 2883/3267/2883 3231/3720/3231 2884/3268/2884
f 3232/3721/3232 1053/1119/1053 3233/3722/3233
f 3232/3721/3232 3233/3722/3233 2346/3723/2346
f 2332/2565/2332 2331/2564/2331 3234/3724/3234
f 1889/2038/1889 2332/3725/2332 3234/3726/3234
f 3044/3474/3044 644/669/644 2196/3727/2196
f 3044/3474/3044 2196/3727/2196 2195/3475/2195
f 3235/3728/3235 2650/3729/2650 1176/1253/1176
f 2766/3098/2766 2382/2620/2382 3236/3730/3236
f 745/781/745 3237/3731/3237 3238/3732/3238
f 1072/1141/1072 1074/1143/1074 3118/3575/3118
f 3239/3733/3239 3240/3734/3240 3241/3735/3241
f 3242/3736/3242 3243/3737/3243 3244/3738/3244
f 3242/3736/3242 3244/3738/3244 3245/3739/3245
f 3246/3740/3246 3247/3741/3247 3248/3742/3248
f 3249/3743/3249 1759/3744/1759 3250/3745/3250
f 2344/2577/2344 2343/2576/2343 1490/1591/1490
f 3075/3522/3075 3081/3521/3081 3251/3746/3251
f 3252/3747/3252 3253/3748/3253 3254/3749/3254
f 3255/3750/3255 815/862/815 814/861/814
f 3256/3751/3256 387/3752/387 1722/1848/1722
f 2029/2200/2029 2028/2199/2028 1300/1392/1300
f 2029/2200/2029 1300/1392/1300 1299/1391/1299
f 3257/3753/3257 2943/3348/2943 3258/3754/3258
f 2512/2783/2512 1591/1698/1591 3259/3755/3259
f 3260/3756/3260 3261/3757/3261 3262/3758/3262
f 1765/1901/1765 3263/3759/3263 3264/3760/3264
f 3265/3761/3265 3266/3762/3266 3267/3763/3267
f 3265/3761/3265 3267/3763/3267 3208/3764/3208
f 1400/1497/1400 120/3765/120 3268/3766/3268
f 387/3767/387 2633/3649/2633 1722/1860/1722
f 3013/3440/3013 3269/3768/3269 413/3769/413
f 3270/3770/3270 3271/3771/3271 1353/1450/1353
f 933/987/933 447/3772/447 3272/3773/3272
f 812/859/812 3273/3774/3273 810/857/810
f 138/145/138 3274/3775/3274 2662/2968/2662
f 645/670/645 646/671/646 3275/3776/3275
f 616/640/616 615/639/615 1971/2131/1971
f 1414/1512/1414 1413/1511/1413 3276/3777/3276
f 1414/1512/1414 3276/3777/3276 3277/3778/3277
f 1116/3779/1116 3278/3780/3278 194/3781/194
f 1420/1520/1420 1248/1336/1248 3279/3782/3279
f 3280/3783/3280 3281/3784/3281 42/3785/42
f 680/3786/680 3282/3787/3282 3283/3788/3283
f 2585/3789/2585 1623/3790/1623 3284/3791/3284
f 3285/3792/3285 319/3793/319 3286/3794/3286
f 3287/3795/3287 3288/3796/3288 3289/3797/3289
f 3290/3798/3290 3291/3799/3291 3292/3800/3292
f 3293/3801/3293 182/189/182 184/191/184
f 1301/3802/1301 3294/3803/3294 1643/1759/1643
f 207/216/207 3295/3804/3295 3296/3805/3296
f 3297/3806/3297 444/456/444 756/795/756
f 3298/3807/3298 547/567/547 549/569/549
f 1591/1698/1591 1905/2057/1905 3259/3755/3259
f 3299/3808/3299 3300/3809/3300 3301/3810/3301
f 66/73/66 3302/3811/3302 3173/3643/3173
f 3127/3585/3127 3126/3584/3126 2994/3419/2994
f 3127/3585/3127 2994/3419/2994 3303/3812/3303
f 3304/3813/3304 191/2961/191 3305/3814/3305
f 2717/3815/2717 3306/3816/3306 2815/3817/2815
f 2717/3818/2717 2815/3395/2815 3307/3819/3307
f 2713/3820/2713 2917/3314/2917 458/474/458
f 2231/2443/2231 2233/2445/2233 1842/3602/1842
f 3308/3821/3308 1345/1440/1345 1347/1442/1347
f 1856/2002/1856 1858/2004/1858 3309/3822/3309
f 1522/1625/1522 1521/1624/1521 49/56/49
f 3282/3787/3282 1777/1913/1777 3283/3788/3283
f 3310/3823/3310 3311/3824/3311 3312/3825/3312
f 2642/2941/2642 3313/3826/3313 2643/2942/2643
f 3314/3827/3314 303/312/303 3315/3828/3315
f 1872/2018/1872 1943/2100/1943 3316/3829/3316
f 3317/3830/3317 3318/3831/3318 2066/2240/2066
f 2614/2904/2614 499/3832/499 2615/2905/2615
f 1525/3833/1525 1555/3834/1555 3319/3835/3319
f 2708/3026/2708 3320/3836/3320 3321/3837/3321
f 3322/3838/3322 2608/2897/2608 1552/1656/1552
f 1760/1895/1760 1759/1894/1759 3323/3839/3323
f 881/3840/881 3324/3841/3324 1308/3842/1308
f 1036/3843/1036 881/3840/881 1308/3842/1308
f 613/637/613 844/3844/844 2379/2615/2379
f 571/3845/571 2489/2752/2489 572/3846/572
f 3325/3847/3325 1923/2076/1923 1432/1532/1432
f 1914/2066/1914 3326/3848/3326 1268/1356/1268
f 2204/3849/2204 3327/3850/3327 3328/3851/3328
f 3329/3852/3329 3330/3853/3330 3331/3854/3331
f 1687/1807/1687 2352/3855/2352 2351/3856/2351
f 738/774/738 3128/3857/3128 1836/3858/1836
f 2305/2533/2305 965/1023/965 3040/3859/3040
f 2504/3860/2504 2305/3861/2305 3040/3862/3040
f 3332/3863/3332 1874/2020/1874 3333/3864/3333
f 3332/3863/3332 3333/3864/3333 3334/3865/3334
f 3335/3866/3335 475/492/475 3336/3867/3336
f 3337/3868/3337 3338/3869/3338 3339/3870/3339
f 3340/3871/3340 2867/3872/2867 3341/3873/3341
f 1960/2120/1960 213/222/213 212/221/212
f 1971/2131/1971 1970/2130/1970 1265/3874/1265
f 2251/2466/2251 238/247/238 1605/1714/1605
f 1506/1607/1506 1505/1609/1505 3342/3875/3342
f 3343/3876/3343 3152/3617/3152 3151/3616/3151
f 2646/2946/2646 2296/2523/2296 2647/2947/2647
f 3344/3877/3344 1207/1292/1207 3345/3878/3345
f 3175/3647/3175 3176/3648/3176 3346/3879/3346
f 3347/3880/3347 3348/3881/3348 793/3882/793
f 3347/3880/3347 793/3882/793 792/3883/792
f 3349/3884/3349 2849/3213/2849 2851/3215/2851
f 3350/3885/3350 1693/1815/1693 2894/3886/2894
f 3351/3887/3351 3352/3888/3352 3353/3889/3353
f 758/797/758 757/796/757 3354/3890/3354
f 2176/3891/2176 2578/2866/2578 3355/3892/3355
f 3356/3893/3356 2944/3349/2944 2964/3375/2964
f 3357/3894/3357 3358/3895/3358 2702/3896/2702
f 2426/2671/2426 2288/2512/2288 3359/3897/3359
f 1778/2669/1778 2426/2671/2426 3359/3897/3359
f 3360/3898/3360 3361/3899/3361 3362/3900/3362
f 3363/3901/3363 3364/3902/3364 3365/3903/3365
f 3366/3904/3366 2407/2650/2407 3367/3905/3367
f 1896/3906/1896 3368/3907/3368 1830/1970/1830
f 3251/3746/3251 3081/3521/3081 2322/2554/2322
f 3369/3908/3369 1911/2063/1911 1276/1366/1276
f 1275/1365/1275 3369/3908/3369 1276/1366/1276
f 848/896/848 3370/3909/3370 3371/3910/3371
f 848/896/848 3371/3910/3371 849/897/849
f 1418/1517/1418 3372/3911/3372 1180/1518/1180
f 3373/3912/3373 3374/3913/3374 3375/3914/3375
f 2803/3148/2803 2326/3147/2326 3376/3915/3376
f 2803/3148/2803 3376/3915/3376 3227/3716/3227
f 3377/3916/3377 2853/3219/2853 3378/3917/3378
f 234/3918/234 2540/3919/2540 3379/3920/3379
f 837/885/837 3380/3921/3380 3198/3677/3198
f 3381/3922/3381 239/3923/239 3382/3924/3382
f 1404/3925/1404 256/265/256 770/3926/770
f 1664/1781/1664 1663/1780/1663 3383/3927/3383
f 1987/2150/1987 1100/1171/1100 1099/1170/1099
f 3121/3928/3121 1979/2140/1979 3351/3887/3351
f 672/3929/672 3384/3930/3384 3385/3931/3385
f 1766/1902/1766 1765/1901/1765 3264/3760/3264
f 1766/1902/1766 3264/3760/3264 1175/1252/1175
f 1657/1773/1657 3386/3932/3386 1658/1774/1658
f 982/1041/982 981/1040/981 1058/1125/1058
f 3206/3933/3206 3387/3934/3387 3388/3935/3388
f 3389/3936/3389 2547/3220/2547 2853/3219/2853
f 2237/2449/2237 3389/3936/3389 2853/3219/2853
f 3390/3937/3390 2520/3938/2520 3391/3939/3391
f 3161/3940/3161 2927/3328/2927 2448/3330/2448
f 3392/3941/3392 3096/3543/3096 2247/2460/2247
f 2388/2626/2388 2246/2462/2246 878/3942/878
f 2948/3943/2948 3393/3944/3393 3394/3945/3394
f 2949/3946/2949 2948/3943/2948 3394/3945/3394
f 2836/3198/2836 1183/1263/1183 1217/1303/1217
f 3395/3947/3395 761/800/761 263/3948/263
f 3396/3949/3396 3397/3950/3397 496/513/496
f 651/3951/651 3398/3952/3398 652/3953/652
f 3399/3954/3399 3400/3955/3400 3401/3956/3401
f 1857/2003/1857 1856/2002/1856 3402/3957/3402
f 3116/3573/3116 3115/3572/3115 3403/3958/3403
f 3116/3573/3116 3403/3958/3403 3404/3959/3404
f 3405/3960/3405 3406/3961/3406 3407/3962/3407
f 1594/1701/1594 1731/3963/1731 3408/3964/3408
f 2094/2276/2094 1764/1900/1764 1766/1902/1766
f 270/279/270 2284/2505/2284 3409/3965/3409
f 3410/3966/3410 3411/3967/3411 3412/3968/3412
f 112/119/112 3410/3966/3410 3412/3968/3412
f 3413/3969/3413 2950/3360/2950 2949/3359/2949
f 3414/3970/3414 2726/3053/2726 2621/2916/2621
f 3415/3971/3415 3155/3621/3155 3416/3972/3416
f 539/559/539 1789/1926/1789 83/3973/83
f 2665/2973/2665 3417/3974/3417 3418/3975/3418
f 3419/3976/3419 3420/3977/3420 3421/3978/3421
f 389/475/389 460/477/460 3088/3979/3088
f 2633/2931/2633 389/475/389 3088/3979/3088
f 1869/2015/1869 1871/2017/1871 3422/3980/3422
f 3243/3737/3243 3423/3981/3423 3244/3738/3244
f 1666/1784/1666 1199/1281/1199 984/1043/984
f 2130/3982/2130 2033/2204/2033 2154/2348/2154
f 898/952/898 3424/3983/3424 3425/3984/3425
f 1442/3985/1442 1441/3986/1441 3426/3987/3426
f 1442/3985/1442 3426/3987/3426 3427/3988/3427
f 3428/3989/3428 3429/3990/3429 2476/2737/2476
f 1295/3991/1295 3391/3992/3391 3430/3993/3430
f 3431/3994/3431 2509/2776/2509 1965/2125/1965
f 1434/1534/1434 823/870/823 822/869/822
f 3432/3995/3432 1568/3996/1568 1570/3997/1570
f 747/783/747 1770/1906/1770 3433/3998/3433
f 3434/3999/3434 3435/4000/3435 2902/3294/2902
f 623/647/623 625/649/625 2253/2468/2253
f 3215/3698/3215 3214/3697/3214 3390/3937/3390
f 3215/3698/3215 3390/3937/3390 3436/4001/3436
f 275/284/275 277/286/277 21/25/21
f 1363/1460/1363 3437/4002/3437 3438/4003/3438
f 186/4004/186 1788/4005/1788 3439/4006/3439
f 3440/4007/3440 3441/4008/3441 2405/2648/2405
f 2390/2628/2390 1500/1601/1500 3442/4009/3442
f 1168/3191/1168 3443/4010/3443 1278/4011/1278
f 3444/4012/3444 3445/4013/3445 3446/4014/3446
f 242/251/242 3447/4015/3447 243/252/243
f 2258/4016/2258 3448/4017/3448 3449/4018/3449
f 2258/2474/2258 3449/4019/3449 2259/2475/2259
f 921/975/921 885/939/885 884/938/884
f 871/922/871 163/170/163 165/172/165
f 3450/4020/3450 3451/4021/3451 2703/3021/2703
f 1377/1474/1377 1035/1099/1035 3452/4022/3452
f 2841/3203/2841 3453/4023/3453 3454/4024/3454
f 3131/3590/3131 2912/3306/2912 3455/4025/3455
f 3456/4026/3456 3131/3590/3131 3455/4025/3455
f 214/223/214 216/225/216 3457/4027/3457
f 3458/4028/3458 2301/2529/2301 2303/2531/2303
f 2660/4029/2660 381/392/381 3459/4030/3459
f 2660/4029/2660 3459/4030/3459 3460/4031/3460
f 1554/1658/1554 186/1925/186 185/4032/185
f 3461/4033/3461 3462/4034/3462 3463/4035/3463
f 3464/4036/3464 3465/4037/3465 127/134/127
f 3466/4038/3466 1297/1389/1297 2822/4039/2822
f 3283/3788/3283 1777/1913/1777 1776/1912/1776
f 3467/4040/3467 3283/3788/3283 1776/1912/1776
f 1231/1318/1231 955/1013/955 1232/1319/1232
f 1805/1943/1805 1804/1942/1804 2271/2490/2271
f 2534/2809/2534 1805/1943/1805 2271/2490/2271
f 2175/2375/2175 330/339/330 3468/4041/3468
f 1263/3704/1263 1262/4042/1262 3219/3705/3219
f 3469/4043/3469 3470/4044/3470 3471/4045/3471
f 3472/4046/3472 3473/4047/3473 3148/3611/3148
f 1831/1971/1831 3137/3597/3137 2044/2215/2044
f 3185/4048/3185 1580/4049/1580 3474/4050/3474
f 2128/4051/2128 3185/4048/3185 3474/4050/3474
f 1990/2153/1990 916/1334/916 1419/1519/1419
f 1232/1319/1232 957/1015/957 3475/4052/3475
f 2714/3034/2714 2717/3037/2717 3476/4053/3476
f 3477/4054/3477 2340/2573/2340 3478/4055/3478
f 3273/3774/3273 812/859/812 3479/4056/3479
f 3480/4057/3480 3481/4058/3481 3482/4059/3482
f 1502/2940/1502 2643/2942/2643 3483/4060/3483
f 3484/4061/3484 3485/4062/3485 784/4063/784
f 1652/1768/1652 3486/4064/3486 3487/4065/3487
f 3278/4066/3278 3488/4067/3488 1794/1932/1794
f 1057/1124/1057 22/4068/22 3489/4069/3489
f 3490/4070/3490 3491/4071/3491 3492/4072/3492
f 2870/3248/2870 2572/2859/2572 2571/2858/2571
f 2203/4073/2203 3452/4022/3452 3493/4074/3493
f 2203/4073/2203 3493/4074/3493 2204/3849/2204
f 3494/4075/3494 2463/2723/2463 1371/1468/1371
f 1405/1502/1405 152/159/152 3495/4076/3495
f 3496/4077/3496 3497/4078/3497 2520/2793/2520
f 3498/4079/3498 935/4080/935 2559/2843/2559
f 1236/4081/1236 1235/4082/1235 1113/1184/1113
f 379/390/379 3499/4083/3499 380/391/380
f 2028/2199/2028 3500/4084/3500 1300/1392/1300
f 1650/1766/1650 3501/4085/3501 1651/1767/1651
f 3502/4086/3502 3503/4087/3503 2386/2624/2386
f 3504/4088/3504 3505/4089/3505 782/824/782
f 3506/4090/3506 1464/1564/1464 3507/4091/3507
f 3031/3459/3031 2601/2890/2601 3508/4092/3508
f 3509/4093/3509 3510/4094/3510 3511/4095/3511
f 765/804/765 3512/4096/3512 2654/2956/2654
f 2653/2955/2653 765/804/765 2654/2956/2654
f 3513/4097/3513 893/947/893 895/949/895
f 2887/4098/2887 3514/4099/3514 1016/4100/1016
f 473/4101/473 472/4102/472 2504/4103/2504
f 186/4004/186 3439/4006/3439 2831/4104/2831
f 1943/2100/1943 50/2099/50 3515/4105/3515
f 245/4106/245 920/974/920 1536/1640/1536
f 3516/4107/3516 338/347/338 1677/1797/1677
f 3113/3570/3113 470/487/470 469/486/469
f 3517/4108/3517 1821/1961/1821 1820/1960/1820
f 3518/4109/3518 2456/2713/2456 3519/4110/3519
f 2216/2424/2216 3520/4111/3520 1853/1999/1853
f 2654/2956/2654 3512/4096/3512 2655/2957/2655
f 3521/4112/3521 2590/2879/2590 3522/4113/3522
f 1771/1907/1771 1559/1664/1559 3523/4114/3523
f 709/4115/709 3524/4116/3524 710/936/710
f 355/364/355 2520/2793/2520 2454/2795/2454
f 3525/4117/3525 1150/1225/1150 2664/4118/2664
f 3526/4119/3526 3527/4120/3527 3528/4121/3528
f 1379/3070/1379 3529/4122/3529 2865/4123/2865
f 3530/4124/3530 3531/4125/3531 3532/4126/3532
f 3533/4127/3533 3530/4124/3530 3532/4126/3532
f 3078/3518/3078 3197/4128/3197 1565/4129/1565
f 1975/2135/1975 1847/1993/1847 3534/4130/3534
f 286/295/286 2404/2647/2404 287/296/287
f 237/246/237 1604/1713/1604 238/247/238
f 2728/3055/2728 3535/4131/3535 2729/3056/2729
f 3536/4132/3536 3537/4133/3537 3538/4134/3538
f 381/392/381 383/394/383 3459/4030/3459
f 2080/2259/2080 330/339/330 2175/2375/2175
f 1865/2011/1865 3539/4135/3539 3540/4136/3540
f 3541/4137/3541 3542/4138/3542 3543/4139/3543
f 3544/4140/3544 3545/4141/3545 1311/1406/1311
f 1333/1428/1333 3546/4142/3546 280/289/280
f 504/4143/504 3353/4144/3353 3547/4145/3547
f 2640/2938/2640 3158/3624/3158 1968/2128/1968
f 289/298/289 291/300/291 3028/4146/3028
f 3039/3468/3039 2020/3469/2020 2023/4147/2023
f 2894/4148/2894 2893/4149/2893 3548/4150/3548
f 2423/4151/2423 3460/4031/3460 2421/4152/2421
f 2350/2585/2350 2140/2332/2140 3549/4153/3549
f 3545/4154/3545 854/903/854 3550/4155/3550
f 1311/1406/1311 3545/4141/3545 3550/4156/3550
f 3150/3614/3150 1229/4157/1229 693/724/693
f 3551/4158/3551 1543/1647/1543 3552/4159/3552
f 1113/1184/1113 3553/4160/3553 1532/1636/1532
f 2819/4161/2819 574/4162/574 3554/4163/3554
f 1731/1861/1731 734/770/734 2787/4164/2787
f 3085/4165/3085 1205/1288/1205 3555/4166/3555
f 3411/4167/3411 178/185/178 177/184/177
f 3556/4168/3556 3046/3477/3046 3045/3476/3045
f 3557/4169/3557 3556/4168/3556 3045/3476/3045
f 499/4170/499 3555/4171/3555 3558/4172/3558
f 1809/1949/1809 1839/3444/1839 149/156/149
f 1695/1819/1695 3559/4173/3559 3560/4174/3560
f 2502/2765/2502 3561/4175/3561 2503/2766/2503
f 3562/4176/3562 356/367/356 359/370/359
f 3563/4177/3563 1264/1352/1264 1266/1354/1266
f 3564/4178/3564 3565/4179/3565 3566/4180/3566
f 2750/3082/2750 3564/4178/3564 3566/4180/3566
f 3567/4181/3567 2830/4182/2830 1335/1430/1335
f 3567/4181/3567 1335/1430/1335 442/454/442
f 3568/4183/3568 1954/2114/1954 3569/4184/3569
f 1876/2022/1876 2336/2569/2336 2338/2571/2338
f 3473/4047/3473 3570/4185/3570 3148/3611/3148
f 2663/2971/2663 3184/3657/3184 3571/4186/3571
f 2663/2971/2663 3571/4186/3571 3572/4187/3572
f 3573/4188/3573 3574/4189/3574 3575/4190/3575
f 460/883/460 837/885/837 3198/3677/3198
f 3088/3676/3088 460/883/460 3198/3677/3198
f 2404/2647/2404 2923/3322/2923 287/296/287
f 3576/4191/3576 840/888/840 3577/4192/3577
f 1986/2149/1986 2676/2988/2676 3578/4193/3578
f 3579/4194/3579 3580/4195/3580 3581/4196/3581
f 3582/4197/3582 3579/4194/3579 3581/4196/3581
f 3294/3803/3294 376/387/376 375/386/375
f 973/1032/973 1912/2364/1912 3583/4198/3583
f 3584/4199/3584 3585/4200/3585 3586/4201/3586
f 3587/4202/3587 3588/4203/3588 1480/4204/1480
f 1208/4205/1208 2529/2804/2529 2694/3008/2694
f 1029/4206/1029 1208/4205/1208 2694/3008/2694
f 3581/4196/3581 888/942/888 161/168/161
f 3589/4207/3589 1280/1371/1280 1279/1370/1279
f 2281/2502/2281 3590/4208/3590 2282/2503/2282
f 1688/1808/1688 3591/4209/3591 3592/4210/3592
f 3593/4211/3593 3594/4212/3594 275/284/275
f 3595/4213/3595 3195/3672/3195 2281/2502/2281
f 1823/4214/1823 371/4215/371 3596/4216/3596
f 3597/4217/3597 3598/4218/3598 2754/4219/2754
f 3597/4217/3597 2754/4219/2754 1156/1231/1156
f 3599/4220/3599 3484/4061/3484 3600/4221/3600
f 3601/4222/3601 3602/4223/3602 3603/4224/3603
f 1702/3261/1702 1701/4225/1701 2879/3262/2879
f 3448/4017/3448 1698/1822/1698 3449/4018/3449
f 2073/4226/2073 3604/4227/3604 3605/4228/3605
f 3606/4229/3606 56/4230/56 1193/1275/1193
f 3607/4231/3607 3608/4232/3608 3609/4233/3609
f 1128/1199/1128 3607/4234/3607 3609/4235/3609
f 1270/1709/1270 1751/4236/1751 2848/3212/2848
f 897/951/897 1411/1509/1411 898/952/898
f 2735/3065/2735 2906/3299/2906 2908/3301/2908
f 192/199/192 3610/4237/3610 193/200/193
f 3611/4238/3611 3023/3451/3023 3024/3452/3024
f 1861/3659/1861 2275/2495/2275 2276/2496/2276
f 3508/4239/3508 2563/2848/2563 690/2847/690
f 748/4240/748 1857/2003/1857 3612/4241/3612
f 371/4215/371 3613/4242/3613 3596/4216/3596
f 2573/2861/2573 1111/1182/1111 1110/1181/1110
f 3284/3791/3284 222/4243/222 940/994/940
f 2585/3789/2585 3284/3791/3284 940/994/940
f 3614/4244/3614 851/900/851 2016/2185/2016
f 3615/4245/3615 3091/3535/3091 3616/4246/3616
f 1170/4247/1170 1169/1367/1169 1276/1366/1276
f 1617/1728/1617 1616/1727/1616 3617/4248/3617
f 1040/1104/1040 926/4249/926 3618/4250/3618
f 2110/2298/2110 3619/4251/3619 3620/4252/3620
f 2307/2536/2307 1043/1107/1043 1046/1110/1046
f 2962/3373/2962 2748/4253/2748 2963/3374/2963
f 3621/4254/3621 1450/4255/1450 3622/4256/3622
f 3623/4257/3623 3624/4258/3624 3433/3998/3433
f 3625/4259/3625 3626/4260/3626 3627/4261/3627
f 3628/4262/3628 788/830/788 2889/4263/2889
f 2122/2313/2122 2333/2566/2333 3629/4264/3629
f 3630/4265/3630 3631/4266/3631 3632/4267/3632
f 3630/4265/3630 3632/4267/3632 3633/4268/3633
f 3634/4269/3634 1382/1479/1382 1381/1478/1381
f 3635/4270/3635 3636/4271/3636 3637/4272/3637
f 1186/1268/1186 3638/4273/3638 1938/4274/1938
f 467/484/467 3639/4275/3639 3640/4276/3640
f 312/321/312 1035/1099/1035 1376/1473/1376
f 3641/4277/3641 3642/4278/3642 3643/4279/3643
f 3644/4280/3644 3645/4281/3645 2342/2575/2342
f 2890/3278/2890 1041/1105/1041 3646/4282/3646
f 2716/4283/2716 2632/4284/2632 3647/4285/3647
f 992/1051/992 3155/3621/3155 3648/4286/3648
f 1066/1133/1066 1509/4287/1509 232/241/232
f 1064/1131/1064 1066/1133/1066 232/241/232
f 3649/4288/3649 3650/4289/3650 3651/4290/3651
f 688/4291/688 1135/1206/1135 510/4292/510
f 3652/4293/3652 844/3844/844 616/640/616
f 3121/3578/3121 3351/4294/3351 3653/4295/3653
f 1065/1132/1065 3171/4296/3171 1066/1133/1066
f 3654/4297/3654 918/972/918 3655/4298/3655
f 3656/4299/3656 813/860/813 815/862/815
f 798/844/798 2161/3043/2161 1477/1577/1477
f 3657/4300/3657 317/326/317 368/1828/368
f 3658/4301/3658 2046/2217/2046 3563/4177/3563
f 3658/4301/3658 3563/4177/3563 2225/2435/2225
f 1170/1247/1170 2722/3042/2722 1171/1248/1171
f 1658/1774/1658 251/260/251 3659/4302/3659
f 2501/2764/2501 3660/4303/3660 140/147/140
f 830/4304/830 3661/4305/3661 3662/4306/3662
f 3663/4307/3663 2525/2800/2525 2527/2802/2527
f 1644/1760/1644 375/386/375 1969/2129/1969
f 2922/3321/2922 2921/3320/2921 1583/1689/1583
f 2979/4308/2979 2342/2575/2342 2344/2577/2344
f 3664/4309/3664 2400/2640/2400 3665/4310/3665
f 146/153/146 145/152/145 2254/2469/2254
f 2268/4311/2268 2269/4312/2269 783/825/783
f 3666/4313/3666 3667/4314/3667 3668/4315/3668
f 428/439/428 790/832/790 429/440/429
f 1132/2198/1132 836/4316/836 2028/2199/2028
f 1918/2070/1918 970/1029/970 2521/2796/2521
f 3669/4317/3669 1240/1327/1240 3167/4318/3167
f 3004/3431/3004 2219/2427/2219 3670/4319/3670
f 1485/1585/1485 3671/4320/3671 2430/2677/2430
f 3102/3552/3102 388/399/388 387/398/387
f 2147/2340/2147 671/1783/671 1519/2341/1519
f 1021/1082/1021 1020/1081/1020 3539/4135/3539
f 1021/1082/1021 3539/4135/3539 1121/4321/1121
f 2224/2434/2224 3658/4301/3658 2225/2435/2225
f 1199/1281/1199 3672/4322/3672 1200/1282/1200
f 3673/4323/3673 1251/4324/1251 3527/4120/3527
f 84/91/84 3674/4325/3674 3607/4231/3607
f 82/89/82 84/91/84 3607/4231/3607
f 3112/3567/3112 3362/3900/3362 3361/3899/3361
f 3010/3437/3010 3009/3436/3009 2945/3350/2945
f 3675/4326/3675 73/80/73 763/802/763
f 3675/4326/3675 763/802/763 3676/4327/3676
f 1121/1192/1121 1120/1191/1120 3677/4328/3677
f 1210/1295/1210 3248/3742/3248 3678/4329/3678
f 3679/4330/3679 3051/3482/3051 3680/4331/3680
f 3679/4330/3679 3680/4331/3680 3681/4332/3681
f 1545/1649/1545 1547/1651/1547 2594/3413/2594
f 1618/4333/1618 3682/4334/3682 1619/4335/1619
f 3683/4336/3683 3370/3909/3370 848/896/848
f 3684/4337/3684 2061/4338/2061 2099/2281/2099
f 3026/4339/3026 3685/4340/3685 3261/4341/3261
f 3027/3455/3027 3026/3454/3026 3261/4342/3261
f 3299/3808/3299 3686/4343/3686 3300/3809/3300
f 3539/4135/3539 1655/1771/1655 1121/4321/1121
f 3687/4344/3687 1325/1420/1325 171/4345/171
f 3688/4346/3688 3689/4347/3689 3690/4348/3690
f 2533/2808/2533 1805/1943/1805 2534/2809/2534
f 1830/1970/1830 3368/3907/3368 3691/4349/3691
f 812/859/812 811/858/811 3479/4056/3479
f 3692/4350/3692 3693/4351/3693 874/4352/874
f 3621/4254/3621 1451/4353/1451 1450/4255/1450
f 3694/4354/3694 1520/1623/1520 1522/1625/1522
f 349/4355/349 351/4356/351 3695/4357/3695
f 3696/4358/3696 450/465/450 453/468/453
f 2185/2385/2185 2187/2387/2187 3697/4359/3697
f 2185/2385/2185 3697/4359/3697 3698/4360/3698
f 3699/4361/3699 3700/4362/3700 1540/4363/1540
f 518/536/518 520/538/520 3701/4364/3701
f 3702/4365/3702 3703/4366/3703 3704/4367/3704
f 3705/4368/3705 3706/4369/3706 3025/3453/3025
f 2975/3388/2975 3707/4370/3707 3708/4371/3708
f 1153/1228/1153 3709/4372/3709 3710/4373/3710
f 1614/4374/1614 3631/4266/3631 3630/4265/3630
f 2558/4375/2558 3711/4376/3711 1059/2921/1059
f 1169/1246/1169 1171/1248/1171 3712/4377/3712
f 3713/4378/3713 2397/2637/2397 907/2636/907
f 3714/4379/3714 2144/2336/2144 3715/4380/3715
f 2931/4381/2931 3714/4379/3714 3715/4380/3715
f 2458/4382/2458 3716/4383/3716 3717/4384/3717
f 3718/4385/3718 3719/4386/3719 3720/4387/3720
f 910/964/910 909/963/909 1090/4388/1090
f 3721/4389/3721 3722/4390/3722 2078/2257/2078
f 1230/1317/1230 3721/4389/3721 2078/2257/2078
f 1221/4391/1221 3723/4392/3723 3724/4393/3724
f 2007/2176/2007 3725/4394/3725 2008/2177/2008
f 3726/4395/3726 3727/4396/3727 2403/4397/2403
f 3728/4398/3728 2485/2747/2485 3729/4399/3729
f 1454/1554/1454 295/304/295 2895/3285/2895
f 360/371/360 2999/3424/2999 361/372/361
f 3730/4400/3730 848/896/848 847/895/847
f 3731/4401/3731 3520/4111/3520 3732/4402/3732
f 3731/4403/3731 3732/4404/3732 1463/1563/1463
f 2045/2216/2045 3733/4405/3733 3734/4406/3734
f 3735/4407/3735 1182/1260/1182 3736/4408/3736
f 3737/4409/3737 3078/3518/3078 768/807/768
f 3738/4410/3738 172/179/172 1205/1288/1205
f 2672/2984/2672 2612/4411/2612 2673/2985/2673
f 2814/3163/2814 1929/2084/1929 1928/2083/1928
f 3739/4412/3739 3740/4413/3740 1425/1525/1425
f 3130/3589/3130 2387/2625/2387 3741/4414/3741
f 3742/4415/3742 2614/2904/2614 2616/2906/2616
f 1024/1085/1024 1025/1086/1025 3743/4416/3743
f 1024/1085/1024 3743/4416/3743 3445/4013/3445
f 3110/3564/3110 3109/3563/3109 3744/4417/3744
f 3745/4418/3745 2629/2926/2629 2628/2925/2628
f 3746/4419/3746 3747/4420/3747 810/857/810
f 3748/4421/3748 3749/4422/3749 3750/4423/3750
f 3751/4424/3751 3723/4392/3723 1221/4391/1221
f 3445/4013/3445 3743/4416/3743 3446/4014/3446
f 79/86/79 2537/2812/2537 80/87/80
f 3752/4425/3752 1689/1809/1689 299/4426/299
f 2863/3240/2863 625/4427/625 624/4428/624
f 1909/4429/1909 3753/4430/3753 3754/4431/3754
f 2156/2351/2156 3755/4432/3755 2157/2352/2157
f 3756/4433/3756 2796/3136/2796 128/135/128
f 2184/2384/2184 3757/4434/3757 3758/4435/3758
f 3759/4436/3759 3760/4437/3760 283/4438/283
f 3239/3733/3239 3241/3735/3241 3761/4439/3761
f 2184/2384/2184 3758/4435/3758 2042/2213/2042
f 3762/4440/3762 3763/4441/3763 3764/4442/3764
f 1666/1784/1666 2147/2340/2147 1199/1281/1199
f 2743/3075/2743 1610/1720/1610 3765/4443/3765
f 2806/3152/2806 3074/3514/3074 2807/3153/2807
f 3766/4444/3766 3767/4445/3767 2278/4446/2278
f 3559/4173/3559 3768/4447/3768 199/4448/199
f 1941/2096/1941 77/84/77 3769/4449/3769
f 956/1014/956 3770/4450/3770 957/1015/957
f 79/86/79 712/4451/712 3096/4452/3096
f 2929/4453/2929 3771/4454/3771 189/4455/189
f 2929/3331/2929 189/4456/189 2634/3332/2634
f 3365/4457/3365 3364/4458/3364 3772/4459/3772
f 3079/4460/3079 3773/4461/3773 3774/4462/3774
f 360/371/360 2998/3423/2998 2999/3424/2999
f 2389/4463/2389 2300/4464/2300 3775/4465/3775
f 1275/1365/1275 3776/4466/3776 3777/4467/3777
f 2031/2202/2031 3778/4468/3778 3779/4469/3779
f 1450/1550/1450 565/585/565 3222/3709/3222
f 3659/4302/3659 251/260/251 250/259/250
f 2425/2670/2425 3780/4470/3780 2426/2671/2426
f 999/4471/999 3781/4472/3781 1000/4473/1000
f 1091/4474/1091 3782/4475/3782 3783/4476/3783
f 743/779/743 2306/2535/2306 744/780/744
f 3784/4477/3784 3325/3847/3325 1194/1276/1194
f 3785/4478/3785 2081/2260/2081 2076/2254/2076
f 2301/4479/2301 3425/4480/3425 2302/4481/2302
f 3786/4482/3786 1064/1131/1064 231/240/231
f 1840/4483/1840 3787/4484/3787 1192/1274/1192
f 3788/4485/3788 3789/4486/3789 3790/4487/3790
f 1666/1784/1666 671/1783/671 2147/2340/2147
f 3727/4488/3727 3791/4489/3791 2403/2646/2403
f 524/542/524 497/4490/497 2614/2904/2614
f 1773/1909/1773 1862/2008/1862 2940/4491/2940
f 3370/3909/3370 1310/1405/1310 1312/1407/1312
f 3792/4492/3792 3793/4493/3793 3794/4494/3794
f 3792/4492/3792 3794/4494/3794 3795/4495/3795
f 1088/4496/1088 1087/4497/1087 3796/4498/3796
f 2813/4499/2813 2932/3336/2932 2495/2758/2495
f 3797/4500/3797 3798/4501/3798 3799/4502/3799
f 821/868/821 1725/1852/1725 606/1851/606
f 3800/4503/3800 77/84/77 78/85/78
f 2703/4504/2703 2445/2701/2445 3017/3445/3017
f 2689/3003/2689 3801/4505/3801 3802/4506/3802
f 1998/3133/1998 1297/1389/1297 1296/1388/1296
f 3803/4507/3803 3804/4508/3804 1492/1593/1492
f 2513/2784/2513 348/357/348 3805/4509/3805
f 3806/4510/3806 1002/1063/1002 1366/1463/1366
f 3807/4511/3807 3808/4512/3808 3809/4513/3809
f 3669/4317/3669 3167/4318/3167 2893/4514/2893
f 3810/4515/3810 3669/4516/3669 2893/3283/2893
f 954/1012/954 3811/4517/3811 946/1004/946
f 3812/4518/3812 3813/4519/3813 3778/4468/3778
f 3814/4520/3814 1656/4521/1656 3815/4522/3815
f 2114/4523/2114 2085/2266/2085 3217/4524/3217
f 2857/3224/2857 2484/2746/2484 3816/4525/3816
f 3333/3864/3333 2530/2805/2530 3817/4526/3817
f 3333/3864/3333 3817/4526/3817 3334/3865/3334
f 1165/1242/1165 1164/1241/1164 2001/2510/2001
f 3818/4527/3818 3699/4361/3699 1539/4528/1539
f 3819/4529/3819 2957/3367/2957 2958/3369/2958
f 334/4530/334 2171/4531/2171 335/4532/335
f 718/754/718 946/1004/946 949/1007/949
f 1424/4533/1424 720/756/720 722/758/722
f 103/110/103 2095/2277/2095 1175/1252/1175
f 2253/4534/2253 3820/4535/3820 3821/4536/3821
f 171/4345/171 170/4537/170 3687/4344/3687
f 3822/4538/3822 3823/4539/3823 1304/4540/1304
f 911/4541/911 2639/2937/2639 2640/2938/2640
f 3053/4542/3053 2746/4543/2746 1036/4544/1036
f 2631/2928/2631 2630/2927/2630 3824/4545/3824
f 3825/4546/3825 3826/4547/3826 3827/4548/3827
f 3828/4549/3828 2006/2175/2006 659/689/659
f 537/557/537 3828/4549/3828 659/689/659
f 3827/4548/3827 2185/2385/2185 3698/4360/3698
f 3829/4550/3829 3341/4551/3341 1665/1782/1665
f 3355/3892/3355 2578/2866/2578 2577/2865/2577
f 3830/4552/3830 3831/4553/3831 3526/4119/3526
f 431/2147/431 3832/4554/3832 1051/1117/1051
f 3833/4555/3833 3834/4556/3834 1648/1764/1648
f 1819/4557/1819 3835/4558/3835 3836/4559/3836
f 1822/2305/1822 3837/4560/3837 3838/4561/3838
f 1822/2305/1822 3838/4561/3838 2116/2306/2116
f 2375/2610/2375 3839/4562/3839 1799/1937/1799
f 3840/4563/3840 3841/4564/3841 3842/4565/3842
f 3840/4563/3840 3842/4565/3842 3843/4566/3843
f 1929/2084/1929 2920/3319/2920 1930/2085/1930
f 3251/4567/3251 3844/4568/3844 2812/3161/2812
f 1716/1842/1716 3651/4290/3651 384/395/384
f 1716/1842/1716 384/395/384 386/397/386
f 3845/4569/3845 3846/4570/3846 3847/4571/3847
f 590/3050/590 2725/3052/2725 791/833/791
f 3388/4572/3388 865/914/865 3721/4389/3721
f 3848/4573/3848 665/2780/665 850/898/850
f 2828/3185/2828 3849/4574/3849 2118/3339/2118
f 3850/4575/3850 2828/3185/2828 2118/3339/2118
f 3851/4576/3851 3852/4577/3852 3853/4578/3853
f 3854/4579/3854 3855/4580/3855 2554/2836/2554
f 2553/2835/2553 3854/4579/3854 2554/2836/2554
f 1197/1279/1197 2295/2522/2295 3856/4581/3856
f 1713/1839/1713 3857/4582/3857 3858/4583/3858
f 1713/1839/1713 3858/4583/3858 2699/3017/2699
f 3814/4520/3814 3859/4584/3859 3860/4585/3860
f 2870/3248/2870 3861/4586/3861 2572/2859/2572
f 3624/4587/3624 3213/3696/3213 3613/4242/3613
f 2050/2436/2050 36/41/36 2051/4588/2051
f 2895/3285/2895 295/304/295 3862/4589/3862
f 3863/4590/3863 3864/4591/3864 3865/4592/3865
f 1452/1552/1452 2479/3286/2479 1976/2136/1976
f 1566/1671/1566 168/201/168 3866/4593/3866
f 3867/4594/3867 491/508/491 3473/4595/3473
f 3662/4306/3662 3859/4584/3859 3868/4596/3868
f 10/13/10 3869/4597/3869 3870/4598/3870
f 3871/4599/3871 3350/4600/3350 3548/4601/3548
f 3841/4602/3841 3072/4603/3072 3872/4604/3872
f 3841/4602/3841 3872/4604/3872 3873/4605/3873
f 3874/4606/3874 3875/4607/3875 3876/4608/3876
f 3877/4609/3877 3878/4610/3878 3879/4611/3879
f 2487/2749/2487 1006/1067/1006 1005/1066/1005
f 1631/1745/1631 2487/2749/2487 1005/1066/1005
f 3880/4612/3880 3881/4613/3881 2436/4614/2436
f 2355/4615/2355 3880/4612/3880 2436/4614/2436
f 382/3239/382 3882/4616/3882 383/4617/383
f 3434/4618/3434 1441/1541/1441 2822/4619/2822
f 2119/2309/2119 441/453/441 3883/4620/3883
f 2330/2563/2330 2332/2565/2332 1456/1556/1456
f 3180/3653/3180 3884/4621/3884 3885/4622/3885
f 2362/2597/2362 3886/4623/3886 3645/4281/3645
f 1948/2923/1948 3887/4624/3887 2442/2694/2442
f 1638/4625/1638 1501/1602/1501 2671/2983/2671
f 3888/4626/3888 962/1020/962 961/1019/961
f 3889/4627/3889 2352/3855/2352 1687/1807/1687
f 1740/4628/1740 3890/4629/3890 3891/4630/3891
f 398/4631/398 3892/4632/3892 3893/4633/3893
f 2983/3403/2983 2310/2540/2310 1963/2123/1963
f 3894/4634/3894 3895/4635/3895 3896/4636/3896
f 3212/4637/3212 1260/1348/1260 2892/4638/2892
f 23/28/23 25/30/25 1561/1666/1561
f 1728/1856/1728 23/28/23 1561/1666/1561
f 555/3688/555 554/4639/554 3208/3689/3208
f 1062/4640/1062 3897/4641/3897 3898/4642/3898
f 1063/4643/1063 1062/4640/1062 3898/4642/3898
f 739/775/739 738/774/738 1836/3858/1836
f 3899/4644/3899 3900/4645/3900 3901/4646/3901
f 1074/1143/1074 3902/4647/3902 3367/3905/3367
f 320/329/320 319/328/319 3903/4648/3903
f 3708/4649/3708 3315/3828/3315 303/312/303
f 3904/4650/3904 3905/4651/3905 3906/4652/3906
f 1915/2067/1915 3907/4653/3907 1916/2068/1916
f 3908/4654/3908 3909/4655/3909 758/4656/758
f 2477/4657/2477 3910/4658/3910 3911/4659/3911
f 1440/1540/1440 1439/1539/1439 3912/4660/3912
f 744/780/744 3913/4661/3913 983/1042/983
f 3914/4662/3914 1348/1443/1348 1349/1445/1349
f 621/4663/621 3915/4664/3915 2993/4665/2993
f 1925/2080/1925 3916/4666/3916 1926/2081/1926
f 3795/4495/3795 3845/4569/3845 143/150/143
f 2896/3287/2896 2898/3289/2898 2637/2935/2637
f 2378/4667/2378 3917/4668/3917 2767/3099/2767
f 1943/2100/1943 3515/4105/3515 3316/3829/3316
f 1859/2005/1859 1860/2006/1860 1741/1871/1741
f 3918/4669/3918 3919/4670/3919 3920/4671/3920
f 3921/4672/3921 3918/4673/3918 3920/4674/3920
f 466/3384/466 3922/4675/3922 467/4676/467
f 3747/4677/3747 1349/1445/1349 617/1444/617
f 1587/1693/1587 1022/1083/1022 2113/4678/2113
f 3492/4072/3492 3491/4071/3491 489/4679/489
f 3578/4193/3578 2535/2810/2535 2270/2489/2270
f 3578/4193/3578 2270/2489/2270 3923/4680/3923
f 2319/2550/2319 1434/1534/1434 822/869/822
f 3924/4681/3924 3925/4682/3925 3524/4116/3524
f 3926/4683/3926 3927/4684/3927 3928/4685/3928
f 3929/4686/3929 3292/4687/3292 2139/2331/2139
f 163/4688/163 2603/4689/2603 2602/4690/2602
f 1342/2285/1342 740/2284/740 2428/4691/2428
f 274/4692/274 2262/4693/2262 3930/4694/3930
f 3761/4439/3761 3241/3735/3241 3931/4695/3931
f 844/3844/844 613/637/613 616/640/616
f 3932/4696/3932 3933/4697/3933 3934/4698/3934
f 3935/4699/3935 3936/4700/3936 2844/4701/2844
f 2843/4702/2843 3935/4699/3935 2844/4701/2844
f 3529/4122/3529 1341/4703/1341 2865/4123/2865
f 3786/4482/3786 231/240/231 241/250/241
f 332/2970/332 2273/2492/2273 3184/3657/3184
f 332/2970/332 3184/3657/3184 2663/2971/2663
f 1247/4704/1247 3937/4705/3937 3337/3868/3337
f 3938/4706/3938 585/2948/585 2649/2950/2649
f 2235/2447/2235 2234/2446/2234 1134/1205/1134
f 3883/4620/3883 444/456/444 3297/3806/3297
f 3578/4193/3578 3923/4680/3923 1357/1454/1357
f 215/224/215 3939/4707/3939 216/225/216
f 182/4708/182 1772/1908/1772 183/4709/183
f 3442/4009/3442 3940/4710/3940 3941/4711/3941
f 3942/4712/3942 3943/4713/3943 3944/4714/3944
f 3401/3956/3401 94/101/94 3945/4715/3945
f 3401/3956/3401 3945/4715/3945 1227/1313/1227
f 3946/4716/3946 1125/1196/1125 1366/1463/1366
f 2830/4182/2830 1334/1429/1334 1335/1430/1335
f 2100/2282/2100 3947/4717/3947 118/125/118
f 2868/4718/2868 3223/3710/3223 2869/4719/2869
f 3892/4632/3892 2721/4720/2721 2720/4721/2720
f 3888/4626/3888 961/1019/961 3125/3583/3125
f 3693/4351/3693 3888/4626/3888 3125/3583/3125
f 1825/1965/1825 2759/3091/2759 3139/3599/3139
f 1825/1965/1825 3139/3599/3139 3515/4722/3515
f 3948/4723/3948 3659/4302/3659 250/259/250
f 3833/4555/3833 3949/4724/3949 3834/4556/3834
f 3950/4725/3950 3951/4726/3951 980/4727/980
f 1200/1282/1200 3672/4322/3672 3952/4728/3952
f 1074/1143/1074 1073/1142/1073 2984/3404/2984
f 3726/4729/3726 2403/2646/2403 3441/4008/3441
f 3953/4730/3953 3726/4395/3726 3441/4731/3441
f 2255/2470/2255 3954/4732/3954 3955/4733/3955
f 2747/4734/2747 2746/4543/2746 3053/4542/3053
f 1919/2071/1919 2756/3088/2756 1920/2072/1920
f 578/4735/578 3956/4736/3956 3957/4737/3957
f 3360/4738/3360 3538/4134/3538 3958/4739/3958
f 648/674/648 647/673/647 733/769/733
f 648/674/648 733/769/733 1305/1400/1305
f 3959/4740/3959 3960/4741/3960 3961/4742/3961
f 3805/4509/3805 3962/4743/3962 81/4744/81
f 2320/2551/2320 1279/1370/1279 3963/4745/3963
f 2320/4746/2320 3963/4747/3963 3964/4748/3964
f 2914/4749/2914 2916/4750/2916 2525/2800/2525
f 976/1035/976 979/1038/979 3965/4751/3965
f 1275/1365/1275 1274/1364/1274 3776/4466/3776
f 3966/4752/3966 3967/4753/3967 3623/4257/3623
f 3968/4754/3968 988/1047/988 2981/3400/2981
f 3969/4755/3969 2370/2605/2370 3970/4756/3970
f 993/1052/993 2744/3076/2744 2434/2681/2434
f 993/1052/993 2434/2681/2434 994/1053/994
f 2791/4757/2791 1337/4758/1337 1336/4759/1336
f 1905/2057/1905 3877/4760/3877 1906/2058/1906
f 2190/2391/2190 3174/3644/3174 440/3646/440
f 2190/2391/2190 440/3646/440 1673/4761/1673
f 3971/4762/3971 1409/4763/1409 3972/4764/3972
f 2677/4765/2677 3971/4762/3971 3972/4764/3972
f 2020/2190/2020 2316/4766/2316 2021/2191/2021
f 3973/4767/3973 3974/4768/3974 3975/4769/3975
f 3311/3824/3311 3976/4770/3976 2202/4771/2202
f 499/4170/499 3558/4172/3558 2615/4772/2615
f 1229/1315/1229 1230/1317/1230 2080/2259/2080
f 1755/1889/1755 3977/4773/3977 1686/1806/1686
f 3338/4774/3338 3978/4775/3978 3979/4776/3979
f 1880/2028/1880 122/4777/122 1881/2029/1881
f 688/719/688 510/527/510 3980/4778/3980
f 141/4779/141 3501/4085/3501 1650/1766/1650
f 139/4780/139 141/4779/141 1650/1766/1650
f 2223/4781/2223 667/697/667 669/699/669
f 3981/4782/3981 711/745/711 3982/4783/3982
f 3766/4444/3766 1396/1493/1396 67/74/67
f 3766/4444/3766 67/74/67 3767/4445/3767
f 2790/3129/2790 2569/2856/2569 2823/3180/2823
f 1413/1511/1413 2790/3129/2790 2823/3180/2823
f 1606/1715/1606 1278/1369/1278 1277/1368/1277
f 2893/3634/2893 3166/3633/3166 3548/4601/3548
f 3758/4784/3758 3983/4785/3983 3984/4786/3984
f 1442/1542/1442 2947/3357/2947 2950/3360/2950
f 1442/1542/1442 2950/3360/2950 1443/1543/1443
f 3911/4659/3911 2961/3372/2961 3918/4673/3918
f 3985/4787/3985 2027/2197/2027 2341/2574/2341
f 3404/3959/3404 3403/3958/3403 3986/4788/3986
f 3162/3628/3162 587/608/587 2393/4789/2393
f 3380/3921/3380 837/885/837 1243/1330/1243
f 3171/3640/3171 3965/4790/3965 2976/3389/2976
f 485/502/485 487/504/487 820/4791/820
f 263/272/263 876/2137/876 1977/2138/1977
f 3987/4792/3987 1225/1311/1225 3988/4793/3988
f 3759/4436/3759 3681/4332/3681 3760/4437/3760
f 2913/4794/2913 3989/4795/3989 2465/2725/2465
f 976/4796/976 3965/4797/3965 3990/4798/3990
f 1660/1777/1660 976/4796/976 3990/4798/3990
f 3991/4799/3991 3842/4565/3842 3873/4800/3873
f 900/954/900 1266/1354/1266 1265/1353/1265
f 3992/4801/3992 2338/2571/2338 3993/4802/3993
f 2279/4803/2279 2278/4446/2278 1286/1377/1286
f 1086/1155/1086 3994/4804/3994 2599/2888/2599
f 3995/4805/3995 3867/4594/3867 3996/4806/3996
f 3997/4807/3997 1741/1871/1741 2047/2218/2047
f 2825/3182/2825 2827/3184/2827 3998/4808/3998
f 3999/4809/3999 3983/4810/3983 3758/4811/3758
f 4000/4812/4000 4001/4813/4001 4002/4814/4002
f 881/934/881 1036/1100/1036 244/253/244
f 985/1044/985 984/1043/984 1200/1282/1200
f 3960/4815/3960 4003/4816/4003 498/515/498
f 1441/1541/1441 1443/1543/1443 2822/4619/2822
f 3361/3899/3361 3360/3898/3360 1767/4817/1767
f 4004/4818/4004 3998/4808/3998 4005/4819/4005
f 2880/3263/2880 2879/3262/2879 758/4820/758
f 1474/4821/1474 3762/4440/3762 3764/4442/3764
f 398/4631/398 3893/4633/3893 399/4822/399
f 4006/4823/4006 4007/4824/4007 1089/2421/1089
f 4008/4825/4008 2046/2217/2046 3658/4301/3658
f 4009/4826/4009 4008/4825/4008 3658/4301/3658
f 4010/4827/4010 4011/4828/4011 4012/4829/4012
f 4010/4830/4010 4012/4831/4012 4013/4832/4013
f 2005/2174/2005 1313/1408/1313 1316/1411/1316
f 2291/2518/2291 2410/2653/2410 4014/4833/4014
f 2582/2870/2582 651/3951/651 4015/4834/4015
f 2841/3203/2841 2840/3202/2840 3453/4023/3453
f 2084/4835/2084 2765/3097/2765 2472/2733/2472
f 3591/4209/3591 4016/4836/4016 3377/3916/3377
f 4017/4837/4017 3408/3964/3408 3234/3724/3234
f 1662/1779/1662 2826/4838/2826 1663/1780/1663
f 3074/3514/3074 3938/4706/3938 4018/4839/4018
f 4019/4840/4019 4020/4841/4020 1707/1833/1707
f 2899/3290/2899 4021/4842/4021 2900/3291/2900
f 4022/4843/4022 4023/4844/4023 328/337/328
f 604/625/604 675/3013/675 761/4845/761
f 2639/2937/2639 1643/1759/1643 1642/1758/1642
f 4024/4846/4024 531/549/531 530/548/530
f 330/339/330 329/338/329 3468/4041/3468
f 2760/3092/2760 1376/1473/1376 2882/4847/2882
f 329/338/329 4023/4844/4023 304/4848/304
f 141/4779/141 4025/4849/4025 1800/1938/1800
f 4026/4850/4026 4027/4851/4027 1575/1681/1575
f 1115/1186/1115 1116/1187/1116 194/4852/194
f 1607/1716/1607 1166/4853/1166 1606/1715/1606
f 4028/4854/4028 2631/4855/2631 3182/3655/3182
f 3535/4131/3535 4013/4832/4013 4029/4856/4029
f 619/3193/619 2164/3195/2164 4030/4857/4030
f 1863/2009/1863 1865/2011/1865 3540/4136/3540
f 4031/4858/4031 3666/4313/3666 2264/2482/2264
f 4032/4859/4032 4031/4858/4031 2264/2482/2264
f 3452/4022/3452 2203/4073/2203 2170/2370/2170
f 344/4860/344 2876/4861/2876 3733/4405/3733
f 183/190/183 4033/4862/4033 2996/3421/2996
f 1524/4863/1524 4034/4864/4034 1555/4865/1555
f 3482/4059/3482 3481/4058/3481 4035/4866/4035
f 1609/1719/1609 4036/4867/4036 2838/3200/2838
f 2057/2229/2057 2056/2228/2056 4037/4868/4037
f 2698/4869/2698 1144/1218/1144 676/707/676
f 4038/4870/4038 4039/4871/4039 4040/4872/4040
f 173/2726/173 2465/2725/2465 174/4873/174
f 3446/4874/3446 699/4875/699 550/570/550
f 3446/4874/3446 550/570/550 4041/4876/4041
f 2661/2967/2661 386/397/386 4042/4877/4042
f 2661/2967/2661 4042/4877/4042 4043/4878/4043
f 4044/4879/4044 1679/1799/1679 1678/1798/1678
f 1555/3834/1555 2488/2750/2488 1050/1114/1050
f 3071/3510/3071 3070/3509/3070 2135/2327/2135
f 4045/4880/4045 874/4352/874 4046/4881/4046
f 2963/4882/2963 2748/3080/2748 717/753/717
f 2963/4882/2963 717/753/717 3199/3679/3199
f 1665/1782/1665 2469/4883/2469 671/1783/671
f 2337/2570/2337 4047/4884/4047 236/4885/236
f 988/1047/988 987/1046/987 2309/2539/2309
f 2170/4886/2170 3671/4320/3671 2171/4531/2171
f 4043/4887/4043 4042/4888/4042 4048/4889/4048
f 632/656/632 631/655/631 2608/2897/2608
f 870/921/870 869/920/869 4049/4890/4049
f 4050/4891/4050 95/102/95 94/101/94
f 1774/1910/1774 2940/4491/2940 2939/4892/2939
f 2901/3293/2901 220/229/220 1622/1733/1622
f 3940/4893/3940 3483/4060/3483 3941/4894/3941
f 2240/2453/2240 4051/4895/4051 4052/4896/4052
f 2238/2450/2238 2240/2453/2240 4052/4896/4052
f 1731/3963/1731 2787/4897/2787 373/4898/373
f 2636/2934/2636 4053/4899/4053 873/4900/873
f 1094/1165/1094 2580/2868/2580 1095/1166/1095
f 1400/1497/1400 1402/1499/1402 120/3765/120
f 3716/4901/3716 4011/4828/4011 4010/4827/4010
f 3537/4133/3537 4054/4902/4054 4055/4903/4055
f 2408/2651/2408 59/4904/59 2666/2974/2666
f 2006/2175/2006 2008/2177/2008 2054/4905/2054
f 4056/4906/4056 3224/3711/3224 3223/3710/3223
f 377/388/377 4057/4907/4057 1398/1495/1398
f 1969/2129/1969 377/388/377 1398/1495/1398
f 909/963/909 1758/1892/1758 206/4908/206
f 2394/2632/2394 3078/3675/3078 4058/4909/4058
f 2738/3068/2738 1379/3070/1379 1378/4910/1378
f 1732/1862/1732 2738/3068/2738 1378/4910/1378
f 2901/3293/2901 1622/1733/1622 1621/1732/1621
f 2901/3293/2901 1621/1732/1621 3434/3999/3434
f 4059/4911/4059 2184/2384/2184 2041/2212/2041
f 4060/4912/4060 892/946/892 1348/4913/1348
f 4061/4914/4061 4006/4823/4006 4062/4915/4062
f 452/467/452 4063/4916/4063 412/4917/412
f 452/467/452 412/4917/412 4064/4918/4064
f 2929/4453/2929 875/928/875 1662/1779/1662
f 15/18/15 3344/4919/3344 1888/2036/1888
f 629/653/629 1087/2107/1087 2081/4920/2081
f 4065/4921/4065 1757/1891/1757 2470/4922/2470
f 2887/3273/2887 2795/4923/2795 4066/4924/4066
f 674/705/674 2441/2689/2441 672/703/672
f 2666/2974/2666 2406/2649/2406 2408/2651/2408
f 4067/4925/4067 2817/3166/2817 4068/4926/4068
f 2523/4927/2523 3204/3684/3204 3160/4928/3160
f 3585/4200/3585 2990/3411/2990 2181/2381/2181
f 3585/4200/3585 2181/2381/2181 3586/4201/3586
f 3157/4929/3157 4069/4930/4069 4070/4931/4070
f 3157/4929/3157 4070/4931/4070 3826/4547/3826
f 1926/2081/1926 390/401/390 3080/3520/3080
f 2829/4932/2829 1093/1164/1093 746/4933/746
f 1297/1389/1297 3466/4038/3466 2566/2852/2566
f 3970/4756/3970 2449/2705/2449 1978/2139/1978
f 1337/1432/1337 1518/4934/1518 1338/1433/1338
f 321/4935/321 1055/1122/1055 3636/4936/3636
f 1426/1526/1426 1425/1525/1425 1632/1746/1632
f 4049/4937/4049 2076/2254/2076 2075/2253/2075
f 3858/4583/3858 3857/4582/3857 4071/4938/4071
f 2288/2512/2288 4072/4939/4072 1620/2513/1620
f 2519/2792/2519 2518/2791/2518 1806/1944/1806
f 2519/2792/2519 1806/1944/1806 451/466/451
f 4073/4940/4073 3123/4941/3123 4074/4942/4074
f 4075/4943/4075 3831/4553/3831 4076/4944/4076
f 335/344/335 4077/4945/4077 3939/4707/3939
f 114/121/114 2356/2591/2356 115/122/115
f 2739/3069/2739 3529/4122/3529 1379/3070/1379
f 4078/4946/4078 2617/2907/2617 1967/4947/1967
f 4079/4948/4079 4078/4946/4078 1967/4947/1967
f 2216/2424/2216 3732/4402/3732 3520/4111/3520
f 2013/2182/2013 2668/2979/2668 2669/2980/2669
f 2595/4949/2595 3634/4950/3634 2596/4951/2596
f 4080/4952/4080 2122/2313/2122 3629/4264/3629
f 1146/1220/1146 1148/1222/1148 2536/4953/2536
f 4081/4954/4081 1146/1220/1146 2536/4953/2536
f 4082/4955/4082 3163/4956/3163 3488/4067/3488
f 4083/4957/4083 4082/4958/4082 3488/4959/3488
f 4084/4960/4084 4085/4961/4085 2871/3249/2871
f 4086/4962/4086 602/4963/602 4087/4964/4087
f 568/588/568 4088/4965/4088 4089/4966/4089
f 4090/4967/4090 2681/2994/2681 1996/2160/1996
f 817/864/817 1114/1185/1114 4091/4968/4091
f 817/864/817 4091/4968/4091 4092/4969/4092
f 2885/3269/2885 4093/4970/4093 3811/4517/3811
f 954/1012/954 2885/3269/2885 3811/4517/3811
f 4094/4971/4094 1219/1694/1219 1589/1696/1589
f 1591/1698/1591 2987/4972/2987 1592/1699/1592
f 939/993/939 938/992/938 4095/4973/4095
f 912/4974/912 1131/4975/1131 1133/4976/1133
f 2226/2437/2226 2050/2222/2050 4096/4977/4096
f 2226/2437/2226 4096/4977/4096 120/127/120
f 4097/4978/4097 2070/2246/2070 2069/2245/2069
f 4098/4979/4098 1273/1363/1273 816/4980/816
f 4099/4981/4099 4064/4982/4064 4100/4983/4100
f 4101/4984/4101 182/189/182 3293/3801/3293
f 4102/4985/4102 2885/3269/2885 954/1012/954
f 3411/4167/3411 4103/4986/4103 2262/4987/2262
f 3402/4988/3402 4104/4989/4104 2984/4990/2984
f 3054/3487/3054 3053/3486/3053 4105/4991/4105
f 2202/2403/2202 2201/2402/2201 4106/4992/4106
f 2910/4993/2910 912/4974/912 2256/4994/2256
f 4107/4995/4107 10/13/10 8/11/8
f 3247/4996/3247 4108/4997/4108 3248/4998/3248
f 1801/1939/1801 2423/2667/2423 2422/2666/2422
f 4109/4999/4109 4110/5000/4110 3945/5001/3945
f 4111/5002/4111 4112/5003/4112 4113/5004/4113
f 461/5005/461 4114/5006/4114 4115/5007/4115
f 461/5005/461 4115/5007/4115 462/840/462
f 4097/4978/4097 2069/2245/2069 1815/1955/1815
f 1062/1129/1062 2215/2423/2215 4116/5008/4116
f 2096/2278/2096 2098/2280/2098 3193/3670/3193
f 1504/1605/1504 2033/2204/2033 1505/1606/1505
f 4117/5009/4117 3296/3805/3296 1908/5010/1908
f 4118/5011/4118 2887/3273/2887 1016/1077/1016
f 2432/2679/2432 3467/5012/3467 1964/2124/1964
f 3660/4303/3660 4119/5013/4119 4025/5014/4025
f 1409/4763/1409 180/207/180 198/206/198
f 3035/5015/3035 3558/4172/3558 4120/5016/4120
f 3035/5015/3035 4120/5016/4120 2361/5017/2361
f 1471/5018/1471 3663/4307/3663 2527/2802/2527
f 4121/5019/4121 3833/4555/3833 4122/5020/4122
f 3195/3672/3195 4123/5021/4123 3590/4208/3590
f 3195/3672/3195 3590/4208/3590 2281/2502/2281
f 2727/3292/2727 2900/3291/2900 4124/5022/4124
f 2727/3292/2727 4124/5022/4124 4125/5023/4125
f 1950/2110/1950 1953/2113/1953 3187/3661/3187
f 3577/4192/3577 1010/5024/1010 4126/5025/4126
f 1707/1833/1707 4020/4841/4020 1708/1834/1708
f 2738/3068/2738 1732/1862/1732 1734/1864/1734
f 670/701/670 1071/1140/1071 3599/4220/3599
f 4127/5026/4127 3635/5027/3635 2379/2615/2379
f 3353/3889/3353 3352/3888/3352 2351/3856/2351
f 3638/4273/3638 4128/5028/4128 1938/4274/1938
f 354/5029/354 353/5030/353 3742/4415/3742
f 3593/4211/3593 275/284/275 4129/5031/4129
f 4130/5032/4130 571/591/571 570/590/570
f 338/347/338 337/346/337 4131/5033/4131
f 338/347/338 4131/5033/4131 2951/5034/2951
f 1736/1866/1736 3819/4529/3819 1737/1867/1737
f 4132/5035/4132 4133/5036/4133 4134/5037/4134
f 4135/5038/4135 4136/5039/4136 4137/5040/4137
f 863/916/863 866/915/866 3387/3934/3387
f 4138/5041/4138 863/916/863 3387/3934/3387
f 2381/5042/2381 1514/1617/1514 1435/1535/1435
f 409/420/409 4139/5043/4139 4140/5044/4140
f 409/5045/409 4140/5046/4140 410/5047/410
f 4141/5048/4141 4142/5049/4142 4143/5050/4143
f 4141/5048/4141 4143/5050/4143 4144/5051/4144
f 2214/2420/2214 2215/2423/2215 3823/4539/3823
f 4145/5052/4145 98/105/98 101/108/101
f 538/558/538 1973/2133/1973 3838/4561/3838
f 2788/3127/2788 2068/2244/2068 2070/2246/2070
f 1237/1324/1237 1557/1662/1557 1238/1325/1238
f 51/1946/51 1825/1965/1825 4146/5053/4146
f 4003/4816/4003 3084/3526/3084 498/515/498
f 4147/5054/4147 914/2154/914 1990/2153/1990
f 3549/4153/3549 2140/2332/2140 2458/5055/2458
f 3105/3556/3105 3480/4057/3480 2086/3557/2086
f 3038/3467/3038 3037/3466/3037 2036/2207/2036
f 3038/3467/3038 2036/2207/2036 2038/2209/2038
f 212/221/212 655/683/655 4148/5056/4148
f 3565/4179/3565 4149/5057/4149 4150/5058/4150
f 3183/3656/3183 3803/4507/3803 1492/1593/1492
f 3183/3656/3183 1492/1593/1492 1494/1595/1494
f 2932/5059/2932 2322/2554/2322 2324/2556/2324
f 4151/5060/4151 4152/5061/4152 4153/5062/4153
f 3099/3549/3099 3136/3596/3136 3100/3550/3100
f 3885/4622/3885 3884/4621/3884 3152/3617/3152
f 1876/2022/1876 3776/5063/3776 2336/2569/2336
f 220/229/220 3284/5064/3284 1622/1733/1622
f 1537/1641/1537 1525/1628/1525 3530/4124/3530
f 2969/3380/2969 1537/1641/1537 3530/4124/3530
f 4154/5065/4154 4155/5066/4155 3542/4138/3542
f 762/5067/762 799/2078/799 1676/1796/1676
f 762/5067/762 1676/1796/1676 876/2137/876
f 834/881/834 2197/2398/2197 3376/3915/3376
f 577/5068/577 4156/5069/4156 578/4735/578
f 3447/4015/3447 3956/4736/3956 243/252/243
f 4157/5070/4157 2231/2443/2231 1846/1992/1846
f 1980/3428/1980 1979/5071/1979 3121/3578/3121
f 708/742/708 2891/3279/2891 4158/5072/4158
f 3531/5073/3531 3319/5074/3319 3598/4218/3598
f 311/2262/311 1087/2261/1087 1034/5075/1034
f 4159/5076/4159 4160/5077/4160 4161/5078/4161
f 3150/5079/3150 108/115/108 110/117/110
f 4162/5080/4162 4163/5081/4163 4039/4871/4039
f 4164/5082/4164 3402/5083/3402 2984/5084/2984
f 4165/5085/4165 4166/5086/4166 3001/3426/3001
f 4167/5087/4167 4168/5088/4168 3396/5089/3396
f 4051/4895/4051 4167/5090/4167 3396/5091/3396
f 2346/2579/2346 3233/5092/3233 1145/1219/1145
f 3567/4181/3567 442/454/442 441/453/441
f 3709/4372/3709 1153/1228/1153 1152/1227/1152
f 594/5093/594 4169/5094/4169 1641/1757/1641
f 1640/1756/1640 594/5093/594 1641/1757/1641
f 2802/5095/2802 2801/5096/2801 4170/5097/4170
f 3907/5098/3907 1746/1876/1746 2588/2877/2588
f 4171/5099/4171 48/2098/48 1943/2100/1943
f 3672/4322/3672 1199/1281/1199 2148/2342/2148
f 4172/5100/4172 4173/5101/4173 1085/1154/1085
f 1084/1153/1084 4172/5100/4172 1085/1154/1085
f 2073/4226/2073 4174/5102/4174 3604/4227/3604
f 4085/5103/4085 1223/1309/1223 1222/1308/1222
f 3341/4551/3341 2867/3245/2867 1665/1782/1665
f 3877/4760/3877 1905/2057/1905 4175/5104/4175
f 2968/3379/2968 2839/3201/2839 4176/5105/4176
f 2343/2576/2343 2968/3379/2968 4176/5105/4176
f 4177/5106/4177 4178/5107/4178 3545/4141/3545
f 3544/4140/3544 4177/5106/4177 3545/4141/3545
f 2537/5108/2537 1148/1222/1148 80/5109/80
f 3073/3513/3073 4179/5110/4179 2361/5017/2361
f 4120/5016/4120 3073/3513/3073 2361/5017/2361
f 3238/3732/3238 3237/3731/3237 369/380/369
f 3104/3554/3104 230/239/230 3101/3551/3101
f 4087/4964/4087 602/4963/602 596/617/596
f 634/659/634 703/737/703 3974/4768/3974
f 4180/5111/4180 4181/5112/4181 3675/5113/3675
f 2038/5114/2038 2037/2944/2037 2644/2943/2644
f 2287/2584/2287 2349/2583/2349 3653/4295/3653
f 4182/5115/4182 2287/2511/2287 3653/5116/3653
f 2227/2439/2227 2705/3023/2705 3249/3743/3249
f 3959/4740/3959 4183/5117/4183 4003/5118/4003
f 4184/5119/4184 415/426/415 4185/5120/4185
f 1779/1915/1779 1515/1618/1515 1518/1621/1518
f 759/2286/759 758/4656/758 3909/4655/3909
f 2791/3130/2791 4186/5121/4186 4187/5122/4187
f 3475/5123/3475 901/955/901 3329/3852/3329
f 3332/5124/3332 3334/5125/3334 4188/5126/4188
f 1806/1944/1806 3332/5124/3332 4188/5126/4188
f 2588/2877/2588 4189/5127/4189 4190/5128/4190
f 1602/1710/1602 4191/5129/4191 1267/1711/1267
f 3765/4443/3765 1610/1720/1610 4192/5130/4192
f 3765/4443/3765 4192/5130/4192 4193/5131/4193
f 1294/1386/1294 3391/3939/3391 1295/1387/1295
f 2077/2256/2077 503/520/503 4194/5132/4194
f 3882/4616/3882 3099/3549/3099 3098/3548/3098
f 1017/1139/1017 3485/4062/3485 3484/4061/3484
f 579/600/579 1827/5133/1827 4195/5134/4195
f 3672/4322/3672 2734/3064/2734 4196/5135/4196
f 1954/2114/1954 1855/2001/1855 4197/5136/4197
f 2458/4382/2458 2457/5137/2457 3716/4383/3716
f 1887/2035/1887 4198/5138/4198 3855/4580/3855
f 1887/2035/1887 3855/4580/3855 3854/4579/3854
f 4199/5139/4199 3673/4323/3673 4200/5140/4200
f 3556/4168/3556 4201/5141/4201 4202/5142/4202
f 3556/4168/3556 4202/5142/4202 3046/3477/3046
f 4096/4977/4096 2049/2221/2049 4203/5143/4203
f 4055/4903/4055 4204/5144/4204 4205/5145/4205
f 3538/4134/3538 4055/4903/4055 4205/5145/4205
f 995/1054/995 994/1053/994 3265/3761/3265
f 52/5146/52 51/1946/51 4146/5053/4146
f 2136/2328/2136 3230/3719/3230 2137/2329/2137
f 3075/5147/3075 3281/3784/3281 3082/5148/3082
f 3730/5149/3730 847/5150/847 1242/5151/1242
f 3753/4430/3753 1356/1453/1356 3754/4431/3754
f 3645/4281/3645 3886/4623/3886 2966/3377/2966
f 4042/4888/4042 951/1009/951 4048/4889/4048
f 719/5152/719 2957/3367/2957 1736/1866/1736
f 235/244/235 1352/1449/1352 233/242/233
f 1491/1592/1491 3250/3745/3250 1759/3744/1759
f 1489/1590/1489 1491/1592/1491 1759/3744/1759
f 603/624/603 4206/5153/4206 601/622/601
f 1538/1642/1538 2092/2274/2092 2300/4464/2300
f 4207/5154/4207 4208/5155/4208 3657/5156/3657
f 2266/3579/2266 2265/5157/2265 2777/3115/2777
f 1373/1470/1373 2595/2884/2595 1374/1471/1374
f 2231/2443/2231 4209/5158/4209 2232/2444/2232
f 1647/5159/1647 1106/1177/1106 2946/5160/2946
f 4210/5161/4210 2438/2685/2438 4065/5162/4065
f 2573/2861/2573 4211/5163/4211 4212/5164/4212
f 2574/2862/2574 2573/2861/2573 4212/5164/4212
f 1331/1426/1331 685/5165/685 1332/1427/1332
f 2836/3198/2836 2835/3197/2835 4213/5166/4213
f 3613/4242/3613 3213/3696/3213 3215/3698/3215
f 1014/5167/1014 1246/1333/1246 4214/5168/4214
f 4215/5169/4215 1014/1075/1014 4214/5170/4214
f 4216/5171/4216 4217/5172/4217 1955/5173/1955
f 4218/5174/4218 4216/5171/4216 1955/5173/1955
f 4026/4850/4026 1577/1683/1577 1052/5175/1052
f 4219/5176/4219 4198/5138/4198 1886/2034/1886
f 3029/3457/3029 3774/4462/3774 3030/3458/3030
f 1452/1552/1452 1454/1554/1454 2895/3285/2895
f 3208/3764/3208 3267/3763/3267 3056/5177/3056
f 1423/1523/1423 1422/1522/1422 4220/5178/4220
f 4221/5179/4221 4222/5180/4222 1952/2112/1952
f 628/652/628 2163/2360/2163 4223/5181/4223
f 4224/5182/4224 1198/5183/1198 1368/5184/1368
f 4225/5185/4225 4224/5182/4224 1368/5184/1368
f 1013/5186/1013 1039/5187/1039 2776/5188/2776
f 4226/5189/4226 1013/5186/1013 2776/5188/2776
f 4227/5190/4227 3750/4423/3750 3502/5191/3502
f 1091/4474/1091 3783/4476/3783 3897/5192/3897
f 2124/2315/2124 2706/3024/2706 2708/3026/2708
f 4199/5139/4199 1721/1847/1721 4228/5193/4228
f 4229/5194/4229 49/56/49 48/55/48
f 1238/1325/1238 1557/1662/1557 394/405/394
f 4015/4834/4015 651/3951/651 653/5195/653
f 3208/3689/3208 3056/3489/3056 3209/3690/3209
f 770/810/770 769/809/769 4230/5196/4230
f 2793/5197/2793 3797/4500/3797 4231/5198/4231
f 2367/2602/2367 503/520/503 505/522/505
f 3398/3952/3398 1868/2014/1868 1457/5199/1457
f 4232/5200/4232 3611/4238/3611 4233/5201/4233
f 4150/5058/4150 3726/4395/3726 3953/4730/3953
f 891/945/891 4150/5058/4150 3953/4730/3953
f 4145/5052/4145 4234/5202/4234 98/105/98
f 3036/3465/3036 3018/3446/3018 3037/3466/3037
f 3052/3485/3052 394/405/394 1487/3483/1487
f 1108/1179/1108 4235/5203/4235 3806/5204/3806
f 4236/5205/4236 801/848/801 4237/5206/4237
f 4236/5205/4236 4237/5206/4237 4238/5207/4238
f 4231/5198/4231 3797/4500/3797 3799/4502/3799
f 2523/4927/2523 4239/5208/4239 3204/3684/3204
f 3786/4482/3786 241/250/241 3990/4798/3990
f 2160/5209/2160 4240/5210/4240 4241/5211/4241
f 4149/5057/4149 3727/4396/3727 3726/4395/3726
f 4242/5212/4242 2768/3102/2768 2770/3104/2770
f 3845/4569/3845 3794/4494/3794 3846/4570/3846
f 3800/4503/3800 3769/4449/3769 77/84/77
f 855/904/855 4243/5213/4243 568/588/568
f 3573/4188/3573 3575/4190/3575 3135/5214/3135
f 3958/4739/3958 4244/5215/4244 3360/4738/3360
f 3227/3716/3227 4245/5216/4245 2804/3149/2804
f 2148/2342/2148 1519/2341/1519 2906/3299/2906
f 2244/2457/2244 3981/4782/3981 2245/2458/2245
f 2571/2858/2571 2868/3246/2868 2870/3248/2870
f 2162/2359/2162 3862/5217/3862 1462/5218/1462
f 2383/5219/2383 4246/5220/4246 4247/5221/4247
f 4248/5222/4248 1453/1553/1453 4249/5223/4249
f 251/260/251 3225/3713/3225 248/257/248
f 774/814/774 776/816/776 4250/5224/4250
f 3423/5225/3423 1891/2040/1891 3244/5226/3244
f 2658/5227/2658 3920/4671/3920 2881/3264/2881
f 602/5228/602 2337/2570/2337 3712/5229/3712
f 3214/3697/3214 3496/5230/3496 3390/3937/3390
f 2579/2867/2579 1094/1165/1094 4251/5231/4251
f 3024/5232/3024 4252/5233/4252 4233/5234/4233
f 2602/4690/2602 760/799/760 4253/5235/4253
f 4254/5236/4254 4255/5237/4255 1828/1968/1828
f 4254/5236/4254 1828/1968/1828 1611/5238/1611
f 2544/2825/2544 4256/5239/4256 2687/3001/2687
f 4257/5240/4257 4258/5241/4258 4259/5242/4259
f 4257/5240/4257 4259/5242/4259 4260/5243/4260
f 3443/4010/3443 1168/3191/1168 1569/1675/1569
f 3659/4302/3659 3948/4723/3948 3815/5244/3815
f 1952/5245/1952 4222/5246/4222 3718/4385/3718
f 3114/3571/3114 1470/5247/1470 1882/5248/1882
f 3114/3571/3114 1882/5248/1882 4261/5249/4261
f 480/497/480 1620/1731/1620 1619/1730/1619
f 4262/5250/4262 1708/1834/1708 3043/5251/3043
f 4262/5250/4262 3043/5251/3043 4263/5252/4263
f 576/596/576 578/598/578 3957/5253/3957
f 4057/4907/4057 1399/1496/1399 1398/1495/1398
f 1758/5254/1758 4264/5255/4264 4265/5256/4265
f 4266/5257/4266 2208/2412/2208 2207/2411/2207
f 1075/1144/1075 607/628/607 1724/5258/1724
f 4178/5107/4178 4267/5259/4267 855/5260/855
f 2613/2903/2613 2672/5261/2672 4143/5050/4143
f 4142/5049/4142 2613/2903/2613 4143/5050/4143
f 1619/5262/1619 4268/5263/4268 4269/5264/4269
f 4270/5265/4270 83/5266/83 82/5267/82
f 4271/5268/4271 195/5269/195 3042/5270/3042
f 1767/5271/1767 4272/5272/4272 1690/5273/1690
f 1330/1425/1330 2515/2788/2515 1331/1426/1331
f 515/2419/515 2213/2418/2213 4079/4948/4079
f 2145/2337/2145 2675/5274/2675 4273/5275/4273
f 3247/4996/3247 2625/2920/2625 4274/5276/4274
f 1272/1362/1272 2779/3117/2779 1273/1363/1273
f 1558/1663/1558 55/62/55 54/61/54
f 2233/5277/2233 2232/5278/2232 2236/2448/2236
f 1131/1202/1131 1243/1330/1243 1132/1203/1132
f 1390/1487/1390 3845/4569/3845 3847/4571/3847
f 1391/1488/1391 1390/1487/1390 3847/4571/3847
f 4275/5279/4275 317/5280/317 4208/5281/4208
f 4276/5282/4276 4275/5279/4275 4208/5281/4208
f 2703/3021/2703 3451/4021/3451 2445/5283/2445
f 636/661/636 3688/4346/3688 637/662/637
f 1138/1209/1138 3416/5284/3416 991/5285/991
f 972/1031/972 3044/3474/3044 3043/3473/3043
f 4020/5286/4020 972/1031/972 3043/3473/3043
f 3926/5287/3926 3471/4045/3471 4277/5288/4277
f 2856/3223/2856 4278/5289/4278 4279/5290/4279
f 2857/3224/2857 2856/3223/2856 4279/5290/4279
f 1669/5291/1669 4280/5292/4280 3340/3871/3340
f 4281/5293/4281 2379/2615/2379 844/3844/844
f 846/5294/846 4281/5293/4281 844/3844/844
f 1674/5295/1674 4282/5296/4282 3899/5297/3899
f 1674/1794/1674 3899/5298/3899 1804/1942/1804
f 4283/5299/4283 1831/1971/1831 2044/2215/2044
f 1615/1726/1615 1005/1066/1005 2624/2919/2624
f 3479/5300/3479 4284/5301/4284 3443/4010/3443
f 1435/1535/1435 1437/1537/1437 1811/1951/1811
f 3420/3977/3420 4285/5302/4285 3421/3978/3421
f 4286/5303/4286 3944/4714/3944 4287/5304/4287
f 1049/1113/1049 4288/5305/4288 1738/5306/1738
f 2498/5307/2498 1703/1829/1703 3439/4006/3439
f 1351/1447/1351 4289/5308/4289 3806/4510/3806
f 4290/5309/4290 3802/4506/3802 1455/1555/1455
f 1156/1231/1156 4291/5310/4291 4292/5311/4292
f 1156/1231/1156 4292/5311/4292 4293/5312/4293
f 4294/5313/4294 2812/3161/2812 4295/5314/4295
f 3849/5315/3849 2830/4182/2830 3567/4181/3567
f 1176/5316/1176 2650/5317/2650 1671/1790/1671
f 2716/4283/2716 3647/4285/3647 2717/5318/2717
f 214/223/214 3457/4027/3457 3719/4386/3719
f 4296/5319/4296 3792/4492/3792 3795/4495/3795
f 3235/3728/3235 4297/5320/4297 2650/3729/2650
f 566/5321/566 2662/5322/2662 3274/5323/3274
f 919/973/919 3654/4297/3654 1116/1187/1116
f 4298/5324/4298 4299/5325/4299 4300/5326/4300
f 4298/5324/4298 4300/5326/4300 3509/4093/3509
f 945/1003/945 4147/5327/4147 4158/5072/4158
f 1716/1842/1716 3649/4288/3649 3651/4290/3651
f 3053/3486/3053 1783/5328/1783 4105/4991/4105
f 3382/5329/3382 2251/5330/2251 4301/5331/4301
f 1648/1764/1648 3834/4556/3834 1649/1765/1649
f 1312/1407/1312 1311/1406/1311 3550/4156/3550
f 4302/5332/4302 4303/5333/4303 2862/5334/2862
f 4302/5335/4302 2862/5336/2862 381/5337/381
f 4304/5338/4304 4305/5339/4305 4306/5340/4306
f 401/5341/401 4307/5342/4307 4308/5343/4308
f 2199/5344/2199 4309/5345/4309 2200/5346/2200
f 2585/2874/2585 3427/3988/3427 3426/3987/3426
f 2969/3380/2969 3530/4124/3530 3533/4127/3533
f 2969/3380/2969 3533/4127/3533 2970/3381/2970
f 244/253/244 243/252/243 881/934/881
f 4310/5347/4310 3437/4002/3437 1362/1459/1362
f 1361/1458/1361 4310/5347/4310 1362/1459/1362
f 1474/4821/1474 3764/4442/3764 1475/5348/1475
f 1761/1897/1761 4311/5349/4311 4312/5350/4312
f 3277/3778/3277 109/116/109 108/115/108
f 4313/5351/4313 1516/5352/1516 4314/5353/4314
f 76/83/76 75/82/75 2496/2759/2496
f 4174/5102/4174 3386/3932/3386 1657/1773/1657
f 38/46/38 1645/1761/1645 40/47/40
f 803/850/803 4081/5354/4081 656/684/656
f 1934/2167/1934 488/505/488 4315/5355/4315
f 301/5356/301 1590/1697/1590 1592/1699/1592
f 2088/2270/2088 2090/2272/2090 3140/3600/3140
f 2314/2545/2314 4316/5357/4316 2411/2654/2411
f 2572/2859/2572 3861/4586/3861 1848/5358/1848
f 1542/1646/1542 1544/1648/1544 3369/3908/3369
f 74/81/74 71/78/71 111/118/111
f 2505/2770/2505 4164/5082/4164 1073/2771/1073
f 668/5359/668 4317/5360/4317 4318/5361/4318
f 4319/5362/4319 1635/1749/1635 1637/1751/1637
f 3271/3771/3271 4320/5363/4320 1302/1394/1302
f 2317/5364/2317 2318/5365/2318 3809/4513/3809
f 841/889/841 843/891/843 1209/1294/1209
f 4321/5366/4321 3014/5367/3014 3727/5368/3727
f 3483/4060/3483 962/1020/962 3888/4626/3888
f 4322/5369/4322 3483/4060/3483 3888/4626/3888
f 3918/4673/3918 2961/3372/2961 2963/3374/2963
f 3954/5370/3954 668/5359/668 4318/5361/4318
f 942/999/942 4323/5371/4323 4324/5372/4324
f 2387/2625/2387 2386/2624/2386 3741/4414/3741
f 2702/3896/2702 4325/5373/4325 3450/5374/3450
f 4326/5375/4326 4327/5376/4327 2297/5377/2297
f 2339/2572/2339 4326/5375/4326 2297/5377/2297
f 358/369/358 4236/5378/4236 4328/5379/4328
f 2442/2694/2442 3887/4624/3887 4329/5380/4329
f 2442/2694/2442 4329/5380/4329 2212/2695/2212
f 4330/5381/4330 953/5382/953 2134/2326/2134
f 3795/4495/3795 143/150/143 142/149/142
f 2204/2407/2204 4331/5383/4331 2205/2408/2205
f 4332/5384/4332 3763/4441/3763 2686/3000/2686
f 3713/4378/3713 209/218/209 208/217/208
f 2538/2814/2538 91/98/91 4333/5385/4333
f 39/3356/39 2946/3355/2946 4289/5308/4289
f 3144/5386/3144 2031/2202/2031 3779/4469/3779
f 3775/4465/3775 4334/5387/4334 2610/5388/2610
f 2732/3059/2732 2731/3058/2731 507/524/507
f 4052/4896/4052 4335/5389/4335 2441/2689/2441
f 2238/2450/2238 4052/4896/4052 2441/2689/2441
f 165/172/165 4336/5390/4336 2972/3383/2972
f 3347/5391/3347 792/836/792 4337/5392/4337
f 4034/4864/4034 3347/5391/3347 4337/5392/4337
f 3718/4385/3718 4222/5246/4222 3719/4386/3719
f 1187/1269/1187 1225/1311/1225 3987/4792/3987
f 896/950/896 2301/2529/2301 3458/4028/3458
f 2686/3000/2686 3762/4440/3762 1474/4821/1474
f 2632/4284/2632 2631/5393/2631 3431/3994/3431
f 1402/5394/1402 2226/5395/2226 120/5396/120
f 3446/4014/3446 3743/4416/3743 699/732/699
f 4141/5048/4141 4338/5397/4338 4142/5049/4142
f 2445/5398/2445 3451/5399/3451 3904/4650/3904
f 2445/5398/2445 3904/4650/3904 2446/5400/2446
f 1814/5401/1814 2018/2187/2018 3828/4549/3828
f 1815/5402/1815 1814/5401/1814 3828/4549/3828
f 185/2480/185 3700/4362/3700 2263/2481/2263
f 1448/1548/1448 4339/5403/4339 1449/1549/1449
f 4340/5404/4340 4341/5405/4341 4342/5406/4342
f 2809/3157/2809 4343/5407/4343 323/3158/323
f 1807/5408/1807 3013/3440/3013 4063/5409/4063
f 4344/5410/4344 530/548/530 529/547/529
f 783/825/783 2269/4312/2269 2736/3066/2736
f 2908/3301/2908 783/825/783 2736/3066/2736
f 1505/1606/1505 3639/4275/3639 3342/5411/3342
f 4233/5201/4233 2345/5412/2345 2698/3012/2698
f 4233/5201/4233 2698/3012/2698 2697/3011/2697
f 4345/5413/4345 4064/4918/4064 4099/5414/4099
f 396/3712/396 3225/3713/3225 2919/3318/2919
f 1770/1906/1770 3966/4752/3966 3623/4257/3623
f 3732/4402/3732 3568/4183/3568 519/5415/519
f 4346/5416/4346 1600/1707/1600 3392/3941/3392
f 3180/3653/3180 3179/3652/3179 3884/4621/3884
f 567/5417/567 566/5321/566 4347/5418/4347
f 1227/5419/1227 3945/5001/3945 4110/5000/4110
f 2769/3103/2769 927/981/927 4021/4842/4021
f 4348/5420/4348 3604/4227/3604 4349/5421/4349
f 2179/2379/2179 3146/3608/3146 2180/2380/2180
f 4350/5422/4350 1143/1217/1143 1576/1682/1576
f 2818/3168/2818 2733/3060/2733 259/268/259
f 418/3256/418 2176/5423/2176 3355/5424/3355
f 3325/3847/3325 1921/2074/1921 1923/2076/1923
f 3751/4424/3751 624/648/624 623/647/623
f 4116/5425/4116 1092/1163/1092 3897/4641/3897
f 1464/1564/1464 4351/5426/4351 3507/4091/3507
f 3733/4405/3733 2876/4861/2876 420/5427/420
f 3615/5428/3615 4352/5429/4352 1254/1342/1254
f 4353/5430/4353 4354/5431/4354 4355/5432/4355
f 2972/3383/2972 4356/5433/4356 466/3384/466
f 1965/2125/1965 1967/2127/1967 2816/5434/2816
f 4357/5435/4357 4246/5436/4246 2383/2621/2383
f 2308/5437/2308 3921/4672/3921 2658/5438/2658
f 447/460/447 446/459/446 3272/5439/3272
f 3657/4300/3657 368/1828/368 367/5440/367
f 2689/3003/2689 3802/4506/3802 4290/5309/4290
f 843/3045/843 2624/2919/2624 2625/2920/2625
f 1212/1297/1212 1191/1273/1191 1749/2515/1749
f 3014/5367/3014 3791/5441/3791 3727/5368/3727
f 3058/3492/3058 4013/4832/4013 3535/4131/3535
f 4358/5442/4358 2370/5443/2370 121/128/121
f 2383/5219/2383 4247/5221/4247 4359/5444/4359
f 4360/5445/4360 1578/5446/1578 2146/5447/2146
f 527/5448/527 3612/5449/3612 2505/2770/2505
f 4303/5450/4303 4361/5451/4361 2862/3238/2862
f 4302/5452/4302 381/5453/381 2660/2966/2660
f 4362/5454/4362 4363/5455/4363 4364/5456/4364
f 4195/5134/4195 3684/4337/3684 2099/2281/2099
f 2401/2643/2401 782/5457/782 3485/5458/3485
f 730/5459/730 2067/2242/2067 4365/5460/4365
f 730/5459/730 4365/5460/4365 731/5461/731
f 2489/2752/2489 2491/2754/2491 2593/5462/2593
f 2970/5463/2970 3621/4254/3621 3622/4256/3622
f 3516/4107/3516 339/348/339 338/347/338
f 2296/2523/2296 2107/2293/2107 2106/2292/2106
f 2296/2523/2296 2106/2292/2106 2647/2947/2647
f 4060/4912/4060 4366/5464/4366 2751/3083/2751
f 3561/4175/3561 4367/5465/4367 3470/4044/3470
f 2666/2974/2666 4368/5466/4368 1224/1310/1224
f 4369/5467/4369 2532/2807/2532 1162/1239/1162
f 1161/3560/1161 4369/5468/4369 1162/5469/1162
f 1579/1685/1579 1784/1920/1784 1416/1514/1416
f 3522/5470/3522 2590/5471/2590 2993/4665/2993
f 633/658/633 2286/2509/2286 1648/1764/1648
f 4370/5472/4370 4251/5231/4251 1094/1165/1094
f 1436/1536/1436 1514/1617/1514 3231/5473/3231
f 1665/1782/1665 1666/1784/1666 3829/4550/3829
f 2116/2306/2116 3838/4561/3838 1747/5474/1747
f 4371/5475/4371 3982/4783/3982 4372/5476/4372
f 2462/5477/2462 4373/5478/4373 4374/5479/4374
f 3912/5480/3912 3220/3707/3220 3221/3708/3221
f 287/296/287 2923/3322/2923 1950/2110/1950
f 994/1053/994 2434/2681/2434 2433/2680/2433
f 2689/3003/2689 3830/5481/3830 3801/4505/3801
f 2842/3204/2842 2845/5482/2845 4375/5483/4375
f 105/5484/105 2842/3204/2842 4375/5483/4375
f 3529/4122/3529 4376/5485/4376 1341/4703/1341
f 2532/2807/2532 690/2847/690 4377/5486/4377
f 2532/2807/2532 4377/5486/4377 1262/1350/1262
f 2459/3280/2459 2891/3279/2891 708/742/708
f 224/233/224 6/8/6 195/5269/195
f 4378/5487/4378 915/969/915 914/968/914
f 2546/2827/2546 1915/2067/1915 2116/2306/2116
f 2528/2803/2528 2530/2805/2530 3333/3864/3333
f 1960/2120/1960 802/849/802 213/222/213
f 635/5488/635 1332/1427/1332 2461/5489/2461
f 2595/2884/2595 2727/3054/2727 3634/5490/3634
f 3158/3624/3158 1642/1758/1642 1644/1760/1644
f 4379/5491/4379 4380/5492/4380 3587/4202/3587
f 2990/3411/2990 2182/2382/2182 2181/2381/2181
f 3604/4227/3604 4348/5420/4348 3605/4228/3605
f 653/679/653 486/503/486 485/502/485
f 4170/5097/4170 2240/2453/2240 2239/2452/2239
f 1701/1826/1701 1296/1388/1296 1298/1390/1298
f 3777/4467/3777 3776/4466/3776 1876/5493/1876
f 3777/4467/3777 1876/5493/1876 1875/2025/1875
f 4381/5494/4381 3629/5495/3629 4382/5496/4382
f 3592/4210/3592 3317/5497/3317 2066/5498/2066
f 4383/5499/4383 4384/5500/4384 2363/5501/2363
f 4022/4843/4022 774/5502/774 4250/5503/4250
f 4022/4843/4022 4250/5503/4250 4023/4844/4023
f 2741/3073/2741 4107/4995/4107 1942/2097/1942
f 2477/4657/2477 3911/4659/3911 3921/4672/3921
f 84/91/84 3108/3562/3108 3110/3564/3110
f 4385/5504/4385 3418/3975/3418 2864/3241/2864
f 1166/1243/1166 4386/5505/4386 4387/5506/4387
f 3624/4258/3624 4388/5507/4388 4389/5508/4389
f 2165/5509/2165 3629/4264/3629 2702/3896/2702
f 3297/5510/3297 4132/5035/4132 1327/1422/1327
f 3758/4811/3758 3757/5511/3757 3999/4809/3999
f 3993/4802/3993 2338/2571/2338 2337/2570/2337
f 3993/4802/3993 2337/2570/2337 236/4885/236
f 4390/5512/4390 820/867/820 3752/4425/3752
f 3619/4251/3619 2110/2298/2110 486/503/486
f 2142/2334/2142 4391/5513/4391 372/383/372
f 4313/5351/4313 1517/5514/1517 1516/5352/1516
f 3594/5515/3594 4392/5516/4392 3788/5517/3788
f 3835/4558/3835 1007/5518/1007 4393/5519/4393
f 3222/3709/3222 565/585/565 567/587/567
f 955/1013/955 1231/1318/1231 3564/4178/3564
f 3079/4460/3079 4394/5520/4394 3773/4461/3773
f 623/647/623 2253/2468/2253 1628/1739/1628
f 1542/1646/1542 3369/3908/3369 4395/5521/4395
f 1453/1553/1453 296/305/296 1454/1554/1454
f 4396/5522/4396 4397/5523/4397 4398/5524/4398
f 4396/5522/4396 4398/5524/4398 4399/5525/4399
f 2449/2705/2449 1993/2157/1993 1978/2139/1978
f 3234/3726/3234 373/5526/373 1890/2039/1890
f 322/2301/322 884/938/884 2809/3157/2809
f 2242/2455/2242 1440/1540/1440 4400/5527/4400
f 4401/5528/4401 3348/3881/3348 3347/3880/3347
f 4390/5529/4390 485/502/485 820/4791/820
f 2812/3161/2812 4402/5530/4402 3251/4567/3251
f 4001/4813/4001 4403/5531/4403 2105/2291/2105
f 4404/5532/4404 1729/5533/1729 4405/5534/4405
f 1977/2138/1977 1675/1795/1675 4406/5535/4406
f 1218/1304/1218 3464/4036/3464 127/134/127
f 2142/2334/2142 1529/1632/1529 4391/5513/4391
f 401/5341/401 4308/5343/4308 2132/5536/2132
f 1426/1526/1426 4407/5537/4407 1424/1524/1424
f 3631/4266/3631 1695/1819/1695 3632/4267/3632
f 3575/4190/3575 3574/4189/3574 989/5538/989
f 3575/4190/3575 989/5538/989 3968/5539/3968
f 3710/5540/3710 1410/1507/1410 1213/1298/1213
f 2069/2245/2069 1813/1953/1813 1815/1955/1815
f 4408/5541/4408 2180/5542/2180 4409/5543/4409
f 3057/3491/3057 4010/4830/4010 4013/4832/4013
f 3081/3521/3081 4340/5544/4340 2323/2555/2323
f 2148/2342/2148 2735/3065/2735 2734/3064/2734
f 973/1032/973 3583/4198/3583 1446/1546/1446
f 3606/4229/3606 1193/1275/1193 1195/1277/1195
f 1560/5545/1560 4410/5546/4410 1252/1340/1252
f 4251/5231/4251 4058/4909/4058 3737/5547/3737
f 4251/5231/4251 3737/5547/3737 2579/2867/2579
f 1997/2161/1997 2681/2994/2681 2678/2991/2678
f 272/281/272 274/283/274 4411/5548/4411
f 933/987/933 1730/5549/1730 447/3772/447
f 2078/2257/2078 2080/2259/2080 1230/1317/1230
f 1369/1466/1369 1197/1279/1197 4412/5550/4412
f 1328/2911/1328 3294/5551/3294 3500/4084/3500
f 4413/5552/4413 4414/5553/4414 2681/5554/2681
f 3042/3472/3042 44/51/44 43/50/43
f 1342/2285/1342 1344/5555/1344 749/786/749
f 2010/2179/2010 4415/5556/4415 2861/3236/2861
f 4091/4968/4091 1534/1638/1534 4092/4969/4092
f 4416/5557/4416 4417/5558/4417 3103/5559/3103
f 4418/5560/4418 2400/2640/2400 3664/4309/3664
f 1471/1571/1471 2527/5561/2527 1472/1572/1472
f 97/5562/97 2857/3224/2857 3816/4525/3816
f 4419/5563/4419 1473/1573/1473 969/1088/969
f 2620/2914/2620 1137/1208/1137 1139/1210/1139
f 197/5564/197 179/5565/179 886/5566/886
f 2784/3123/2784 4420/5567/4420 2785/3124/2785
f 3697/5568/3697 4421/5569/4421 860/909/860
f 2328/2561/2328 1895/2046/1895 1897/2048/1897
f 2761/3093/2761 4422/5570/4422 1298/1390/1298
f 2712/3032/2712 4423/5571/4423 383/394/383
f 2141/2333/2141 3889/5572/3889 4424/5573/4424
f 152/159/152 770/810/770 4230/5196/4230
f 152/159/152 4230/5196/4230 153/160/153
f 2462/5477/2462 2761/3093/2761 4425/5574/4425
f 2462/5477/2462 4425/5574/4425 4373/5478/4373
f 4426/5575/4426 4427/5576/4427 2167/5577/2167
f 4428/5578/4428 4305/5339/4305 3543/4139/3543
f 4429/5579/4429 3589/4207/3589 1279/1370/1279
f 4430/5580/4430 3363/3901/3363 3365/3903/3365
f 4431/5581/4431 620/644/620 622/646/622
f 4431/5581/4431 622/646/622 1994/2158/1994
f 728/5582/728 4432/5583/4432 3451/5584/3451
f 4249/5223/4249 1452/1552/1452 869/920/869
f 400/630/400 4433/5585/4433 609/631/609
f 819/866/819 1689/1809/1689 3752/4425/3752
f 3596/4216/3596 4434/5586/4434 4435/5587/4435
f 1961/2121/1961 1960/2120/1960 212/221/212
f 1961/2121/1961 212/221/212 4148/5056/4148
f 4197/5588/4197 4436/5589/4436 4218/5590/4218
f 2810/3159/2810 1277/1368/1277 958/1016/958
f 3909/5591/3909 705/739/705 3023/3451/3023
f 1353/1450/1353 3271/3771/3271 1354/1451/1354
f 2305/5592/2305 472/4102/472 1008/1069/1008
f 3451/5584/3451 4432/5583/4432 3228/3717/3228
f 3451/5584/3451 3228/3717/3228 4437/5593/4437
f 3066/3504/3066 1404/3925/1404 4000/4812/4000
f 4213/5166/4213 2835/3197/2835 3929/5594/3929
f 2499/5595/2499 4412/5550/4412 673/704/673
f 2499/5595/2499 673/704/673 4415/5596/4415
f 2225/2435/2225 3563/4177/3563 1266/1354/1266
f 2225/2435/2225 1266/1354/1266 899/953/899
f 1240/1327/1240 1242/1329/1242 4438/5597/4438
f 4439/5598/4439 4440/5599/4440 3069/5600/3069
f 3961/5601/3961 3960/4815/3960 497/514/497
f 3733/4405/3733 420/5427/420 3734/4406/3734
f 2122/2313/2122 2121/2312/2121 2015/2184/2015
f 1785/5602/1785 635/660/635 1786/2719/1786
f 1958/2118/1958 1336/1431/1336 1338/1433/1338
f 97/5562/97 96/3225/96 2857/3224/2857
f 3671/4320/3671 2205/2408/2205 2430/2677/2430
f 260/269/260 262/271/262 2847/5603/2847
f 2033/2204/2033 2130/3982/2130 2668/5604/2668
f 1363/1460/1363 3438/4003/3438 963/5605/963
f 4441/5606/4441 996/1055/996 215/1057/215
f 4442/5607/4442 4443/5608/4443 1787/5609/1787
f 3441/4008/3441 2403/2646/2403 2405/2648/2405
f 2838/3200/2838 1608/1717/1608 1609/1719/1609
f 3320/3836/3320 4444/5610/4444 4014/5611/4014
f 2894/5612/2894 3548/4601/3548 3350/4600/3350
f 4305/5339/4305 4445/5613/4445 4417/5558/4417
f 3818/4527/3818 3943/4713/3943 3942/4712/3942
f 2589/2878/2589 621/5614/621 2590/2879/2590
f 2655/2957/2655 3512/4096/3512 2799/3140/2799
f 3122/3580/3122 1272/1362/1272 1271/1361/1271
f 1096/5615/1096 2263/2481/2263 3700/4362/3700
f 1096/5615/1096 3700/4362/3700 1715/1841/1715
f 3608/4232/3608 3674/4325/3674 4446/5616/4446
f 2040/2416/2040 2211/2415/2211 1495/5617/1495
f 4345/5413/4345 453/468/453 4064/4918/4064
f 4447/5618/4447 2445/2701/2445 2447/2703/2447
f 2740/3101/2740 2707/3025/2707 2706/3024/2706
f 579/600/579 4195/5134/4195 580/601/580
f 1841/5619/1841 1840/4483/1840 2194/2395/2194
f 3634/5490/3634 2727/3054/2727 4125/5620/4125
f 2607/2896/2607 2608/2897/2608 3322/3838/3322
f 341/350/341 340/349/340 3108/5621/3108
f 1260/5622/1260 4448/5623/4448 3810/4515/3810
f 3286/5624/3286 319/5625/319 4127/5026/4127
f 2484/2746/2484 2486/2748/2486 3816/4525/3816
f 597/5626/597 596/5627/596 1319/5628/1319
f 1129/5629/1129 4449/5630/4449 4257/5240/4257
f 4450/5631/4450 1097/5632/1097 1096/5615/1096
f 4185/5120/4185 417/428/417 4451/5633/4451
f 691/722/691 3934/4698/3934 4452/5634/4452
f 3850/4575/3850 2118/3339/2118 1511/1614/1511
f 1604/1713/1604 4086/4962/4086 4087/4964/4087
f 3687/5635/3687 170/177/170 1821/1961/1821
f 1761/1897/1761 1691/1813/1691 4311/5349/4311
f 1139/5636/1139 990/5637/990 2884/3268/2884
f 2474/2735/2474 2473/2734/2473 4453/5638/4453
f 1802/1940/1802 4454/5639/4454 1803/1941/1803
f 1335/1430/1335 3238/3732/3238 442/454/442
f 1235/4082/1235 700/5640/700 3553/4160/3553
f 1235/4082/1235 3553/4160/3553 1113/1184/1113
f 206/215/206 3295/3804/3295 207/216/207
f 1529/1632/1529 3620/4252/3620 4391/5513/4391
f 2014/2183/2014 2017/2186/2017 3357/3894/3357
f 3386/3932/3386 2919/3318/2919 4455/5641/4455
f 960/2431/960 2429/2674/2429 4303/5450/4303
f 934/988/934 4232/5200/4232 737/773/737
f 4456/5642/4456 4457/5643/4457 1892/2041/1892
f 825/872/825 2460/2718/2460 826/873/826
f 3640/4276/3640 430/5644/430 429/5645/429
f 2418/2661/2418 3640/4276/3640 429/5645/429
f 2411/2654/2411 2410/2653/2410 3985/5646/3985
f 2575/2863/2575 1387/1484/1387 2576/2864/2576
f 4458/5647/4458 3790/5648/3790 4166/5086/4166
f 2971/5649/2971 3116/5650/3116 3404/5651/3404
f 2971/5649/2971 3404/5651/3404 1174/5652/1174
f 3094/5653/3094 3622/4256/3622 3224/5654/3224
f 4459/5655/4459 1956/5656/1956 3258/3754/3258
f 4460/5657/4460 2005/2174/2005 2951/3361/2951
f 2110/2298/2110 3620/4252/3620 1529/1632/1529
f 1528/1631/1528 2110/2298/2110 1529/1632/1529
f 750/787/750 4461/5658/4461 751/788/751
f 3500/5659/3500 3294/3803/3294 1301/3802/1301
f 316/325/316 4163/5660/4163 368/1828/368
f 1519/1622/1519 3600/4221/3600 2906/5661/2906
f 587/5662/587 1562/5663/1562 3197/3674/3197
f 1413/1511/1413 2823/3180/2823 3276/3777/3276
f 999/4471/999 998/5664/998 4462/5665/4462
f 4396/5666/4396 4399/5667/4399 4463/5668/4463
f 4259/5242/4259 4396/5666/4396 4463/5668/4463
f 3484/5669/3484 784/826/784 2907/3300/2907
f 1653/1769/1653 3539/4135/3539 1865/2011/1865
f 904/5670/904 3869/5671/3869 4464/5672/4464
f 904/5670/904 4464/5672/4464 905/5673/905
f 2982/5674/2982 2658/5227/2658 2881/3264/2881
f 360/371/360 362/373/362 4465/5675/4465
f 1405/1502/1405 770/810/770 152/159/152
f 2356/2591/2356 2480/5676/2480 2357/2592/2357
f 1246/5677/1246 1014/1075/1014 1013/1074/1013
f 4458/5678/4458 3788/4485/3788 3790/4487/3790
f 4466/5679/4466 3572/5680/3572 922/976/922
f 767/806/767 1210/1295/1210 3678/4329/3678
f 2405/2648/2405 2404/2647/2404 286/295/286
f 4467/5681/4467 3984/4786/3984 454/469/454
f 1906/2058/1906 3879/5682/3879 1907/2059/1907
f 4253/5683/4253 808/855/808 807/854/807
f 4253/5684/4253 807/5685/807 164/171/164
f 3953/5686/3953 3441/4008/3441 4468/5687/4468
f 1507/1610/1507 925/979/925 927/981/927
f 3378/3917/3378 2853/3219/2853 2854/3221/2854
f 491/508/491 3570/5688/3570 3473/4595/3473
f 4469/5689/4469 1372/1469/1372 4374/5690/4374
f 1397/1494/1397 1399/1496/1399 4470/5691/4470
f 3117/3574/3117 2718/3038/2718 2721/3041/2721
f 3900/5692/3900 3117/3574/3117 2721/3041/2721
f 1710/1836/1710 536/554/536 535/553/535
f 3597/4217/3597 1156/1231/1156 1155/1230/1155
f 2408/5693/2408 57/64/57 59/66/59
f 3422/5694/3422 3315/5695/3315 3169/3638/3169
f 1891/2040/1891 4471/5696/4471 4418/5697/4418
f 4472/5698/4472 2692/5699/2692 4421/5569/4421
f 66/73/66 64/71/64 3302/3811/3302
f 1480/1580/1480 908/962/908 910/964/910
f 3246/3740/3246 1210/1295/1210 4473/5700/4473
f 3258/5701/3258 709/743/709 3257/5702/3257
f 2652/5703/2652 2364/2599/2364 4384/5704/4384
f 2709/5705/2709 2652/5703/2652 4384/5704/4384
f 1750/1881/1750 1749/1880/1749 4474/5706/4474
f 920/5707/920 740/2284/740 526/785/526
f 2871/3249/2871 4085/4961/4085 2872/3250/2872
f 301/5356/301 4475/5708/4475 1590/1697/1590
f 4476/5709/4476 4477/5710/4477 4357/5435/4357
f 4276/5711/4276 4208/5712/4208 593/614/593
f 1758/5254/1758 1567/5713/1567 206/5714/206
f 3305/3814/3305 1698/1822/1698 3448/4017/3448
f 2656/2959/2656 4478/5715/4478 1106/1177/1106
f 3323/5716/3323 4479/5717/4479 3379/3920/3379
f 3643/4279/3643 1779/1915/1779 4187/5122/4187
f 1437/1537/1437 4480/5718/4480 4330/5719/4330
f 3933/4697/3933 2561/2845/2561 2562/2846/2562
f 1997/5720/1997 3972/4764/3972 1995/5721/1995
f 4481/5722/4481 967/1025/967 966/1024/966
f 2283/2504/2283 2282/2503/2282 878/3942/878
f 2467/2728/2467 2466/2727/2466 1469/1569/1469
f 1468/1568/1468 2467/2728/2467 1469/1569/1469
f 3796/4498/3796 4482/5723/4482 4483/5724/4483
f 2224/5725/2224 4484/5726/4484 4009/5727/4009
f 3658/4301/3658 2224/2434/2224 4009/4826/4009
f 3889/4627/3889 1367/1464/1367 1001/1062/1001
f 3537/4133/3537 3475/5123/3475 4054/4902/4054
f 4485/5728/4485 4486/5729/4486 4487/5730/4487
f 2012/2181/2012 4215/5169/4215 427/438/427
f 16/19/16 17/20/17 4488/5731/4488
f 813/860/813 3656/4299/3656 4489/5732/4489
f 3037/3466/3037 3018/3446/3018 4447/5618/4447
f 1029/1091/1029 2693/5733/2693 1030/1092/1030
f 3442/4009/3442 3941/4711/3941 3692/5734/3692
f 555/3688/555 3210/3691/3210 2063/5735/2063
f 4483/5724/4483 4482/5723/4482 3382/3924/3382
f 4490/5736/4490 4235/5203/4235 3465/4037/3465
f 4490/5736/4490 3465/4037/3465 3464/4036/3464
f 4076/4944/4076 1624/1735/1624 4491/5737/4491
f 2192/2393/2192 1211/1296/1211 1410/1507/1410
f 2193/2394/2193 2192/2393/2192 1410/1507/1410
f 1920/5738/1920 4492/5739/4492 2939/3344/2939
f 1920/5738/1920 2939/3344/2939 2938/3343/2938
f 3275/3776/3275 646/671/646 3670/5740/3670
f 4493/5741/4493 1358/1455/1358 4432/5583/4432
f 1834/1976/1834 771/2676/771 1835/1977/1835
f 524/542/524 3961/5742/3961 497/4490/497
f 4467/5681/4467 454/469/454 726/762/726
f 1564/1669/1564 1563/1668/1563 3617/4248/3617
f 1616/1727/1616 1564/1669/1564 3617/4248/3617
f 4494/5743/4494 2700/5744/2700 3858/4583/3858
f 2673/2985/2673 3813/4519/3813 2674/2986/2674
f 2936/5745/2936 2619/2909/2619 3625/5746/3625
f 1487/1587/1487 1069/5747/1069 1021/1588/1021
f 638/663/638 640/665/640 4495/5748/4495
f 3781/4472/3781 999/4471/999 4462/5665/4462
f 747/783/747 370/381/370 3237/3731/3237
f 2054/2226/2054 2909/3302/2909 2052/2224/2052
f 1416/1514/1416 2381/2619/2381 2444/2700/2444
f 163/170/163 4253/5684/4253 164/171/164
f 1562/5749/1562 1565/5750/1565 3197/5751/3197
f 4496/5752/4496 160/167/160 3514/5753/3514
f 4066/5754/4066 4496/5755/4496 3514/4099/3514
f 2121/2312/2121 3718/4385/3718 3067/3506/3067
f 2579/2867/2579 4497/5756/4497 2580/2868/2580
f 245/5757/245 740/2284/740 920/5707/920
f 4096/4977/4096 4203/5143/4203 4358/5442/4358
f 3864/4591/3864 4498/5758/4498 4499/5759/4499
f 3229/5760/3229 3428/3989/3428 2478/2739/2478
f 1027/1089/1027 997/1058/997 1000/1061/1000
f 1378/1475/1378 4500/5761/4500 4302/5452/4302
f 3463/4035/3463 4248/5222/4248 4249/5223/4249
f 1206/2241/1206 4501/5762/4501 832/879/832
f 2897/3288/2897 1626/5763/1626 588/609/588
f 4502/5764/4502 374/385/374 3915/4664/3915
f 3637/5765/3637 867/918/867 2173/5766/2173
f 2366/2601/2366 3057/3491/3057 2367/2602/2367
f 3057/3491/3057 3717/4384/3717 3716/4383/3716
f 2055/5767/2055 3349/5768/3349 4503/5769/4503
f 3928/4685/3928 3927/4684/3927 1649/1765/1649
f 2143/2612/2143 1817/5770/1817 2377/2613/2377
f 4034/4864/4034 4337/5392/4337 794/838/794
f 4034/4864/4034 794/838/794 2488/5771/2488
f 4330/5381/4330 4102/5772/4102 953/5382/953
f 3760/4437/3760 3681/4332/3681 3680/4331/3680
f 4504/5773/4504 3760/4437/3760 3680/4331/3680
f 1032/1096/1032 2320/4746/2320 3964/4748/3964
f 2944/3349/2944 4459/5655/4459 2943/3348/2943
f 945/5774/945 944/5775/944 4378/5487/4378
f 3470/4044/3470 4505/5776/4505 3471/4045/3471
f 4506/5777/4506 3969/5778/3969 4507/5779/4507
f 136/143/136 138/145/138 2662/2968/2662
f 1105/5780/1105 1650/1766/1650 1757/1891/1757
f 4508/5781/4508 4509/5782/4509 409/420/409
f 2176/3891/2176 1706/1832/1706 2578/2866/2578
f 620/5783/620 3915/4664/3915 621/4663/621
f 570/590/570 572/592/572 3415/5784/3415
f 3596/4216/3596 3215/3698/3215 4434/5586/4434
f 4464/5672/4464 2659/2964/2659 2026/2196/2026
f 1836/1979/1836 1476/3587/1476 3437/4002/3437
f 1837/1980/1837 1836/1979/1836 3437/4002/3437
f 4277/5785/4277 2771/3108/2771 2774/3110/2774
f 3338/3869/3338 3979/5786/3979 3593/5787/3593
f 1231/1318/1231 1233/1320/1233 4510/5788/4510
f 2475/2736/2475 2399/5789/2399 2398/5790/2398
f 3454/4024/3454 2229/2441/2229 2228/2440/2228
f 459/2912/459 1328/2911/1328 2028/2199/2028
f 4511/5791/4511 4130/5792/4130 2620/5793/2620
f 542/5794/542 4512/5795/4512 3573/5796/3573
f 2237/2449/2237 1588/1695/1588 3389/3936/3389
f 540/1213/540 1141/1212/1141 4465/5797/4465
f 1563/1668/1563 4513/5798/4513 2991/3412/2991
f 4243/5213/4243 4088/4965/4088 568/588/568
f 855/904/855 568/588/568 569/589/569
f 1835/5799/1835 771/811/771 145/152/145
f 4514/5800/4514 4515/5801/4515 3031/3459/3031
f 4514/5800/4514 3031/3459/3031 3106/3559/3106
f 1465/1565/1465 4502/5764/4502 620/5783/620
f 3793/4493/3793 4516/5802/4516 3794/4494/3794
f 1082/1151/1082 3520/5803/3520 297/306/297
f 2782/3121/2782 4517/5804/4517 4221/5179/4221
f 39/3356/39 4289/5308/4289 1350/1446/1350
f 2347/5805/2347 39/3356/39 1350/1446/1350
f 1651/1767/1651 1803/1941/1803 3486/4064/3486
f 4518/5806/4518 992/5807/992 3648/5808/3648
f 3689/4347/3689 3853/5809/3853 4519/5810/4519
f 2575/2863/2575 4262/5250/4262 4263/5252/4263
f 2575/2863/2575 4263/5252/4263 1387/1484/1387
f 4520/5811/4520 1146/1220/1146 4081/4954/4081
f 4521/5812/4521 4522/5813/4522 3906/4652/3906
f 4259/5242/4259 4463/5668/4463 4267/5814/4267
f 4260/5243/4260 4259/5242/4259 4267/5814/4267
f 3257/5815/3257 1990/2153/1990 2943/5816/2943
f 2648/2949/2648 225/234/225 2649/2950/2649
f 738/774/738 797/5817/797 3128/3857/3128
f 3560/5818/3560 199/208/199 201/210/201
f 4296/5319/4296 3795/4495/3795 2248/2463/2248
f 3668/5819/3668 4523/5820/4523 4408/5541/4408
f 394/405/394 1070/1137/1070 1487/3483/1487
f 4524/5821/4524 1154/1229/1154 2399/2639/2399
f 3409/3965/3409 2284/2505/2284 2285/2507/2285
f 269/278/269 721/757/721 3218/3701/3218
f 1821/1961/1821 3517/4108/3517 262/5822/262
f 141/4779/141 1800/1938/1800 3501/4085/3501
f 2487/2749/2487 1438/1538/1438 2242/2455/2242
f 786/828/786 785/827/785 853/902/853
f 4525/5823/4525 3592/4210/3592 2065/5824/2065
f 1123/1194/1123 1125/1196/1125 3946/4716/3946
f 1686/1806/1686 1123/1194/1123 3946/4716/3946
f 2956/3366/2956 4044/4879/4044 1678/1798/1678
f 1677/1797/1677 338/347/338 2952/5825/2952
f 3024/5232/3024 246/255/246 4526/5826/4526
f 3767/4445/3767 67/74/67 65/72/65
f 47/54/47 1401/1498/1401 3268/3766/3268
f 47/5827/47 3268/5828/3268 1880/2028/1880
f 1777/1913/1777 3702/4365/3702 2425/5829/2425
f 4211/5163/4211 1110/1181/1110 4527/5830/4527
f 4503/5831/4503 2850/5832/2850 4528/5833/4528
f 4503/5831/4503 4528/5833/4528 2056/5834/2056
f 1949/5835/1949 2442/2694/2442 2359/2693/2359
f 1608/1717/1608 2838/3200/2838 4529/5836/4529
f 458/474/458 4454/5639/4454 1802/1940/1802
f 4295/5314/4295 2811/3160/2811 4530/5837/4530
f 4531/5838/4531 4295/5314/4295 4530/5837/4530
f 4532/5839/4532 2516/2789/2516 3696/4358/3696
f 224/233/224 4533/5840/4533 3/3/3
f 2958/3369/2958 1596/1703/1596 938/992/938
f 183/4709/183 1772/1908/1772 1774/1910/1774
f 944/5775/944 3876/4608/3876 4378/5487/4378
f 582/603/582 3199/3679/3199 2780/3118/2780
f 552/572/552 3973/5841/3973 550/570/550
f 3638/4273/3638 549/569/549 4128/5028/4128
f 1617/1728/1617 2395/2633/2395 2024/2194/2024
f 1023/1634/1023 1771/5842/1771 3523/5843/3523
f 1728/1856/1728 4534/5844/4534 4535/5845/4535
f 4020/5286/4020 853/902/853 785/827/785
f 3210/3691/3210 1851/1997/1851 3131/3590/3131
f 3196/3673/3196 3195/3672/3195 3595/4213/3595
f 898/952/898 1411/1509/1411 3424/3983/3424
f 690/721/690 2564/5846/2564 3934/4698/3934
f 2621/2916/2621 2726/3053/2726 1375/1472/1375
f 1100/5847/1100 2890/3278/2890 825/3281/825
f 4536/5848/4536 1060/1127/1060 4537/5849/4537
f 4119/5850/4119 2423/2667/2423 1801/1939/1801
f 4254/5851/4254 1611/1721/1611 1610/1720/1610
f 2845/3209/2845 2762/3094/2762 4538/5852/4538
f 106/113/106 2467/5853/2467 4539/5854/4539
f 107/114/107 106/113/106 4539/5854/4539
f 591/612/591 2093/2275/2093 1201/1283/1201
f 3616/4246/3616 1613/1723/1613 1179/1256/1179
f 3167/4318/3167 1240/1327/1240 4438/5597/4438
f 4540/5855/4540 1608/1717/1608 4529/5836/4529
f 2370/2605/2370 2372/2607/2372 2449/2705/2449
f 3883/4620/3883 3297/3806/3297 1326/5856/1326
f 3236/5857/3236 2382/5858/2382 2384/5859/2384
f 1457/5199/1457 3619/5860/3619 3398/3952/3398
f 4541/5861/4541 3601/4222/3601 3603/4224/3603
f 4541/5861/4541 3603/4224/3603 4356/5433/4356
f 2529/2804/2529 2528/2803/2528 2694/3008/2694
f 2324/5862/2324 2933/3337/2933 2932/3336/2932
f 2180/2380/2180 3146/3608/3146 1234/3609/1234
f 3533/4127/3533 3532/4126/3532 2970/3381/2970
f 1790/1927/1790 1787/1923/1787 4443/5863/4443
f 4307/5342/4307 609/5864/609 3211/3693/3211
f 3214/3697/3214 3894/4634/3894 3896/4636/3896
f 3385/3931/3385 2861/3236/2861 4415/5556/4415
f 3297/5510/3297 1327/1422/1327 1326/1421/1326
f 3330/5865/3330 3432/3995/3432 4542/5866/4542
f 3229/5867/3229 2478/5868/2478 2904/5869/2904
f 4471/5870/4471 722/5871/722 271/2641/271
f 3574/4189/3574 2905/3298/2905 986/3297/986
f 3574/4189/3574 986/3297/986 989/5538/989
f 4543/5872/4543 3348/3881/3348 4401/5528/4401
f 200/209/200 354/5873/354 2360/3541/2360
f 1409/4763/1409 3971/4762/3971 180/207/180
f 1689/1809/1689 446/459/446 299/4426/299
f 4544/5874/4544 3140/3600/3140 2178/2378/2178
f 4545/5875/4545 3739/4412/3739 4546/5876/4546
f 51/1946/51 1808/1948/1808 1824/1964/1824
f 122/129/122 3969/5877/3969 4547/5878/4547
f 2704/5879/2704 711/745/711 713/747/713
f 1447/1547/1447 1449/1549/1449 4189/5127/4189
f 4279/5880/4279 107/5881/107 1284/1375/1284
f 534/995/534 940/994/940 222/4243/222
f 4132/5882/4132 756/795/756 4133/5883/4133
f 2670/2981/2670 2954/3364/2954 4548/5884/4548
f 3493/4074/3493 1088/1157/1088 4301/5331/4301
f 1225/5885/1225 1940/2095/1940 4549/5886/4549
f 3988/4793/3988 1225/1311/1225 4549/5887/4549
f 719/755/719 718/754/718 949/1007/949
f 719/755/719 949/1007/949 2957/5888/2957
f 4071/5889/4071 2959/5890/2959 4494/5891/4494
f 3265/3761/3265 3208/3764/3208 4550/5892/4550
f 2197/2398/2197 3534/4130/3534 3227/3716/3227
f 1497/1810/1497 2109/5893/2109 446/459/446
f 3107/3561/3107 4092/4969/4092 1534/1638/1534
f 1188/1270/1188 1283/1374/1283 3077/3517/3077
f 1188/1270/1188 3077/3517/3077 1173/1250/1173
f 3900/5692/3900 2721/3041/2721 3901/5894/3901
f 312/321/312 311/320/311 1034/1098/1034
f 2599/5895/2599 3994/5896/3994 3585/4200/3585
f 2599/5895/2599 3585/4200/3585 3584/4199/3584
f 1157/3568/1157 4551/5897/4551 138/145/138
f 1324/1419/1324 1711/5898/1711 1325/1420/1325
f 3713/4378/3713 1244/5899/1244 4226/5900/4226
f 3713/4378/3713 4226/5900/4226 4552/5901/4552
f 4553/5902/4553 4554/5903/4554 1526/1629/1526
f 503/520/503 2367/2602/2367 4555/5904/4555
f 4176/5105/4176 2228/2440/2228 3250/3745/3250
f 4389/5905/4389 3894/4634/3894 3213/3696/3213
f 3965/4790/3965 979/3390/979 2976/3389/2976
f 3130/3589/3130 3741/4414/3741 4556/5906/4556
f 1871/2017/1871 3878/4610/3878 4475/5907/4475
f 3314/3827/3314 1871/2017/1871 4475/5907/4475
f 2625/2920/2625 3247/4996/3247 3246/5908/3246
f 2873/3251/2873 2874/3253/2874 1102/1173/1102
f 3391/3992/3391 2520/2793/2520 3430/3993/3430
f 3583/4198/3583 3506/4090/3506 1446/1546/1446
f 3458/4028/3458 2303/2531/2303 780/821/780
f 1904/2056/1904 3458/4028/3458 780/821/780
f 2217/5909/2217 3083/3524/3083 2218/5910/2218
f 3082/5148/3082 4341/5405/4341 4340/5404/4340
f 89/2697/89 3278/4066/3278 1794/1932/1794
f 4289/5308/4289 1108/5911/1108 3806/4510/3806
f 1519/1622/1519 3599/4220/3599 3600/4221/3600
f 314/672/314 313/1290/313 647/673/647
f 1942/2097/1942 1941/2096/1941 2740/3072/2740
f 1683/1803/1683 1682/1802/1682 1571/5912/1571
f 3307/3819/3307 2815/3395/2815 2935/3397/2935
f 3146/3608/3146 3307/3819/3307 2935/3397/2935
f 1444/1544/1444 1781/1917/1781 1445/1545/1445
f 484/700/484 483/5913/483 670/701/670
f 4086/4962/4086 237/246/237 602/4963/602
f 3974/5914/3974 1608/1717/1608 3975/5915/3975
f 2795/4923/2795 2887/3273/2887 2886/3272/2886
f 1810/5916/1810 3546/4142/3546 1811/5917/1811
f 3092/3538/3092 4557/5918/4557 4558/5919/4558
f 3092/3538/3092 4558/5919/4558 4234/5920/4234
f 4559/5921/4559 2682/2995/2682 4090/4967/4090
f 1878/2024/1878 1877/2026/1877 4560/5922/4560
f 4561/5923/4561 437/5924/437 4562/5925/4562
f 1279/5926/1279 2873/3251/2873 3963/4747/3963
f 1575/5927/1575 336/345/336 339/348/339
f 1576/2077/1576 1575/5927/1575 339/348/339
f 2622/2917/2622 4563/5928/4563 2928/3329/2928
f 2989/5929/2989 4126/5930/4126 4564/5931/4564
f 1309/1404/1309 1308/1403/1308 1782/1918/1782
f 660/690/660 2053/5932/2053 1972/2132/1972
f 3688/4346/3688 3690/4348/3690 1330/5933/1330
f 2177/3310/2177 2176/5423/2176 418/3256/418
f 4565/5934/4565 3761/5935/3761 4029/4856/4029
f 3906/4652/3906 3905/4651/3905 61/68/61
f 68/75/68 3906/4652/3906 61/68/61
f 1241/5936/1241 4566/5937/4566 3730/5938/3730
f 3372/3911/3372 4567/5939/4567 4568/5940/4568
f 2667/2977/2667 3032/3460/3032 4515/5801/4515
f 3518/5941/3518 2667/2977/2667 4515/5801/4515
f 1177/1789/1177 1256/1791/1256 1255/5942/1255
f 658/688/658 4151/5060/4151 4569/5943/4569
f 3722/4390/3722 2903/3295/2903 328/337/328
f 3722/4390/3722 328/337/328 2079/2258/2079
f 1637/1751/1637 4306/5340/4306 4416/5557/4416
f 3518/5941/3518 3519/5944/3519 2667/2977/2667
f 1568/1674/1568 3479/5300/3479 1569/1675/1569
f 2365/2600/2365 3399/3954/3399 4570/5945/4570
f 2920/5946/2920 4571/5947/4571 2074/2252/2074
f 4543/5872/4543 580/601/580 3348/3881/3348
f 1379/3070/1379 2865/4123/2865 1380/5948/1380
f 923/5949/923 4572/5950/4572 1208/5951/1208
f 4573/5952/4573 516/533/516 517/535/517
f 1051/1117/1051 1053/1119/1053 3232/3721/3232
f 281/290/281 4574/5953/4574 3144/5954/3144
f 1073/2771/1073 4164/5082/4164 2984/5084/2984
f 4488/5955/4488 4543/5872/4543 4401/5528/4401
f 4093/5956/4093 1983/2145/1983 3811/5957/3811
f 1510/1613/1510 4575/5958/4575 1511/1614/1511
f 4344/5410/4344 1380/1477/1380 4576/5959/4576
f 4349/5421/4349 2878/5960/2878 2832/3190/2832
f 1258/1346/1258 1260/1348/1260 3212/4637/3212
f 2399/5789/2399 2475/2736/2475 7/10/7
f 617/1444/617 4577/5961/4577 618/5962/618
f 3003/3430/3003 1461/1561/1461 2217/2425/2217
f 3297/3806/3297 756/795/756 4132/5882/4132
f 1916/5963/1916 3907/5098/3907 4114/5006/4114
f 2686/3000/2686 1474/4821/1474 2684/2998/2684
f 1564/1669/1564 1616/1727/1616 842/2552/842
f 2092/2274/2092 2091/2273/2091 3093/3539/3093
f 4578/5964/4578 3670/4319/3670 4579/5965/4579
f 636/661/636 2074/2252/2074 3688/4346/3688
f 1605/1714/1605 595/616/595 2250/2465/2250
f 3404/5651/3404 3986/5966/3986 4580/5967/4580
f 4581/5968/4581 4582/5969/4582 1879/5970/1879
f 4583/5971/4583 3224/3711/3224 4056/4906/4056
f 4584/5972/4584 4585/5973/4585 4586/5974/4586
f 1885/2033/1885 4219/5176/4219 1886/2034/1886
f 4587/5975/4587 1182/5976/1182 3735/5977/3735
f 413/424/413 3269/5978/3269 4540/5855/4540
f 413/424/413 4540/5855/4540 414/425/414
f 952/1010/952 1126/1197/1126 1845/5979/1845
f 4560/5980/4560 1877/2023/1877 3381/3922/3381
f 1506/1607/1506 3342/3875/3342 3922/4675/3922
f 1695/1819/1695 930/1818/930 3559/4173/3559
f 650/676/650 506/523/506 753/790/753
f 2276/5981/2276 2938/3343/2938 1862/5982/1862
f 3833/4555/3833 1648/1764/1648 2286/2509/2286
f 4122/5020/4122 3833/4555/3833 2286/2509/2286
f 580/601/580 793/3882/793 3348/3881/3348
f 4588/5983/4588 3955/5984/3955 4589/5985/4589
f 4590/5986/4590 889/943/889 4591/5987/4591
f 91/98/91 93/100/93 4405/5534/4405
f 2331/2564/2331 4017/4837/4017 3234/3724/3234
f 4588/5988/4588 4592/5989/4592 1109/1180/1109
f 2990/3411/2990 2989/3410/2989 2182/2382/2182
f 541/561/541 540/560/540 4465/5675/4465
f 541/561/541 4465/5675/4465 362/373/362
f 2302/4481/2302 3287/3795/3287 3111/5990/3111
f 3173/3643/3173 577/597/577 4593/5991/4593
f 4594/5992/4594 3474/4050/3474 712/5993/712
f 2409/5994/2409 28/33/28 3321/3837/3321
f 4309/5345/4309 4595/5995/4595 2200/5346/2200
f 1455/1555/1455 1250/1338/1250 2330/2563/2330
f 3309/3822/3309 421/432/421 423/434/423
f 196/204/196 6/7/6 5/5/5
f 2791/5996/2791 1336/1431/1336 1957/2117/1957
f 2335/2568/2335 2014/2183/2014 3357/3894/3357
f 1770/1906/1770 3623/4257/3623 3433/3998/3433
f 727/763/727 455/471/455 4493/5997/4493
f 3894/5998/3894 4530/5837/4530 3895/5999/3895
f 4596/6000/4596 4597/6001/4597 4598/6002/4598
f 3062/6003/3062 4596/6000/4596 4598/6002/4598
f 4599/6004/4599 3925/6005/3925 4217/6006/4217
f 4599/6004/4599 4217/6006/4217 4216/6007/4216
f 4359/5444/4359 4247/5221/4247 4600/6008/4600
f 4168/6009/4168 1843/6010/1843 2236/2448/2236
f 4168/6009/4168 2236/2448/2236 687/6011/687
f 3924/6012/3924 709/743/709 3258/5701/3258
f 1192/1274/1192 3787/4484/3787 1190/1272/1190
f 4601/6013/4601 3676/4327/3676 1769/6014/1769
f 4602/6015/4602 3142/6016/3142 4603/6017/4603
f 4217/5172/4217 3925/6018/3925 3924/6019/3924
f 1763/1899/1763 728/764/728 3451/6020/3451
f 3476/6021/3476 3307/3819/3307 3146/3608/3146
f 3319/3835/3319 365/1116/365 2752/6022/2752
f 4552/5901/4552 4226/5900/4226 4604/6023/4604
f 2183/6024/2183 4605/6025/4605 2561/2845/2561
f 1515/1618/1515 4606/6026/4606 1516/1619/1516
f 90/97/90 2443/2699/2443 1985/6027/1985
f 2673/2985/2673 4607/6028/4607 4004/6029/4004
f 4112/6030/4112 4608/6031/4608 805/852/805
f 4112/6030/4112 805/852/805 804/851/804
f 2303/6032/2303 253/262/253 252/261/252
f 3628/4262/3628 932/986/932 2604/6033/2604
f 4609/6034/4609 54/61/54 2784/3123/2784
f 724/760/724 723/759/723 2965/3376/2965
f 4610/6035/4610 343/352/343 3368/6036/3368
f 887/941/887 161/168/161 888/942/888
f 771/811/771 773/813/773 145/152/145
f 3310/3823/3310 3312/3825/3312 4611/6037/4611
f 4164/5082/4164 2505/2770/2505 3612/5449/3612
f 4113/5004/4113 302/6038/302 1592/6039/1592
f 4612/6040/4612 1945/2104/1945 1019/2103/1019
f 1976/2740/1976 627/651/627 4613/6041/4613
f 4614/6042/4614 1810/5916/1810 4615/6043/4615
f 4323/5371/4323 1578/5446/1578 4324/5372/4324
f 842/890/842 841/889/841 1565/4129/1565
f 3821/6044/3821 3304/3813/3304 3305/3814/3305
f 503/520/503 4182/5115/4182 504/521/504
f 119/728/119 2747/4734/2747 4616/6045/4616
f 4617/6046/4617 1703/1829/1703 2498/5307/2498
f 1597/6047/1597 4320/5363/4320 4095/6048/4095
f 938/992/938 1597/1704/1597 4095/4973/4095
f 3078/3518/3078 1565/4129/1565 841/889/841
f 1343/1438/1343 2629/2926/2629 3419/3976/3419
f 4369/5468/4369 3508/4092/3508 2532/6049/2532
f 4618/6050/4618 1833/1973/1833 3874/4606/3874
f 3388/3935/3388 866/915/866 865/917/865
f 4619/6051/4619 1617/1728/1617 2024/2194/2024
f 4032/4859/4032 2264/2482/2264 3923/6052/3923
f 4620/6053/4620 3937/6054/3937 4621/6055/4621
f 2451/2707/2451 4622/6056/4622 4466/5679/4466
f 4036/4867/4036 4623/6057/4623 642/667/642
f 4036/4867/4036 642/667/642 641/666/641
f 4624/6058/4624 4625/6059/4625 2137/6060/2137
f 1551/6061/1551 3292/6062/3292 3291/6063/3291
f 4412/5550/4412 1197/1279/1197 3856/4581/3856
f 4412/5550/4412 3856/4581/3856 673/704/673
f 4626/6064/4626 1212/1879/1212 1750/1881/1750
f 2780/3118/2780 2781/3120/2781 599/620/599
f 4125/6065/4125 4124/6066/4124 4627/6067/4627
f 2025/6068/2025 4628/6069/4628 3220/6070/3220
f 1840/4483/1840 3695/4357/3695 3787/4484/3787
f 978/1037/978 2151/2345/2151 2150/2344/2150
f 4629/6071/4629 1722/1848/1722 1721/1847/1721
f 4061/4914/4061 1479/1579/1479 4006/4823/4006
f 2174/2374/2174 2173/2373/2173 4478/5715/4478
f 1027/1089/1027 4630/6072/4630 998/1059/998
f 1900/2052/1900 1899/2051/1899 2248/2463/2248
f 2334/2567/2334 2014/2183/2014 2335/2568/2335
f 3891/4630/3891 3000/3425/3000 2047/6073/2047
f 1740/1870/1740 3891/6074/3891 2047/2218/2047
f 498/515/498 3085/3527/3085 499/516/499
f 1357/1454/1357 3923/4680/3923 1355/1452/1355
f 2500/2763/2500 1733/1863/1733 3660/4303/3660
f 4110/5000/4110 3260/3756/3260 1228/2493/1228
f 2327/3351/2327 379/6075/379 347/3352/347
f 1551/1655/1551 592/613/592 594/615/594
f 2167/5577/2167 4427/5576/4427 4631/6076/4631
f 3150/6077/3150 110/1316/110 1229/1315/1229
f 2967/6078/2967 752/789/752 3405/3960/3405
f 4156/5069/4156 4632/6079/4632 578/4735/578
f 562/6080/562 564/6081/564 1556/1661/1556
f 3893/4633/3893 2714/3034/2714 3476/4053/3476
f 3893/4633/3893 3476/4053/3476 399/4822/399
f 700/733/700 309/318/309 3553/6082/3553
f 3282/3787/3282 4633/6083/4633 3703/4366/3703
f 1376/1473/1376 310/319/310 312/321/312
f 3414/3970/3414 2621/2916/2621 2623/2918/2623
f 3956/4736/3956 578/4735/578 4632/6079/4632
f 3007/3434/3007 3586/4201/3586 3932/6084/3932
f 3066/3504/3066 4000/4812/4000 2471/2732/2471
f 3440/4007/3440 4382/5496/4382 618/6085/618
f 856/905/856 4634/6086/4634 1921/2074/1921
f 854/903/854 856/905/856 1921/2074/1921
f 3416/3972/3416 3155/3621/3155 992/1051/992
f 327/6087/327 833/880/833 835/882/835
f 2366/2601/2366 3717/4384/3717 3057/3491/3057
f 950/1008/950 952/1010/952 1845/5979/1845
f 950/1008/950 1845/5979/1845 1974/6088/1974
f 3465/4037/3465 4235/5203/4235 3756/4433/3756
f 1921/2074/1921 4634/6086/4634 1922/2075/1922
f 1994/6089/1994 2589/6090/2589 4635/6091/4635
f 2584/2873/2584 3200/3680/3200 2948/3943/2948
f 474/491/474 473/490/473 3153/6092/3153
f 3473/4047/3473 3472/4046/3472 3996/6093/3996
f 3889/5572/3889 2141/2333/2141 2140/2332/2140
f 233/6094/233 1488/3484/1488 2545/6095/2545
f 233/6096/233 2545/6097/2545 2540/3919/2540
f 3647/4285/3647 3306/6098/3306 2717/5318/2717
f 2671/2983/2671 3917/6099/3917 4636/6100/4636
f 2671/2983/2671 4636/6100/4636 1638/4625/1638
f 4637/6101/4637 1462/1562/1462 1464/1564/1464
f 3006/3433/3006 2138/6102/2138 2137/6060/2137
f 4049/4937/4049 3785/4478/3785 2076/2254/2076
f 1462/1562/1462 3731/4403/3731 1463/1563/1463
f 4156/5069/4156 2188/2388/2188 2189/2390/2189
f 4437/6103/4437 4512/6104/4512 1603/6105/1603
f 4062/4915/4062 1089/2421/1089 2214/2420/2214
f 1746/2828/1746 3907/4653/3907 2546/2827/2546
f 2497/6106/2497 4342/5406/4342 2498/5307/2498
f 3953/4730/3953 4468/6107/4468 4577/6108/4577
f 912/966/912 4638/6109/4638 913/967/913
f 4639/6110/4639 4640/6111/4640 4641/6112/4641
f 4273/6113/4273 1818/6114/1818 1817/6115/1817
f 2143/2612/2143 4273/6116/4273 1817/5770/1817
f 4642/6117/4642 2882/3265/2882 996/1055/996
f 1793/1931/1793 1377/1474/1377 2170/2370/2170
f 4643/6118/4643 3259/3755/3259 1012/6119/1012
f 4644/6120/4644 2765/3097/2765 2084/4835/2084
f 3513/4097/3513 925/979/925 893/947/893
f 2198/2399/2198 1975/2135/1975 2197/2398/2197
f 1856/2002/1856 3309/3822/3309 4645/6121/4645
f 3023/3451/3023 705/739/705 707/741/707
f 1472/1572/1472 4630/6072/4630 1027/1089/1027
f 4646/6122/4646 1472/1572/1472 1027/1089/1027
f 4647/6123/4647 2201/2402/2201 2039/6124/2039
f 4460/5657/4460 4131/6125/4131 3665/4310/3665
f 53/60/53 56/63/56 3606/6126/3606
f 2799/3140/2799 1959/3141/1959 1961/6127/1961
f 2618/2908/2618 3129/6128/3129 3626/6129/3626
f 4504/5773/4504 3680/4331/3680 2611/6130/2611
f 3462/4034/3462 4353/6131/4353 4355/6132/4355
f 1064/1131/1064 3786/4482/3786 1065/1132/1065
f 292/301/292 4648/6133/4648 2376/2611/2376
f 292/301/292 2376/2611/2376 3311/3824/3311
f 1820/6134/1820 2117/2307/2117 1914/2066/1914
f 4630/6135/4630 4649/6136/4649 1864/2010/1864
f 2920/3319/2920 3851/6137/3851 4571/6138/4571
f 3442/4009/3442 3346/3879/3346 3176/3648/3176
f 4517/5804/4517 4487/5730/4487 4441/5606/4441
f 2323/2555/2323 4340/5544/4340 630/654/630
f 4650/6139/4650 3095/6140/3095 2977/3392/2977
f 4041/4876/4041 550/570/550 3973/5841/3973
f 1896/2047/1896 4610/6035/4610 3368/6036/3368
f 4651/6141/4651 4446/5616/4446 4652/6142/4652
f 4651/6141/4651 4652/6142/4652 4653/6143/4653
f 3160/4928/3160 3204/3684/3204 4654/6144/4654
f 3159/6145/3159 3160/4928/3160 4654/6144/4654
f 27/32/27 2124/2315/2124 28/33/28
f 1908/2060/1908 4219/5176/4219 4655/6146/4655
f 4117/6147/4117 1908/6148/1908 4655/6149/4655
f 4041/4876/4041 3973/5841/3973 3975/6150/3975
f 4223/5181/4223 2163/2360/2163 1543/6151/1543
f 1281/3252/1281 1933/6152/1933 2874/3253/2874
f 323/6153/323 4343/6154/4343 260/6155/260
f 1174/5652/1174 3404/5651/3404 4580/5967/4580
f 1174/5652/1174 4580/5967/4580 4121/5019/4121
f 2066/2240/2066 3318/3831/3318 2060/2234/2060
f 2066/2240/2066 2060/2234/2060 2059/2233/2059
f 1903/2055/1903 3463/6156/3463 897/951/897
f 786/828/786 4656/6157/4656 787/829/787
f 2944/3349/2944 2965/3376/2965 2964/3375/2964
f 1801/1939/1801 456/472/456 1802/1940/1802
f 79/6158/79 4594/5992/4594 712/5993/712
f 595/616/595 4087/4964/4087 596/617/596
f 3704/6159/3704 3703/6160/3703 1618/6161/1618
f 807/5685/807 809/6162/809 4336/5390/4336
f 1858/2004/1858 421/432/421 3309/3822/3309
f 2453/2709/2453 1084/1153/1084 1083/1152/1083
f 974/1033/974 1780/1916/1780 975/1034/975
f 3951/4726/3951 4655/6149/4655 1885/2841/1885
f 460/883/460 459/6163/459 836/884/836
f 725/761/725 203/212/203 4313/5351/4313
f 4204/6164/4204 4657/6165/4657 3331/6166/3331
f 1508/1611/1508 925/979/925 1507/1610/1507
f 1742/1872/1742 4658/6167/4658 2568/6168/2568
f 1742/1872/1742 2568/6168/2568 1743/1873/1743
f 804/851/804 806/853/806 3708/4649/3708
f 804/851/804 3708/4649/3708 303/312/303
f 4659/6169/4659 2813/3162/2813 2495/6170/2495
f 2877/3258/2877 4660/6171/4660 3557/4169/3557
f 3936/4700/3936 4661/6172/4661 3041/6173/3041
f 2844/4701/2844 3936/4700/3936 3041/6173/3041
f 4662/6174/4662 4611/6175/4611 3312/6176/3312
f 3049/3480/3049 4663/6177/4663 4607/6178/4607
f 3049/6179/3049 4607/6180/4607 2612/6181/2612
f 4587/6182/4587 3735/4407/3735 4612/6040/4612
f 2267/2486/2267 4587/5975/4587 4612/6183/4612
f 174/4873/174 2465/2725/2465 3196/3673/3196
f 603/624/603 4186/5121/4186 1957/6184/1957
f 3177/3650/3177 3178/3651/3178 4633/6185/4633
f 175/6186/175 2097/6187/2097 4664/6188/4664
f 175/6186/175 4664/6188/4664 4665/6189/4665
f 2937/3342/2937 700/6190/700 1235/1322/1235
f 4382/5496/4382 2165/6191/2165 2164/6192/2164
f 4666/6193/4666 2480/5676/2480 2356/2591/2356
f 2178/2378/2178 397/408/397 2179/2379/2179
f 4554/6194/4554 2167/2366/2167 2169/2368/2169
f 4418/5560/4418 4471/5870/4471 271/2641/271
f 847/6195/847 849/6196/849 1193/1275/1193
f 1236/4081/1236 1113/1184/1113 1112/1183/1112
f 2859/3231/2859 562/6080/562 1556/1661/1556
f 4667/6197/4667 4643/6198/4643 1012/1073/1012
f 2847/3211/2847 4668/6199/4668 2848/3212/2848
f 2596/4951/2596 1381/6200/1381 154/6201/154
f 867/918/867 983/1042/983 4585/6202/4585
f 2173/2373/2173 867/6203/867 4585/5973/4585
f 3106/3559/3106 3031/3459/3031 4369/5468/4369
f 806/3387/806 2975/3388/2975 3708/4371/3708
f 3711/4376/3711 1887/2035/1887 3854/4579/3854
f 4508/5781/4508 409/420/409 411/422/411
f 4612/6040/4612 3735/4407/3735 1945/2104/1945
f 4002/4814/4002 2641/2939/2641 33/38/33
f 3682/4334/3682 4268/6204/4268 1619/4335/1619
f 4298/5324/4298 4545/6205/4545 4456/6206/4456
f 4299/5325/4299 4298/5324/4298 4456/6206/4456
f 1922/2075/1922 4028/4854/4028 1923/2076/1923
f 3453/6207/3453 3407/3962/3407 4372/5476/4372
f 3453/6207/3453 4372/5476/4372 3454/6208/3454
f 3423/5225/3423 1892/2041/1892 1891/2040/1891
f 3799/4502/3799 3798/4501/3798 3005/3432/3005
f 4669/6209/4669 809/856/809 1837/1980/1837
f 4670/6210/4670 1510/1613/1510 1509/1612/1509
f 4257/6211/4257 4260/6212/4260 4177/5106/4177
f 4033/6213/4033 1774/1910/1774 2939/4892/2939
f 1053/6214/1053 1052/5175/1052 1577/1683/1577
f 3754/6215/3754 3298/6216/3298 1185/6217/1185
f 1031/6218/1031 3145/6219/3145 2126/2318/2126
f 1693/1815/1693 2892/6220/2892 2894/3886/2894
f 2622/2917/2622 2928/3329/2928 2927/3328/2927
f 3944/4714/3944 4671/6221/4671 1117/1188/1117
f 4287/5304/4287 3944/4714/3944 1117/1188/1117
f 3628/4262/3628 4672/6222/4672 2230/2442/2230
f 931/985/931 933/987/933 3272/3773/3272
f 764/803/764 2261/2477/2261 3512/4096/3512
f 3580/4195/3580 888/942/888 3581/4196/3581
f 3932/4696/3932 2561/2845/2561 3933/4697/3933
f 3143/3605/3143 1314/1409/1314 2531/2806/2531
f 3692/4350/3692 3941/4894/3941 4322/5369/4322
f 3692/4350/3692 4322/5369/4322 3693/4351/3693
f 4356/5433/4356 4673/6223/4673 3922/4675/3922
f 4356/5433/4356 3922/4675/3922 466/3384/466
f 1486/6224/1486 2431/6225/2431 2814/3163/2814
f 4674/6226/4674 503/520/503 4555/5904/4555
f 4675/6227/4675 4674/6226/4674 4555/5904/4555
f 4676/6228/4676 4677/6229/4677 1310/1405/1310
f 3823/4539/3823 4676/6230/4676 1310/6231/1310
f 1870/2016/1870 1869/2015/1869 4678/6232/4678
f 3879/4611/3879 1870/2016/1870 4678/6232/4678
f 4312/5350/4312 4436/5589/4436 4197/5588/4197
f 1854/6233/1854 4312/5350/4312 4197/5588/4197
f 3240/3734/3240 4039/4871/4039 4038/4870/4038
f 3241/3735/3241 3240/3734/3240 4038/4870/4038
f 4017/4837/4017 1406/1503/1406 1595/1702/1595
f 2580/2868/2580 4497/5756/4497 4073/6234/4073
f 1474/1574/1474 1340/1435/1340 2860/3233/2860
f 539/559/539 541/561/541 1789/1926/1789
f 2105/2291/2105 4403/5531/4403 2986/6235/2986
f 2022/2192/2022 2021/2191/2021 4679/6236/4679
f 3570/5688/3570 493/510/493 4680/6237/4680
f 4654/6144/4654 3204/3684/3204 2156/2351/2156
f 4417/6238/4417 4445/6239/4445 230/239/230
f 3359/6240/3359 4681/6241/4681 4682/6242/4682
f 4457/6243/4457 1424/1524/1424 1893/6244/1893
f 2636/2934/2636 2635/2933/2635 3346/3879/3346
f 2636/2934/2636 3346/3879/3346 4053/4899/4053
f 548/568/548 4098/6245/4098 4683/6246/4683
f 2837/3199/2837 1427/1527/1427 2757/3089/2757
f 3559/4173/3559 352/361/352 3768/4447/3768
f 902/956/902 4684/6247/4684 903/957/903
f 1407/6248/1407 1251/4324/1251 3673/4323/3673
f 1205/1288/1205 3196/6249/3196 750/1289/750
f 4449/5630/4449 1063/4643/1063 3898/4642/3898
f 4449/5630/4449 3898/4642/3898 4258/5241/4258
f 116/123/116 4323/5371/4323 942/999/942
f 4685/6250/4685 848/6251/848 3730/5938/3730
f 1710/1836/1710 535/553/535 4686/6252/4686
f 1710/1836/1710 4686/6252/4686 169/176/169
f 3310/3823/3310 292/301/292 3311/3824/3311
f 672/3929/672 3385/3931/3385 4415/5556/4415
f 1607/1716/1607 3373/3912/3373 3375/3914/3375
f 1607/1716/1607 3375/3914/3375 4687/6253/4687
f 124/3174/124 4485/6254/4485 2821/3175/2821
f 2462/2722/2462 4374/5690/4374 1371/1468/1371
f 4688/6255/4688 1657/6256/1657 1656/4521/1656
f 2572/6257/2572 1848/1994/1848 1850/1996/1850
f 1106/1177/1106 4584/5972/4584 1107/1178/1107
f 1876/2022/1876 2338/2571/2338 3992/4801/3992
f 1375/1472/1375 3064/6258/3064 4563/5928/4563
f 2621/2916/2621 1375/1472/1375 4563/5928/4563
f 3751/4424/3751 623/647/623 3723/4392/3723
f 4631/6259/4631 1368/1465/1368 4689/6260/4689
f 4336/5390/4336 809/6162/809 4669/6261/4669
f 4336/5390/4336 4669/6261/4669 4690/6262/4690
f 4122/5020/4122 2286/2509/2286 698/2508/698
f 2592/6263/2592 2489/2752/2489 2593/5462/2593
f 3640/4276/3640 3639/4275/3639 2013/6264/2013
f 1479/1579/1479 910/964/910 4007/4824/4007
f 4691/6265/4691 2456/6266/2456 3518/5941/3518
f 2865/3243/2865 1790/1927/1790 4576/5959/4576
f 1380/1477/1380 2865/3243/2865 4576/5959/4576
f 3652/4293/3652 616/640/616 419/6267/419
f 3355/3892/3355 3652/6268/3652 419/6269/419
f 2294/6270/2294 3948/6271/3948 2295/6272/2295
f 1800/1938/1800 1803/1941/1803 1651/1767/1651
f 3775/4465/3775 2300/4464/2300 4334/5387/4334
f 4479/6273/4479 3323/3839/3323 1759/1894/1759
f 3901/4646/3901 3892/4632/3892 2089/6274/2089
f 4692/6275/4692 2661/2967/2661 4043/4878/4043
f 3253/6276/3253 4558/5919/4558 3254/6277/3254
f 49/56/49 1521/1624/1521 51/58/51
f 253/262/253 2303/6032/2303 3361/6278/3361
f 3050/3481/3050 2612/6279/2612 2611/6130/2611
f 3680/4331/3680 3050/3481/3050 2611/6130/2611
f 337/6280/337 3245/6281/3245 4131/6125/4131
f 4693/6282/4693 1034/1098/1034 1088/1157/1088
f 262/271/262 4694/6283/4694 1821/6284/1821
f 3130/6285/3130 4695/6286/4695 3627/4261/3627
f 3626/4260/3626 3130/6285/3130 3627/4261/3627
f 4633/6185/4633 3178/3651/3178 4696/6287/4696
f 2463/2723/2463 3494/4075/3494 2627/6288/2627
f 4052/4896/4052 4051/4895/4051 4335/5389/4335
f 4445/6239/4445 4697/6289/4697 241/250/241
f 4445/6239/4445 241/250/241 240/249/240
f 2875/3254/2875 1033/1097/1033 852/901/852
f 4698/6290/4698 4699/6291/4699 4564/6292/4564
f 2329/6293/2329 3060/6294/3060 3618/4250/3618
f 4700/6295/4700 475/492/475 3254/6277/3254
f 3287/3795/3287 4701/6296/4701 3288/3796/3288
f 1513/6297/1513 1512/6298/1512 2620/5793/2620
f 1520/1623/1520 4553/5902/4553 1521/1624/1521
f 178/6299/178 2097/6187/2097 175/6186/175
f 969/1088/969 4646/6122/4646 1027/1089/1027
f 4393/6300/4393 1007/1068/1007 1009/1070/1009
f 2628/2925/2628 2627/2924/2627 190/6301/190
f 2628/2925/2628 190/6301/190 3771/4454/3771
f 2724/3049/2724 41/3048/41 2071/2247/2071
f 3714/4379/3714 4144/5051/4144 2144/2336/2144
f 3166/3633/3166 3167/3635/3167 1048/1112/1048
f 2850/5832/2850 4702/6302/4702 4528/5833/4528
f 2649/2950/2649 225/234/225 4271/5268/4271
f 2192/2393/2192 1192/1274/1192 1211/1296/1211
f 4703/6303/4703 2149/6304/2149 4704/6305/4704
f 4703/6303/4703 4704/6305/4704 4705/6306/4705
f 2058/3308/2058 2057/2229/2057 2913/3309/2913
f 2242/2455/2242 1438/1538/1438 1440/1540/1440
f 4706/6307/4706 4707/6308/4707 3835/6309/3835
f 1819/1959/1819 4706/6307/4706 3835/6309/3835
f 1087/4497/1087 1947/6310/1947 3796/4498/3796
f 3230/3719/3230 4624/6311/4624 2137/2329/2137
f 1445/1545/1445 974/1033/974 1446/1546/1446
f 4708/6312/4708 4538/5852/4538 4532/5839/4532
f 4644/6120/4644 2774/3110/2774 2765/3097/2765
f 3655/4298/3655 4709/6313/4709 3192/3666/3192
f 3879/4611/3879 4678/6232/4678 1907/6314/1907
f 3101/3551/3101 232/241/232 3102/3552/3102
f 782/824/782 784/826/784 3485/6315/3485
f 1609/1719/1609 1775/6316/1775 4623/6057/4623
f 4710/6317/4710 1931/2086/1931 636/6318/636
f 2516/2789/2516 2519/2792/2519 450/465/450
f 3696/4358/3696 2516/2789/2516 450/465/450
f 3322/3838/3322 1098/6319/1098 2097/6320/2097
f 4664/6188/4664 1098/1169/1098 1097/1168/1097
f 1541/1645/1541 187/6321/187 2878/3259/2878
f 4217/5172/4217 1956/5656/1956 1955/5173/1955
f 3890/4629/3890 21/25/21 277/286/277
f 3891/4630/3891 3890/4629/3890 277/286/277
f 598/619/598 1992/2156/1992 599/620/599
f 2051/4588/2051 36/41/36 2347/2580/2347
f 1238/1325/1238 2919/6322/2919 1239/1326/1239
f 2309/2539/2309 2658/2963/2658 2982/3401/2982
f 4711/6323/4711 2073/6324/2073 3605/6325/3605
f 1655/1771/1655 4712/6326/4712 1121/4321/1121
f 1626/5763/1626 3656/6327/3656 588/609/588
f 2377/2613/2377 4309/5345/4309 2199/5344/2199
f 411/6328/411 410/5047/410 3212/4637/3212
f 4315/5355/4315 4713/6329/4713 1207/1292/1207
f 436/448/436 2806/6330/2806 437/449/437
f 545/565/545 4368/6331/4368 2285/6332/2285
f 586/6333/586 588/6334/588 3255/3750/3255
f 4169/6335/4169 593/614/593 4207/6336/4207
f 262/271/262 261/270/261 4694/6283/4694
f 4538/5852/4538 2762/3094/2762 4532/5839/4532
f 3071/3510/3071 2135/2327/2135 2748/4253/2748
f 794/838/794 828/1384/828 2488/5771/2488
f 2854/6337/2854 2549/6338/2549 2258/6339/2258
f 4681/6241/4681 2299/2527/2299 4714/6340/4714
f 4225/5185/4225 1368/5184/1368 4631/6076/4631
f 2410/2653/2410 4715/6341/4715 3985/5646/3985
f 1615/1726/1615 4619/6051/4619 1005/1066/1005
f 3501/4085/3501 1800/1938/1800 1651/1767/1651
f 701/734/701 424/736/424 2127/2319/2127
f 4107/4995/4107 8/11/8 77/84/77
f 1079/1148/1079 1078/1147/1078 1773/1909/1773
f 4688/6255/4688 4716/6342/4716 1657/6256/1657
f 3777/4467/3777 1875/2025/1875 1878/2024/1878
f 4395/5521/4395 3777/4467/3777 1878/2024/1878
f 1667/1785/1667 1670/1788/1670 3056/5177/3056
f 4717/6343/4717 60/67/60 57/64/57
f 3366/6344/3366 4717/6343/4717 57/64/57
f 4713/6329/4713 488/505/488 1688/1808/1688
f 1629/1743/1629 1631/1745/1631 4619/6051/4619
f 2188/6345/2188 3968/6346/3968 406/417/406
f 315/324/315 649/6347/649 4042/4877/4042
f 3564/4178/3564 1231/1318/1231 3565/4179/3565
f 2541/2817/2541 1506/1607/1506 3922/4675/3922
f 4673/6223/4673 2541/2817/2541 3922/4675/3922
f 2419/2663/2419 30/6348/30 2420/2664/2420
f 3971/6349/3971 1324/1419/1324 180/187/180
f 4477/5710/4477 4476/5709/4476 4425/5574/4425
f 4718/6350/4718 4719/6351/4719 4720/6352/4720
f 4718/6350/4718 4720/6352/4720 4721/6353/4721
f 2902/3294/2902 2108/2296/2108 1499/2295/1499
f 1078/1147/1078 1862/2008/1862 1773/1909/1773
f 3486/4064/3486 4118/5011/4118 1018/1079/1018
f 2131/6354/2131 4722/6355/4722 4641/6356/4641
f 2304/2532/2304 2305/2533/2305 1007/6357/1007
f 1364/6358/1364 2304/2532/2304 1007/6357/1007
f 1365/1462/1365 3946/4716/3946 1366/1463/1366
f 4327/5376/4327 4326/5375/4326 3179/3652/3179
f 1745/1875/1745 1744/1874/1744 2220/2428/2220
f 1796/6359/1796 4723/6360/4723 2533/2808/2533
f 4222/5180/4222 4221/5179/4221 214/6361/214
f 4247/6362/4247 3413/6363/3413 4600/6364/4600
f 2930/3334/2930 294/303/294 293/302/293
f 1503/1608/1503 1819/1959/1819 3836/6365/3836
f 3128/6366/3128 1477/1577/1477 1476/1576/1476
f 3916/4666/3916 391/402/391 390/401/390
f 4240/5210/4240 4639/6110/4639 2922/6367/2922
f 4550/5892/4550 3208/3764/3208 554/6368/554
f 525/543/525 2614/2904/2614 936/990/936
f 1097/5632/1097 4450/5631/4450 1203/3544/1203
f 3226/3715/3226 4022/4843/4022 864/913/864
f 1930/2251/1930 2920/5946/2920 2074/2252/2074
f 1823/4214/1823 3596/4216/3596 4435/5587/4435
f 1601/6369/1601 1823/4214/1823 4435/5587/4435
f 4501/5762/4501 830/877/830 832/879/832
f 3572/5680/3572 4572/6370/4572 922/976/922
f 4043/4887/4043 4048/4889/4048 4724/6371/4724
f 3304/6372/3304 192/199/192 191/198/191
f 2544/2825/2544 2689/3003/2689 4290/5309/4290
f 2544/2825/2544 4290/5309/4290 1867/2823/1867
f 4323/5371/4323 115/122/115 1579/6373/1579
f 158/6374/158 1329/1424/1329 1189/1271/1189
f 892/946/892 4577/6108/4577 1348/4913/1348
f 3535/4131/3535 4029/4856/4029 3490/6375/3490
f 3916/4666/3916 390/401/390 1926/2081/1926
f 3822/4538/3822 2214/2420/2214 3823/4539/3823
f 2777/3115/2777 4408/5541/4408 2778/3116/2778
f 4500/5761/4500 4344/5410/4344 529/547/529
f 933/987/933 932/986/932 2889/4263/2889
f 4363/5455/4363 4725/6376/4725 4364/5456/4364
f 4249/5223/4249 869/920/869 868/919/868
f 2652/5703/2652 2651/6377/2651 1692/1814/1692
f 2337/2570/2337 602/5228/602 4047/4884/4047
f 544/6378/544 1222/1308/1222 1224/1310/1224
f 544/6378/544 1224/1310/1224 4368/5466/4368
f 881/934/881 880/933/880 4726/6379/4726
f 4364/5456/4364 4647/6380/4647 4624/6311/4624
f 318/327/318 3751/6381/3751 1220/1306/1220
f 388/2310/388 1326/5856/1326 389/6382/389
f 1440/1540/1440 3912/4660/3912 4400/5527/4400
f 1619/1730/1619 4269/6383/4269 1524/4863/1524
f 2766/6384/2766 3236/5857/3236 4727/6385/4727
f 3817/6386/3817 3011/3438/3011 4188/6387/4188
f 3334/6388/3334 3817/6386/3817 4188/6387/4188
f 4688/6255/4688 3860/4585/3860 3859/4584/3859
f 3047/3478/3047 4688/6255/4688 3859/4584/3859
f 2637/2935/2637 2638/2936/2638 4728/6389/4728
f 3320/3836/3320 2707/3025/2707 3089/6390/3089
f 4068/4926/4068 2818/3168/2818 259/268/259
f 4068/4926/4068 259/268/259 258/267/258
f 1885/2033/1885 1887/2035/1887 3711/4376/3711
f 1081/1928/1081 4354/5431/4354 1791/1929/1791
f 3560/4174/3560 3559/4173/3559 199/4448/199
f 3087/6391/3087 3216/3699/3216 439/6392/439
f 4728/6393/4728 2638/6394/2638 4697/6395/4697
f 145/152/145 773/813/773 2255/2470/2255
f 4729/6396/4729 1794/1932/1794 3488/4067/3488
f 2054/2226/2054 3380/3921/3380 2909/3302/2909
f 4223/6397/4223 1542/1646/1542 1878/2024/1878
f 4682/6242/4682 4681/6241/4681 4714/6340/4714
f 2269/2488/2269 2797/3138/2797 2737/3137/2737
f 492/509/492 4205/6398/4205 493/510/493
f 1891/2040/1891 1893/2042/1893 4471/5696/4471
f 4094/6399/4094 4039/4871/4039 1219/6400/1219
f 2884/3268/2884 4093/4970/4093 2885/3269/2885
f 346/355/346 3010/6401/3010 347/356/347
f 4730/6402/4730 4569/5943/4569 4702/6302/4702
f 1614/4374/1614 3630/4265/3630 4567/5939/4567
f 2173/2373/2173 4585/5973/4585 4584/5972/4584
f 4524/5821/4524 100/107/100 1634/1748/1634
f 1894/2044/1894 4731/6403/4731 4732/6404/4732
f 876/929/876 263/3948/263 761/800/761
f 3629/4264/3629 2335/2568/2335 2702/3896/2702
f 2037/2944/2037 4521/5812/4521 63/70/63
f 1396/1493/1396 2037/2944/2037 63/70/63
f 3959/4740/3959 3961/4742/3961 4733/6405/4733
f 936/990/936 2614/2904/2614 3742/4415/3742
f 1444/1544/1444 3701/4364/3701 1781/1917/1781
f 1286/1377/1286 4734/6406/4734 192/199/192
f 2249/2464/2249 2667/6407/2667 3519/4110/3519
f 4249/5223/4249 1453/1553/1453 1452/1552/1452
f 289/6408/289 3028/3456/3028 4735/6409/4735
f 2867/6410/2867 4736/6411/4736 2866/6412/2866
f 2378/2614/2378 605/626/605 4636/6413/4636
f 764/803/764 74/81/74 2261/2477/2261
f 4737/6414/4737 4203/5143/4203 2051/2223/2051
f 481/498/481 4738/6415/4738 4739/6416/4739
f 481/498/481 4739/6416/4739 3033/6417/3033
f 144/151/144 143/150/143 4740/6418/4740
f 144/2976/144 4740/6419/4740 3301/3810/3301
f 462/479/462 795/2989/795 404/415/404
f 2249/2464/2249 3519/4110/3519 1900/2052/1900
f 4735/6409/4735 3028/3456/3028 3030/3458/3030
f 2559/2843/2559 935/4080/935 2560/2844/2560
f 4741/6420/4741 3414/3970/3414 2852/3217/2852
f 2381/2619/2381 1786/1922/1786 2461/6421/2461
f 4551/5897/4551 2709/3028/2709 4742/6422/4742
f 4288/5305/4288 4743/6423/4743 1738/5306/1738
f 2607/2896/2607 2933/6424/2933 2324/2556/2324
f 3673/4323/3673 3527/4120/3527 3541/4137/3541
f 662/692/662 2591/2880/2591 663/693/663
f 2761/3093/2761 4477/5710/4477 4425/5574/4425
f 4659/6169/4659 3497/4078/3497 3496/4077/3496
f 4741/6420/4741 1744/3216/1744 1743/6425/1743
f 4070/4931/4070 2186/2386/2186 2185/2385/2185
f 2626/2922/2626 2553/2835/2553 3887/4624/3887
f 818/865/818 3107/3561/3107 415/426/415
f 284/293/284 2931/4381/2931 285/294/285
f 1698/1822/1698 2657/2960/2657 1699/1823/1699
f 3903/4648/3903 3455/4025/3455 320/329/320
f 1993/2157/1993 1756/1890/1756 1979/2140/1979
f 4724/6371/4724 4744/6426/4744 2198/6427/2198
f 149/156/149 1839/3444/1839 3019/3447/3019
f 1860/2006/1860 204/213/204 203/212/203
f 1171/1248/1171 3643/4279/3643 3642/4278/3642
f 3895/5999/3895 4659/6169/4659 3896/6428/3896
f 1824/1964/1824 2837/3199/2837 2757/3089/2757
f 351/4356/351 324/333/324 1190/1272/1190
f 814/861/814 2594/6429/2594 3255/3750/3255
f 2815/3164/2815 2619/2909/2619 2936/5745/2936
f 3605/6325/3605 1704/1830/1704 4711/6323/4711
f 2655/2957/2655 2849/6430/2849 1894/6431/1894
f 2785/3124/2785 557/577/557 556/576/556
f 1288/1379/1288 4593/5991/4593 4734/6406/4734
f 3244/6432/3244 4418/5560/4418 4745/6433/4745
f 4327/6434/4327 839/887/839 838/886/838
f 1728/1856/1728 2026/2196/2026 23/28/23
f 4746/6435/4746 573/593/573 575/595/575
f 1492/1593/1492 4746/6435/4746 575/595/575
f 3189/3663/3189 4083/6436/4083 1116/1187/1116
f 4638/6109/4638 2029/2200/2029 1299/1391/1299
f 4747/6437/4747 4618/6050/4618 944/5775/944
f 2115/6438/2115 4169/6335/4169 4207/6336/4207
f 1877/2023/1877 1876/2022/1876 3992/4801/3992
f 3126/3584/3126 2995/3420/2995 2994/3419/2994
f 1549/2645/1549 3504/6439/3504 2401/2643/2401
f 3061/3497/3061 4596/6440/4596 3062/3498/3062
f 1348/1443/1348 4577/5961/4577 617/1444/617
f 4166/5086/4166 2679/3427/2679 3001/3426/3001
f 59/66/59 58/65/58 1496/1597/1496
f 3999/4809/3999 4360/5445/4360 3983/4810/3983
f 2788/3127/2788 2680/6441/2680 4559/6442/4559
f 720/756/720 1424/4533/1424 4407/6443/4407
f 1544/1648/1544 3551/4158/3551 1912/2064/1912
f 1626/1737/1626 4491/5737/4491 1624/1735/1624
f 3958/4739/3958 4205/5145/4205 492/6444/492
f 2021/2191/2021 4748/6445/4748 4679/6236/4679
f 2794/3176/2794 3434/6446/3434 2822/3177/2822
f 4743/6447/4743 56/63/56 55/62/55
f 4277/5785/4277 2774/3110/2774 4644/6120/4644
f 1989/2152/1989 2311/2541/2311 2310/2540/2310
f 1988/2151/1988 1989/2152/1989 2310/2540/2310
f 1469/1569/1469 1882/2030/1882 1470/1570/1470
f 1831/1971/1831 4283/5299/4283 4749/6448/4749
f 4489/6449/4489 257/266/257 256/265/256
f 742/778/742 867/918/867 3637/5765/3637
f 2811/3160/2811 2813/3162/2813 4659/6169/4659
f 2213/2418/2213 4750/6450/4750 4078/4946/4078
f 4025/4849/4025 4119/5850/4119 1801/1939/1801
f 1654/6451/1654 3560/5818/3560 201/210/201
f 1775/1911/1775 1901/2053/1901 4623/6452/4623
f 2052/2224/2052 1972/2690/1972 2053/2225/2053
f 2719/6453/2719 3839/6454/3839 2375/6455/2375
f 236/4885/236 4047/4884/4047 237/6456/237
f 2765/3097/2765 2773/3109/2773 2064/2238/2064
f 4571/5947/4571 3853/5809/3853 3689/4347/3689
f 2372/2607/2372 1755/1889/1755 1754/1888/1754
f 3627/4261/3627 307/6457/307 700/6190/700
f 4598/6002/4598 4597/6001/4597 2755/3087/2755
f 3779/6458/3779 4598/6002/4598 2755/3087/2755
f 3707/4370/3707 790/835/790 428/6459/428
f 1265/3874/1265 1970/2130/1970 4751/6460/4751
f 4662/6174/4662 3312/6176/3312 4106/6461/4106
f 4662/6174/4662 4106/6461/4106 4725/6376/4725
f 2158/6462/2158 4518/5806/4518 4380/6463/4380
f 4752/6464/4752 4753/6465/4753 1762/1898/1762
f 4341/5405/4341 3281/3784/3281 3280/3783/3280
f 4377/5486/4377 690/2847/690 689/6466/689
f 1262/4042/1262 4377/6467/4377 689/6468/689
f 2431/6225/2431 3016/6469/3016 2814/3163/2814
f 2107/2293/2107 4327/6434/4327 838/886/838
f 2650/6470/2650 4297/6471/4297 2651/6472/2651
f 3937/6054/3937 1247/6473/1247 915/969/915
f 4754/6474/4754 4076/4944/4076 2687/6475/2687
f 1139/1210/1139 991/5285/991 990/6476/990
f 2605/6477/2605 1598/6478/1598 4755/6479/4755
f 29/1299/29 4756/6480/4756 1214/1300/1214
f 4725/6376/4725 4106/6461/4106 4647/6380/4647
f 2829/6481/2829 746/782/746 1334/1429/1334
f 4423/5571/4423 3459/4030/3459 383/394/383
f 4284/5301/4284 4030/4857/4030 958/6482/958
f 2364/2599/2364 1694/1816/1694 1848/1994/1848
f 1173/1250/1173 3077/3517/3077 2971/3382/2971
f 2946/3355/2946 1108/5911/1108 4289/5308/4289
f 501/6483/501 716/750/716 502/998/502
f 4688/6255/4688 1656/4521/1656 3860/4585/3860
f 4757/6484/4757 2468/6485/2468 2467/5853/2467
f 471/488/471 2239/6486/2239 130/6487/130
f 2210/6488/2210 2200/5346/2200 4595/5995/4595
f 405/6489/405 523/541/523 935/989/935
f 3417/3974/3417 4758/6490/4758 4759/6491/4759
f 610/634/610 3136/3596/3136 4361/5451/4361
f 1076/1145/1076 609/5864/609 4433/6492/4433
f 3655/4298/3655 3192/3666/3192 3190/3664/3190
f 3655/4298/3655 3190/3664/3190 3189/3663/3189
f 3571/4186/3571 1494/1595/1494 1493/1594/1493
f 4760/6493/4760 4037/4868/4037 4755/6479/4755
f 598/619/598 2808/3702/2808 714/751/714
f 3685/4340/3685 3728/6494/3728 4761/6495/4761
f 4762/6496/4762 1668/1786/1668 1667/1785/1667
f 4763/6497/4763 4762/6496/4762 1667/1785/1667
f 4351/5426/4351 3732/4404/3732 519/537/519
f 2440/2688/2440 2441/2689/2441 674/705/674
f 2750/3082/2750 955/1013/955 3564/4178/3564
f 1509/1612/1509 2118/3339/2118 388/6498/388
f 3383/3927/3383 4663/6177/4663 3049/3480/3049
f 3048/3479/3048 3383/3927/3383 3049/3480/3049
f 193/200/193 3610/4237/3610 576/596/576
f 487/6499/487 4764/6500/4764 1725/1852/1725
f 4765/6501/4765 1536/6502/1536 1682/1802/1682
f 288/297/288 287/296/287 1950/2110/1950
f 652/678/652 3619/4251/3619 486/503/486
f 4649/6136/4649 1653/1769/1653 1865/2011/1865
f 308/317/308 522/540/522 2858/3228/2858
f 3651/4290/3651 4287/5304/4287 384/395/384
f 191/2961/191 1698/1822/1698 3305/3814/3305
f 1719/1845/1719 1147/1221/1147 4520/5811/4520
f 4103/4986/4103 1719/1845/1719 4520/5811/4520
f 4766/6503/4766 3694/4354/3694 1522/1625/1522
f 4766/6503/4766 1522/1625/1522 800/847/800
f 4767/6504/4767 833/6505/833 327/336/327
f 3513/6506/3513 4768/6507/4768 1895/2046/1895
f 2005/2174/2005 2004/2173/2004 4769/6508/4769
f 4405/6509/4405 298/307/298 300/309/300
f 2764/3096/2764 2739/3069/2739 2738/3068/2738
f 3207/6510/3207 109/116/109 3276/3777/3276
f 1587/6511/1587 2113/2302/2113 1585/1691/1585
f 4709/6313/4709 1587/1693/1587 1585/6512/1585
f 3354/6513/3354 931/985/931 3272/3773/3272
f 4770/6514/4770 3169/3638/3169 3170/3639/3170
f 816/863/816 2583/2872/2583 817/864/817
f 2788/3127/2788 2070/2246/2070 2680/6441/2680
f 2493/2756/2493 2665/6515/2665 4771/6516/4771
f 4772/6517/4772 2041/2212/2041 2043/2214/2043
f 58/65/58 60/67/60 3006/3433/3006
f 4625/6059/4625 58/65/58 3006/3433/3006
f 831/878/831 3868/6518/3868 4224/5182/4224
f 1831/1971/1831 4749/6448/4749 1832/1972/1832
f 1949/5835/1949 1948/2923/1948 2442/2694/2442
f 3542/4138/3542 3527/4120/3527 3526/4119/3526
f 4773/6519/4773 871/925/871 872/924/872
f 2636/2934/2636 873/4900/873 875/6520/875
f 2634/2932/2634 2636/2934/2636 875/6520/875
f 2283/2504/2283 878/3942/878 877/6521/877
f 382/3239/382 3136/3596/3136 3099/3549/3099
f 2055/2227/2055 4503/6522/4503 2056/2228/2056
f 3562/4176/3562 2999/3424/2999 356/367/356
f 4223/6397/4223 1878/2024/1878 4560/5922/4560
f 4774/6523/4774 3885/4622/3885 3152/3617/3152
f 442/454/442 3238/3732/3238 443/455/443
f 675/3013/675 2698/3012/2698 676/6524/676
f 3989/4795/3989 2913/4794/2913 4775/6525/4775
f 2061/4338/2061 2060/6526/2060 3947/4717/3947
f 2132/5536/2132 4776/6527/4776 4722/6355/4722
f 1359/1456/1359 4614/6042/4614 4615/6043/4615
f 3615/4245/3615 2023/2193/2023 3091/3535/3091
f 4677/6229/4677 4777/6528/4777 3544/4140/3544
f 3656/6529/3656 1625/6530/1625 4489/6449/4489
f 3164/3630/3164 3086/3528/3086 3087/3530/3087
f 3164/3630/3164 3087/3530/3087 438/450/438
f 861/6531/861 1771/5842/1771 1023/1634/1023
f 1359/1456/1359 4615/6043/4615 1697/1821/1697
f 1254/1342/1254 1727/6532/1727 1252/1340/1252
f 1085/1154/1085 4173/5101/4173 4778/6533/4778
f 1085/1154/1085 4778/6533/4778 4779/6534/4779
f 1842/3602/1842 1846/1992/1846 2231/2443/2231
f 3650/4289/3650 4286/5303/4286 4287/5304/4287
f 1856/6535/1856 4645/6536/4645 3402/4988/3402
f 2137/6060/2137 4625/6059/4625 3006/3433/3006
f 4483/6537/4483 3382/5329/3382 4301/5331/4301
f 1088/1157/1088 4483/6537/4483 4301/5331/4301
f 905/5673/905 4535/5845/4535 906/6538/906
f 2926/3325/2926 4780/6539/4780 1328/6540/1328
f 125/3173/125 2821/3175/2821 3288/3796/3288
f 3826/4547/3826 3825/4546/3825 3648/6541/3648
f 1196/6542/1196 3814/4520/3814 2294/6270/2294
f 1196/6542/1196 2294/6270/2294 1197/6543/1197
f 541/561/541 362/373/362 1789/1926/1789
f 3675/5113/3675 4181/5112/4181 73/366/73
f 2959/3370/2959 826/873/826 4781/6544/4781
f 2415/2658/2415 2551/2833/2551 1151/1226/1151
f 4782/6545/4782 4312/5350/4312 1854/6233/1854
f 4694/6283/4694 3687/4344/3687 1821/6284/1821
f 4783/6546/4783 1471/6547/1471 1473/6548/1473
f 4212/5164/4212 4211/5163/4211 4527/5830/4527
f 4212/5164/4212 4527/5830/4527 4784/6549/4784
f 3175/3647/3175 1370/1467/1370 1372/1469/1372
f 2058/2230/2058 4785/6550/4785 2055/2231/2055
f 2104/2290/2104 3151/3616/3151 4001/4813/4001
f 953/1011/953 946/1004/946 2380/2618/2380
f 3237/3731/3237 370/381/370 369/380/369
f 1269/1360/1269 1268/6551/1268 86/93/86
f 3439/4006/3439 1705/1831/1705 2831/4104/2831
f 1102/1173/1102 2125/6552/2125 1103/1174/1103
f 3366/6344/3366 4231/5198/4231 4717/6343/4717
f 3252/6553/3252 474/491/474 4786/6554/4786
f 3709/4372/3709 3252/3747/3252 4786/6555/4786
f 234/243/234 2955/3365/2955 393/404/393
f 672/703/672 2441/2689/2441 3384/6556/3384
f 3981/4782/3981 3982/4783/3982 4787/6557/4787
f 3522/4113/3522 2152/2346/2152 2153/2347/2153
f 357/368/357 801/6558/801 358/369/358
f 4788/6559/4788 1714/1840/1714 4692/6275/4692
f 3217/4524/3217 2085/2266/2085 3117/3574/3117
f 2124/2315/2124 3321/3837/3321 28/33/28
f 4248/5222/4248 4789/6560/4789 1453/1553/1453
f 3425/4480/3425 4701/6296/4701 3287/3795/3287
f 913/967/913 4638/6109/4638 2639/6561/2639
f 3728/6494/3728 3444/6562/3444 4790/6563/4790
f 3728/6494/3728 4790/6563/4790 4761/6495/4761
f 4129/5031/4129 275/284/275 1420/1520/1420
f 2063/5735/2063 3210/3691/3210 3131/3590/3131
f 2063/5735/2063 3131/3590/3131 3456/4026/3456
f 1299/1391/1299 1643/6564/1643 2639/6561/2639
f 1261/1349/1261 1162/1239/1162 1262/1350/1262
f 1176/5316/1176 1671/1790/1671 1177/1789/1177
f 3336/3867/3336 4700/6295/4700 4557/5918/4557
f 4021/4842/4021 1040/6565/1040 2900/3291/2900
f 3076/6566/3076 3114/3571/3114 3077/6567/3077
f 1794/1932/1794 1796/1934/1796 89/2697/89
f 1104/1175/1104 2501/2764/2501 140/147/140
f 1104/1175/1104 140/147/140 139/146/139
f 3331/6166/3331 3330/5865/3330 4542/5866/4542
f 2710/6568/2710 2207/2411/2207 2209/2413/2209
f 2711/6569/2711 2713/3820/2713 457/473/457
f 2421/4152/2421 2711/3031/2711 457/6570/457
f 4701/6296/4701 125/3173/125 3288/3796/3288
f 1389/1486/1389 3285/6571/3285 846/894/846
f 1028/1090/1028 1389/1486/1389 846/894/846
f 4608/6572/4608 4112/5003/4112 4111/5002/4111
f 151/158/151 4608/6572/4608 4111/5002/4111
f 4228/5193/4228 3673/4323/3673 4199/5139/4199
f 1122/1193/1122 4791/6573/4791 1120/1191/1120
f 2790/3129/2790 2789/3128/2789 2768/3102/2768
f 4704/6574/4704 4792/6575/4792 2829/4932/2829
f 2728/3055/2728 3058/3492/3058 3535/4131/3535
f 925/979/925 2328/6576/2328 926/980/926
f 117/124/117 2100/2282/2100 118/125/118
f 152/159/152 151/158/151 4111/5002/4111
f 2687/3001/2687 2689/3003/2689 2544/2825/2544
f 146/6577/146 4588/5988/4588 1109/1180/1109
f 1107/1178/1107 4586/5974/4586 4235/5203/4235
f 414/425/414 4540/5855/4540 4529/5836/4529
f 2965/3376/2965 2944/3349/2944 1056/1123/1056
f 4095/6048/4095 4320/5363/4320 3271/3771/3271
f 4465/5797/4465 1141/1212/1141 2998/6578/2998
f 596/6579/596 3178/3651/3178 1319/1414/1319
f 4696/6580/4696 1031/6218/1031 1927/2082/1927
f 3502/4086/3502 2386/2624/2386 2385/2623/2385
f 4227/5190/4227 3502/5191/3502 2385/6581/2385
f 2012/2181/2012 2669/2980/2669 4215/5169/4215
f 2407/2650/2407 3366/3904/3366 2408/2651/2408
f 2132/5536/2132 4308/5343/4308 4776/6527/4776
f 3997/4807/3997 2047/2218/2047 1164/2220/1164
f 3176/3648/3176 2390/2628/2390 3442/4009/3442
f 917/971/917 860/909/860 862/911/862
f 2432/2679/2432 678/709/678 680/711/680
f 4520/5811/4520 1147/1221/1147 1146/1220/1146
f 1709/6582/1709 2677/2990/2677 2678/2991/2678
f 4316/5357/4316 2409/2652/2409 2411/2654/2411
f 1895/2046/1895 4768/6507/4768 4610/6035/4610
f 3249/3743/3249 2597/2886/2597 4479/6583/4479
f 3695/4357/3695 351/4356/351 1190/1272/1190
f 4172/5100/4172 3847/6584/3847 4793/6585/4793
f 925/979/925 1508/1611/1508 893/947/893
f 4794/6586/4794 3863/4590/3863 3865/4592/3865
f 4795/6587/4795 2521/3416/2521 1181/3418/1181
f 4509/5782/4509 4796/6588/4796 4139/5043/4139
f 3178/6589/3178 601/1095/601 1031/1094/1031
f 4509/5782/4509 4139/5043/4139 409/420/409
f 3735/4407/3735 4797/6590/4797 1945/2104/1945
f 1039/3536/1039 3092/3538/3092 4234/5920/4234
f 3491/4071/3491 3931/4695/3931 489/4679/489
f 4012/4831/4012 3239/6591/3239 4565/5934/4565
f 4798/6592/4798 4799/6593/4799 4531/6594/4531
f 978/1037/978 2150/2344/2150 979/1038/979
f 2010/2179/2010 495/512/495 1427/1527/1427
f 2837/3199/2837 2010/2179/2010 1427/1527/1427
f 4224/5182/4224 3868/6518/3868 1196/6595/1196
f 4224/5182/4224 1196/6595/1196 1198/5183/1198
f 4800/6596/4800 1153/1228/1153 2417/2660/2417
f 3255/6597/3255 2991/3412/2991 4513/5798/4513
f 3487/6598/3487 1018/1138/1018 1071/1140/1071
f 3898/4642/3898 3897/4641/3897 3950/6599/3950
f 3898/4642/3898 3950/6599/3950 4801/6600/4801
f 695/727/695 2094/3398/2094 829/2696/829
f 2511/2778/2511 3939/4707/3939 4666/6601/4666
f 359/370/359 4328/5379/4328 95/102/95
f 3004/3431/3004 3003/3430/3003 2219/2427/2219
f 3468/6602/3468 4019/4840/4019 1707/1833/1707
f 4241/6603/4241 2922/3321/2922 1583/1689/1583
f 183/4709/183 1774/1910/1774 4033/6213/4033
f 1194/1276/1194 3325/3847/3325 1431/1531/1431
f 2974/3386/2974 4564/6604/4564 4802/6605/4802
f 4100/4983/4100 1033/1097/1033 2875/3254/2875
f 4099/4981/4099 4100/4983/4100 2875/3254/2875
f 4803/6606/4803 2685/2999/2685 3365/4457/3365
f 3566/4180/3566 891/945/891 890/944/890
f 1198/1280/1198 1197/1279/1197 1369/1466/1369
f 261/270/261 4804/6607/4804 4694/6283/4694
f 4707/6308/4707 1007/6357/1007 3835/6309/3835
f 4450/5631/4450 1715/1841/1715 1714/1840/1714
f 858/2782/858 2987/4972/2987 1591/1698/1591
f 3194/3671/3194 3410/3966/3410 112/119/112
f 3399/3954/3399 3401/3956/3401 1227/1313/1227
f 3399/3954/3399 1227/1313/1227 1226/1312/1226
f 1466/6608/1466 1386/1483/1386 1467/6609/1467
f 1077/6610/1077 4805/6611/4805 4806/6612/4806
f 3380/3921/3380 1243/1330/1243 2909/3302/2909
f 558/2409/558 2730/6613/2730 3181/6614/3181
f 558/2409/558 3181/6614/3181 2206/2410/2206
f 4054/4902/4054 3475/5123/3475 3329/3852/3329
f 4054/4902/4054 3329/3852/3329 4657/6615/4657
f 2397/2637/2397 3870/4598/3870 904/2635/904
f 4807/6616/4807 1317/1412/1317 1319/1414/1319
f 4807/6616/4807 1319/1414/1319 3177/3650/3177
f 289/298/289 1927/2082/1927 290/299/290
f 3170/3639/3170 1245/1332/1245 1244/1331/1244
f 4710/6317/4710 2482/2744/2482 1928/2083/1928
f 309/318/309 308/317/308 2858/3228/2858
f 2039/2210/2039 1496/1597/1496 4625/6059/4625
f 355/364/355 2454/2795/2454 70/365/70
f 2461/5489/2461 1332/1427/1332 684/6617/684
f 886/940/886 4808/6618/4808 2809/3157/2809
f 3599/4220/3599 1071/1140/1071 1017/1139/1017
f 278/287/278 4614/6042/4614 455/6619/455
f 4220/6620/4220 2348/6621/2348 2731/3058/2731
f 4113/5004/4113 4112/5003/4112 302/6038/302
f 1150/6622/1150 148/155/148 150/157/150
f 4026/4850/4026 3832/6623/3832 4027/4851/4027
f 1557/1662/1557 2155/2350/2155 1285/1376/1285
f 2605/2894/2605 1159/1236/1159 1158/1235/1158
f 3240/3734/3240 4162/5080/4162 4039/4871/4039
f 3015/3442/3015 4487/5730/4487 4517/5804/4517
f 1389/1486/1389 2474/2735/2474 3285/6571/3285
f 495/512/495 2010/2179/2010 2861/3236/2861
f 2998/3423/2998 357/368/357 356/367/356
f 3712/4377/3712 603/624/603 602/623/602
f 1354/1451/1354 1302/1394/1302 2749/3081/2749
f 4000/4812/4000 3495/6624/3495 4403/5531/4403
f 1390/1487/1390 143/150/143 3845/4569/3845
f 641/666/641 644/669/644 971/1030/971
f 787/829/787 641/666/641 971/1030/971
f 3097/3547/3097 3581/4196/3581 4496/5752/4496
f 3196/6249/3196 4461/6625/4461 750/1289/750
f 3003/3430/3003 2881/3264/2881 1461/1561/1461
f 318/327/318 624/6626/624 3751/6381/3751
f 4614/6042/4614 280/289/280 1810/5916/1810
f 4681/6241/4681 481/498/481 2299/2527/2299
f 4760/6627/4760 1598/1705/1598 1600/1707/1600
f 3929/5594/3929 3290/3798/3290 3292/3800/3292
f 410/5047/410 1258/1346/1258 3212/4637/3212
f 1824/1964/1824 2757/3089/2757 2759/3091/2759
f 4130/5792/4130 2609/6628/2609 571/6629/571
f 3398/3952/3398 651/3951/651 1866/2012/1866
f 433/6630/433 1320/1415/1320 1323/1418/1323
f 4027/4851/4027 433/6631/433 1323/6632/1323
f 1621/1732/1621 1623/1734/1623 3426/6633/3426
f 4478/5715/4478 4584/5972/4584 1106/1177/1106
f 2577/2865/2577 845/893/845 3652/6268/3652
f 4332/6634/4332 3147/3610/3147 3763/6635/3763
f 3541/4137/3541 3543/4139/3543 4304/5338/4304
f 4200/5140/4200 3541/4137/3541 4304/5338/4304
f 2684/3234/2684 4430/6636/4430 2685/6637/2685
f 4035/4866/4035 2786/3125/2786 1797/6638/1797
f 1757/1891/1757 482/499/482 484/501/484
f 2851/6639/2851 2850/5832/2850 4503/5831/4503
f 3349/3884/3349 2851/3215/2851 4503/6640/4503
f 3188/6641/3188 3187/6642/3187 4809/6643/4809
f 1728/1856/1728 4464/5672/4464 2026/2196/2026
f 740/2284/740 749/786/749 526/785/526
f 1383/1480/1383 827/874/827 1712/6644/1712
f 133/6645/133 4608/6572/4608 151/158/151
f 4481/5722/4481 4212/6646/4212 4784/6647/4784
f 2430/2677/2430 2369/2604/2369 2431/2678/2431
f 1612/6648/1612 2355/4615/2355 4810/6649/4810
f 1612/6648/1612 4810/6649/4810 4811/6650/4811
f 3933/4697/3933 2817/6651/2817 4452/5634/4452
f 977/1036/977 4370/5472/4370 978/1037/978
f 316/325/316 318/327/318 1220/1306/1220
f 1042/1106/1042 1041/1105/1041 2890/3278/2890
f 1042/1106/1042 2890/3278/2890 1100/5847/1100
f 4812/6652/4812 4801/6653/4801 4396/5522/4396
f 4257/6211/4257 4177/5106/4177 4777/6528/4777
f 3955/5984/3955 3954/5370/3954 4589/5985/4589
f 4713/6329/4713 1688/1808/1688 3592/4210/3592
f 4813/6654/4813 3721/6655/3721 110/6656/110
f 4435/5587/4435 4434/5586/4434 1294/1386/1294
f 1293/1385/1293 4435/5587/4435 1294/1386/1294
f 1570/1676/1570 2292/2519/2292 4542/6657/4542
f 4457/6243/4457 4546/5876/4546 1425/1525/1425
f 4457/6243/4457 1425/1525/1425 1424/1524/1424
f 1262/4042/1262 689/6468/689 3219/3705/3219
f 3702/4365/3702 3704/4367/3704 3780/6658/3780
f 2425/5829/2425 3702/4365/3702 3780/6658/3780
f 2109/2297/2109 2880/6659/2880 3354/6660/3354
f 4604/6023/4604 4524/6661/4524 968/1027/968
f 2884/6662/2884 990/2353/990 2159/2355/2159
f 2073/2249/2073 4711/6663/4711 2071/2247/2071
f 1194/1276/1194 1431/1531/1431 1433/1533/1433
f 1195/1277/1195 1194/1276/1194 1433/1533/1433
f 172/179/172 174/181/174 1205/1288/1205
f 1957/2117/1957 1958/2118/1958 3997/4807/3997
f 1446/1546/1446 3506/4090/3506 1444/1544/1444
f 2745/3077/2745 1037/6664/1037 2746/3078/2746
f 4527/6665/4527 2492/2755/2492 4784/6647/4784
f 3645/4281/3645 2966/3377/2966 2968/3379/2968
f 318/6666/318 4814/6667/4814 4385/6668/4385
f 2822/4619/2822 1443/1543/1443 4246/5220/4246
f 943/1001/943 945/1003/945 4815/6669/4815
f 3646/4282/3646 943/1001/943 4815/6669/4815
f 166/1673/166 168/201/168 1566/1671/1566
f 539/6670/539 1142/6671/1142 540/6672/540
f 2083/2264/2083 3927/4684/3927 4644/6673/4644
f 3604/4227/3604 4174/5102/4174 4716/6674/4716
f 2857/3224/2857 4279/5290/4279 2484/2746/2484
f 2495/2758/2495 2932/3336/2932 2934/3338/2934
f 3319/3835/3319 1050/1114/1050 365/1116/365
f 2811/3160/2811 4295/5314/4295 2812/3161/2812
f 4174/5102/4174 2073/4226/2073 2072/3316/2072
f 1978/2139/1978 1993/2157/1993 1979/2140/1979
f 361/372/361 3400/3955/3400 342/351/342
f 4758/6490/4758 2278/2499/2278 4759/6491/4759
f 2336/2569/2336 3712/5229/3712 2337/2570/2337
f 4816/6675/4816 982/1041/982 4536/5848/4536
f 4553/5902/4553 1526/1629/1526 1521/1624/1521
f 3064/3502/3064 993/1052/993 995/1054/995
f 2043/2214/2043 3758/4435/3758 4467/6676/4467
f 3786/4482/3786 3965/4797/3965 1065/1132/1065
f 4281/5293/4281 4127/5026/4127 2379/2615/2379
f 4817/6677/4817 4818/6678/4818 584/605/584
f 4817/6677/4817 584/605/584 436/448/436
f 3611/4238/3611 3024/3452/3024 4233/5201/4233
f 4772/6679/4772 4752/6680/4752 1763/6681/1763
f 2494/2757/2494 2493/2756/2493 4771/6516/4771
f 3550/4155/3550 1921/2074/1921 3784/4477/3784
f 443/455/443 756/795/756 444/456/444
f 321/4935/321 3636/4936/3636 3635/6682/3635
f 3281/6683/3281 3042/3472/3042 43/50/43
f 2296/2523/2296 30/6348/30 35/2524/35
f 3933/4697/3933 2562/2846/2562 2817/6651/2817
f 4801/6653/4801 4819/6684/4819 4397/5523/4397
f 4396/5522/4396 4801/6653/4801 4397/5523/4397
f 26/31/26 28/33/28 4316/6685/4316
f 26/6686/26 4316/5357/4316 4756/6480/4756
f 4820/6687/4820 4548/5884/4548 1678/1798/1678
f 4820/6687/4820 1678/1798/1678 681/712/681
f 3779/6458/3779 3778/6688/3778 4598/6002/4598
f 4111/5002/4111 4113/5004/4113 3495/4076/3495
f 1261/1349/1261 1263/1351/1263 584/605/584
f 359/370/359 358/369/358 4328/5379/4328
f 1287/1378/1287 3767/4445/3767 1288/1379/1288
f 1701/1826/1701 3908/6689/3908 2879/6690/2879
f 2873/3251/2873 1102/1173/1102 1101/1172/1101
f 3963/4747/3963 2873/3251/2873 1101/1172/1101
f 2148/2342/2148 2906/3299/2906 2735/3065/2735
f 1021/6691/1021 1121/1192/1121 3677/4328/3677
f 3947/4717/3947 2260/2476/2260 2747/3079/2747
f 4821/6692/4821 4229/5194/4229 48/55/48
f 209/218/209 3713/4378/3713 4552/5901/4552
f 580/601/580 1292/6693/1292 793/3882/793
f 2384/5859/2384 4359/5444/4359 2160/2356/2160
f 14/17/14 3773/4461/3773 15/18/15
f 4822/6694/4822 1872/2018/1872 1874/2020/1874
f 4592/6695/4592 2492/2755/2492 4527/6665/4527
f 1180/1518/1180 3372/3911/3372 4568/5940/4568
f 2782/3121/2782 4221/5179/4221 1952/2112/1952
f 3142/6016/3142 1844/1990/1844 4167/5090/4167
f 1641/1757/1641 2115/2785/2115 2514/2787/2514
f 1121/4321/1121 4712/6326/4712 1122/6696/1122
f 714/751/714 501/518/501 4823/6697/4823
f 4824/6698/4824 1618/6161/1618 1620/2513/1620
f 4072/4939/4072 4824/6698/4824 1620/2513/1620
f 1696/6699/1696 1697/6700/1697 3428/3989/3428
f 4825/6701/4825 4826/6702/4826 2034/2205/2034
f 3067/3506/3067 2016/2185/2016 2015/2184/2015
f 4545/5875/4545 3991/6703/3991 3739/4412/3739
f 2228/2440/2228 3249/3743/3249 3250/3745/3250
f 2731/3058/2731 2348/6621/2348 507/524/507
f 3976/4770/3976 2377/2613/2377 2199/5344/2199
f 4160/5077/4160 3274/5323/3274 4383/5499/4383
f 3382/6704/3382 238/247/238 2251/2466/2251
f 1425/1525/1425 1633/1747/1633 1632/1746/1632
f 1061/1128/1061 1063/1130/1063 1129/1200/1129
f 4821/6705/4821 4171/5099/4171 4827/6706/4827
f 3114/3571/3114 3116/3573/3116 2971/6707/2971
f 3077/6567/3077 3114/3571/3114 2971/6707/2971
f 2699/3017/2699 3858/4583/3858 2700/5744/2700
f 4828/6708/4828 1662/1779/1662 1661/1778/1661
f 4775/6709/4775 2057/2229/2057 4037/4868/4037
f 4775/6709/4775 4037/4868/4037 4760/6493/4760
f 216/225/216 3939/4707/3939 2511/2778/2511
f 4003/4816/4003 4829/6710/4829 4830/6711/4830
f 4003/4816/4003 4830/6711/4830 3084/3526/3084
f 2772/3106/2772 2448/6712/2448 2773/3107/2773
f 4831/6713/4831 3809/4513/3809 3808/4512/3808
f 2471/2732/2471 4000/4812/4000 4002/4814/4002
f 4832/6714/4832 1673/4761/1673 1672/6715/1672
f 4723/6716/4723 4832/6714/4832 1672/6715/1672
f 280/289/280 3546/4142/3546 1810/5916/1810
f 1035/1099/1035 4693/6282/4693 3452/4022/3452
f 4066/5754/4066 3514/4099/3514 2887/4098/2887
f 3255/6597/3255 2594/3413/2594 2991/3412/2991
f 12/15/12 3870/4598/3870 2397/2637/2397
f 2852/3217/2852 2623/2918/2623 2221/6717/2221
f 4697/6289/4697 1660/1777/1660 3990/4798/3990
f 3633/4268/3633 2914/3311/2914 3663/6718/3663
f 296/305/296 4789/6560/4789 1080/1149/1080
f 4414/5553/4414 4413/5552/4413 2524/2799/2524
f 1709/1835/1709 4414/5553/4414 2524/2799/2524
f 3087/3530/3087 439/451/439 438/450/438
f 2690/3004/2690 3548/4601/3548 1047/1111/1047
f 532/550/532 534/552/534 221/463/221
f 4242/5212/4242 2941/3346/2941 2790/3129/2790
f 3132/3592/3132 781/1896/781 1761/1897/1761
f 2465/2725/2465 3989/4795/3989 4123/5021/4123
f 2221/6717/2221 2927/3328/2927 3161/3940/3161
f 2056/2228/2056 4153/6719/4153 4833/6720/4833
f 2936/3341/2936 3627/4261/3627 700/6190/700
f 4398/5524/4398 4819/6684/4819 982/1041/982
f 4398/5524/4398 982/1041/982 4816/6675/4816
f 4674/6226/4674 4675/6227/4675 3589/4207/3589
f 270/279/270 3409/3965/3409 4574/5953/4574
f 4103/4986/4103 176/183/176 1719/1845/1719
f 3437/4002/3437 1476/3587/1476 3438/4003/3438
f 4579/6721/4579 4834/6722/4834 4578/6723/4578
f 427/438/427 4214/5170/4214 428/439/428
f 4526/5826/4526 1681/1801/1681 4252/5233/4252
f 3024/5232/3024 4526/5826/4526 4252/5233/4252
f 2035/2206/2035 4826/6702/4826 4835/6724/4835
f 2190/2391/2190 1673/4761/1673 4832/6714/4832
f 2191/2392/2191 2190/2391/2190 4832/6714/4832
f 1739/1869/1739 1741/1871/1741 1860/2006/1860
f 1267/1355/1267 4191/6725/4191 1268/1356/1268
f 1723/1849/1723 1722/1848/1722 1594/6726/1594
f 2102/2287/2102 808/855/808 4253/5683/4253
f 4048/4889/4048 4744/6426/4744 4724/6371/4724
f 448/461/448 608/629/608 449/462/449
f 3634/4950/3634 1381/6200/1381 2596/4951/2596
f 433/6727/433 432/445/432 434/446/434
f 433/6727/433 434/446/434 1320/6728/1320
f 2735/3065/2735 2908/3301/2908 2736/3066/2736
f 3886/6729/3886 2361/5017/2361 4179/5110/4179
f 4836/6730/4836 4308/5343/4308 4307/5342/4307
f 1864/2010/1864 4649/6136/4649 1865/2011/1865
f 1709/1835/1709 2524/2799/2524 1710/1836/1710
f 4837/6731/4837 4811/6732/4811 4838/6733/4838
f 1654/6734/1654 201/6735/201 4839/6736/4839
f 4409/5543/4409 2779/3117/2779 2778/3116/2778
f 1266/1354/1266 900/954/900 899/953/899
f 4439/5598/4439 1812/1952/1812 4440/5599/4440
f 1957/2117/1957 3997/4807/3997 4206/6737/4206
f 4325/6738/4325 4059/4911/4059 2041/2212/2041
f 1981/2142/1981 4840/6739/4840 1982/2143/1982
f 4581/5968/4581 1879/5970/1879 3788/5517/3788
f 2977/3392/2977 2979/3394/2979 4841/6740/4841
f 4752/6680/4752 1762/6741/1762 1763/6681/1763
f 3774/4462/3774 3773/4461/3773 14/17/14
f 508/525/508 1178/6742/1178 4419/6743/4419
f 4786/6744/4786 3153/3618/3153 1410/1507/1410
f 3710/5540/3710 4786/6744/4786 1410/1507/1410
f 3377/3916/3377 1589/1696/1589 2853/3219/2853
f 3076/6566/3076 1470/5247/1470 3114/3571/3114
f 2277/2498/2277 3418/3975/3418 4759/6491/4759
f 1860/2006/1860 203/212/203 725/761/725
f 3770/4450/3770 4366/5464/4366 3914/6745/3914
f 4842/6746/4842 1770/1906/1770 746/782/746
f 4065/5162/4065 2437/2684/2437 1757/3227/1757
f 3769/4449/3769 3800/4503/3800 1753/6747/1753
f 2271/6748/2271 2088/2270/2088 4031/4858/4031
f 2272/6749/2272 2271/6748/2271 4031/4858/4031
f 153/160/153 133/6645/133 151/158/151
f 4552/5901/4552 11/14/11 209/218/209
f 4741/6420/4741 2852/3217/2852 1744/3216/1744
f 4239/5208/4239 4795/6587/4795 4843/6750/4843
f 3203/3683/3203 4239/5208/4239 4843/6750/4843
f 2351/2586/2351 2350/2585/2350 3547/4145/3547
f 2937/3342/2937 2936/3341/2936 700/6190/700
f 4844/6751/4844 4227/5190/4227 4845/6752/4845
f 4844/6751/4844 4845/6752/4845 4846/6753/4846
f 1672/1792/1672 1674/1794/1674 1805/1943/1805
f 2533/2808/2533 1672/1792/1672 1805/1943/1805
f 2629/2926/2629 3745/4418/3745 3420/3977/3420
f 3419/3976/3419 2629/2926/2629 3420/3977/3420
f 4640/6111/4640 4847/6754/4847 2131/2323/2131
f 4116/5425/4116 3897/4641/3897 1062/4640/1062
f 1181/3418/1181 4587/5975/4587 3755/4432/3755
f 1056/1123/1056 724/760/724 2965/3376/2965
f 1508/1611/1508 3277/3778/3277 108/115/108
f 1853/6755/1853 3132/3592/3132 4782/6545/4782
f 2897/3288/2897 2896/3287/2896 1626/5763/1626
f 3295/6756/3295 1566/1671/1566 3866/4593/3866
f 154/6757/154 1381/1478/1381 155/6758/155
f 2678/2991/2678 2681/2994/2681 4414/6759/4414
f 20/23/20 19/22/19 3489/4069/3489
f 22/4068/22 20/23/20 3489/4069/3489
f 3931/4695/3931 4848/6760/4848 490/6761/490
f 3874/4606/3874 1832/1975/1832 3875/4607/3875
f 2998/6578/2998 800/847/800 357/846/357
f 3915/6762/3915 4090/4967/4090 1996/2160/1996
f 2576/2864/2576 1028/1090/1028 845/893/845
f 1974/2134/1974 1845/1991/1845 1847/1993/1847
f 2233/5277/2233 2236/2448/2236 1843/6010/1843
f 4440/6763/4440 2133/2325/2133 2135/2327/2135
f 2100/2282/2100 2061/4338/2061 3947/4717/3947
f 1559/1664/1559 4609/6034/4609 3105/3556/3105
f 588/6334/588 815/862/815 3255/3750/3255
f 3774/4462/3774 14/17/14 16/19/16
f 642/6764/642 1901/2053/1901 2083/2264/2083
f 642/6764/642 2083/2264/2083 2082/2263/2082
f 2238/2450/2238 4849/6765/4849 131/6766/131
f 660/690/660 2006/2175/2006 2054/4905/2054
f 660/690/660 2054/4905/2054 2053/5932/2053
f 4821/6705/4821 48/2098/48 4171/5099/4171
f 1768/1904/1768 377/388/377 376/387/376
f 4699/6291/4699 1727/6532/1727 4352/5429/4352
f 283/292/283 285/294/285 4850/6767/4850
f 3472/4046/3472 3147/3610/3147 4332/6634/4332
f 3549/4153/3549 3547/4145/3547 2350/2585/2350
f 1961/2121/1961 4148/5056/4148 4730/6768/4730
f 2816/3165/2816 2617/2907/2617 2619/2909/2619
f 1156/1231/1156 4293/5312/4293 2111/2299/2111
f 1157/1232/1157 1156/1231/1156 2111/2299/2111
f 185/2480/185 1540/4363/1540 3700/4362/3700
f 2064/2238/2064 2063/2237/2063 3456/6769/3456
f 3359/6240/3359 479/496/479 4681/6241/4681
f 348/357/348 347/356/347 378/6770/378
f 4134/5037/4134 1293/6771/1293 2924/3326/2924
f 2550/2832/2550 2412/2655/2412 2414/2657/2414
f 4718/6772/4718 4721/6773/4721 2918/3315/2918
f 776/816/776 4718/6772/4718 2918/3315/2918
f 102/109/102 2095/2277/2095 103/110/103
f 4602/6015/4602 4603/6017/4603 4851/6774/4851
f 1635/1749/1635 3256/3751/3256 4629/6071/4629
f 2365/2600/2365 342/351/342 3399/3954/3399
f 2964/6775/2964 520/538/520 519/537/519
f 1421/1521/1421 1423/1523/1423 2561/2845/2561
f 4307/5342/4307 3211/3693/3211 4836/6730/4836
f 4158/6776/4158 4147/5054/4147 1990/2153/1990
f 1399/2045/1399 1894/2044/1894 4732/6404/4732
f 159/166/159 158/165/158 1024/1085/1024
f 4676/6230/4676 3823/4539/3823 2215/2423/2215
f 3014/3441/3014 2783/3122/2783 3791/4489/3791
f 3091/3535/3091 1613/1723/1613 3616/4246/3616
f 631/655/631 2498/2761/2498 1788/1924/1788
f 4852/6777/4852 4853/6778/4853 1386/1483/1386
f 2773/3109/2773 2448/2704/2448 2062/2236/2062
f 799/2078/799 339/348/339 3516/4107/3516
f 701/734/701 2128/2320/2128 3113/6779/3113
f 4854/6780/4854 3740/4413/3740 3739/4412/3739
f 2513/2784/2513 3805/4509/3805 80/5109/80
f 4309/5345/4309 1817/5770/1817 1816/6781/1816
f 4852/6777/4852 1385/1482/1385 1075/6782/1075
f 2443/6783/2443 1796/6359/1796 4855/6784/4855
f 147/154/147 1835/5799/1835 145/152/145
f 4671/6785/4671 4856/6786/4856 4857/6787/4857
f 4015/6788/4015 4858/6789/4858 298/307/298
f 3395/6790/3395 263/6791/263 265/6792/265
f 605/626/605 3395/6790/3395 265/6792/265
f 3189/6793/3189 3191/6794/3191 4083/4957/4083
f 4603/6017/4603 4167/5090/4167 4051/4895/4051
f 1048/1112/1048 4438/6795/4438 1049/1113/1049
f 4859/6796/4859 4860/6797/4860 3800/4503/3800
f 3866/4593/3866 88/95/88 90/97/90
f 4857/6787/4857 3045/3476/3045 3661/4305/3661
f 784/826/784 783/825/783 2908/3301/2908
f 1628/1739/1628 2253/2468/2253 3305/6798/3305
f 2210/6799/2210 2201/2402/2201 2200/2401/2200
f 2525/2800/2525 2916/4750/2916 2526/2801/2526
f 581/602/581 2963/4882/2963 582/603/582
f 3013/3440/3013 3012/3439/3012 3269/3768/3269
f 1005/1066/1005 4619/6051/4619 1631/1745/1631
f 4861/6800/4861 2153/2347/2153 1408/1505/1408
f 2187/2387/2187 3871/4599/3871 4472/6801/4472
f 4745/6433/4745 4418/5560/4418 3664/4309/3664
f 4862/6802/4862 4012/4829/4012 4863/6803/4863
f 2506/2773/2506 2508/2775/2508 2502/6804/2502
f 4148/5056/4148 655/683/655 658/6805/658
f 2712/3032/2712 2711/3031/2711 4423/5571/4423
f 2914/3311/2914 2525/6806/2525 3663/6718/3663
f 830/4304/830 3662/4306/3662 831/6807/831
f 3374/3913/3374 3373/3912/3373 2810/3159/2810
f 4771/6808/4771 3418/3975/3418 4385/5504/4385
f 1012/6119/1012 3259/3755/3259 1907/2059/1907
f 3561/4175/3561 3470/4044/3470 3469/4043/3469
f 4864/6809/4864 3561/4175/3561 3469/4043/3469
f 1164/1241/1164 2002/6810/2002 2001/2510/2001
f 4294/5313/4294 4295/5314/4295 4531/5838/4531
f 3577/4192/3577 839/887/839 1010/5024/1010
f 2724/3049/2724 2071/2247/2071 4711/6663/4711
f 1158/6811/1158 1598/6812/1598 2605/6813/2605
f 391/402/391 1934/2167/1934 4315/5355/4315
f 531/6814/531 960/1018/960 4302/5332/4302
f 3866/6815/3866 90/6816/90 1985/2148/1985
f 1879/2027/1879 1881/2029/1881 3789/6817/3789
f 3788/4485/3788 1879/6818/1879 3789/4486/3789
f 4156/5069/4156 3575/4190/3575 2188/2388/2188
f 1360/1457/1360 1359/1456/1359 1696/1820/1696
f 4261/5249/4261 2503/2766/2503 4864/6809/4864
f 4261/5249/4261 4864/6809/4864 3115/3572/3115
f 170/177/170 169/176/169 4686/6252/4686
f 4244/5215/4244 3958/4739/3958 492/6444/492
f 3061/3497/3061 3125/3583/3125 4596/6440/4596
f 3524/4116/3524 4865/6819/4865 883/937/883
f 3524/4116/3524 883/937/883 710/936/710
f 835/6820/835 834/6821/834 2327/2559/2327
f 3084/3526/3084 3738/6822/3738 3085/3527/3085
f 2227/2439/2227 2229/2441/2229 2704/3022/2704
f 132/139/132 702/735/702 129/136/129
f 2234/2446/2234 3608/4232/3608 4446/5616/4446
f 3466/4038/3466 4866/6823/4866 4477/5710/4477
f 3323/5716/3323 3379/3920/3379 2545/6097/2545
f 4605/6025/4605 2183/6024/2183 1422/1522/1422
f 4605/6025/4605 1422/1522/1422 1421/1521/1421
f 2561/2845/2561 4605/6025/4605 1421/1521/1421
f 3719/4386/3719 3848/4573/3848 3720/4387/3720
f 1844/1990/1844 1843/1989/1843 4168/6824/4168
f 4167/5090/4167 1844/1990/1844 4168/6824/4168
f 4867/6825/4867 4868/6826/4868 934/988/934
f 2483/2745/2483 4867/6827/4867 934/2997/934
f 4061/4914/4061 1480/1580/1480 1479/1579/1479
f 3308/6828/3308 3694/4354/3694 4766/6503/4766
f 1140/6829/1140 3308/3821/3308 4766/6830/4766
f 3137/6831/3137 345/354/345 344/353/344
f 3137/3597/3137 344/4860/344 3138/3598/3138
f 1026/1259/1026 1000/4473/1000 3781/4472/3781
f 3736/4408/3736 1026/1259/1026 3781/4472/3781
f 2114/4523/2114 1531/2267/1531 2085/2266/2085
f 3435/6832/3435 2794/3176/2794 1998/2162/1998
f 1999/2164/1999 3435/6832/3435 1998/2162/1998
f 4869/6833/4869 82/5267/82 1127/1198/1127
f 3394/3945/3394 4847/6754/4847 4640/6111/4640
f 4524/6661/4524 2399/5789/2399 968/1027/968
f 4195/5134/4195 2099/2281/2099 2101/2283/2101
f 3179/6834/3179 839/887/839 4327/6434/4327
f 3431/3994/3431 1965/2125/1965 3647/4285/3647
f 911/965/911 913/967/913 2639/6561/2639
f 4481/5722/4481 2494/2757/2494 4814/6667/4814
f 3865/4592/3865 167/174/167 166/173/166
f 3865/4592/3865 166/173/166 4794/6586/4794
f 4194/5132/4194 503/520/503 4674/6226/4674
f 4335/5389/4335 4870/6835/4870 3384/6556/3384
f 2441/2689/2441 4335/5389/4335 3384/6556/3384
f 3433/3998/3433 3624/4258/3624 3613/6836/3613
f 122/129/122 121/128/121 3969/5877/3969
f 1542/1646/1542 4395/5521/4395 1878/2024/1878
f 4679/6236/4679 4748/6445/4748 3631/6837/3631
f 4679/6236/4679 3631/6837/3631 1614/1724/1614
f 1947/2106/1947 628/652/628 4223/5181/4223
f 4871/6838/4871 3753/4430/3753 1909/4429/1909
f 2170/4886/2170 2203/2406/2203 3671/4320/3671
f 4666/6601/4666 2481/6839/2481 2480/6840/2480
f 4560/5980/4560 3381/3922/3381 4482/5723/4482
f 4579/6721/4579 500/517/500 502/519/502
f 4579/6721/4579 502/519/502 4834/6722/4834
f 2619/2909/2619 2618/2908/2618 3625/5746/3625
f 4330/5381/4330 2134/2326/2134 2133/2325/2133
f 4872/6841/4872 754/793/754 970/1029/970
f 4497/5756/4497 3123/6842/3123 4073/6234/4073
f 2649/2950/2649 4271/5268/4271 4018/4839/4018
f 2197/2398/2197 3227/3716/3227 3376/3915/3376
f 1314/1409/1314 1919/6843/1919 1315/1410/1315
f 4011/4828/4011 2457/2714/2457 4873/6844/4873
f 4721/6773/4721 4099/4981/4099 2875/3254/2875
f 2918/3315/2918 4721/6773/4721 2875/3254/2875
f 384/395/384 4287/5304/4287 385/396/385
f 859/908/859 4643/6198/4643 4667/6197/4667
f 1408/1505/1408 1290/1381/1290 4861/6800/4861
f 2892/3282/2892 3810/4515/3810 2893/3283/2893
f 4043/4887/4043 4724/6371/4724 833/6505/833
f 4767/6504/4767 4043/4887/4043 833/6505/833
f 900/954/900 4751/6845/4751 37/42/37
f 2009/6846/2009 4689/6260/4689 2499/5595/2499
f 3536/6847/3536 1233/1320/1233 3537/6848/3537
f 2594/2883/2594 2455/2712/2455 1545/2711/1545
f 2230/6849/2230 4773/6519/4773 789/6850/789
f 1718/1844/1718 2513/2784/2513 1147/1221/1147
f 4084/4960/4084 4874/6851/4874 4085/4961/4085
f 4085/5103/4085 4874/6852/4874 3118/3575/3118
f 4085/5103/4085 3118/3575/3118 1223/1309/1223
f 3070/3509/3070 4440/6763/4440 2135/2327/2135
f 2117/2307/2117 2116/2306/2116 1915/2067/1915
f 3029/3457/3029 3079/4460/3079 3774/4462/3774
f 2579/2867/2579 768/6853/768 4497/5756/4497
f 490/507/490 4848/6854/4848 1688/1808/1688
f 630/654/630 2497/2760/2497 631/655/631
f 4875/6855/4875 4876/6856/4876 3309/6857/3309
f 4839/6736/4839 4650/6139/4650 4877/6858/4877
f 1327/1422/1327 2926/3327/2926 1328/1423/1328
f 964/1987/964 1841/1986/1841 3040/6859/3040
f 965/1023/965 964/1022/964 3040/3859/3040
f 2604/2893/2604 2603/2892/2603 4672/6860/4672
f 2096/6861/2096 3322/3838/3322 2097/6320/2097
f 3080/3520/3080 3029/6862/3029 3028/4146/3028
f 4807/6616/4807 3177/3650/3177 4878/6863/4878
f 2125/2317/2125 2000/2165/2000 4879/6864/4879
f 1160/1237/1160 1162/1239/1162 3221/3708/3221
f 2760/6865/2760 2882/3265/2882 4486/5729/4486
f 1118/6866/1118 4857/6787/4857 3661/4305/3661
f 508/6867/508 4419/5563/4419 969/1088/969
f 2852/3217/2852 2221/6717/2221 2220/3218/2220
f 1049/1113/1049 4438/6795/4438 4288/5305/4288
f 2267/2486/2267 2157/2352/2157 4587/5975/4587
f 3238/3732/3238 755/794/755 443/455/443
f 2226/6868/2226 4484/5726/4484 2224/5725/2224
f 4013/4832/4013 4565/5934/4565 4029/4856/4029
f 1176/1253/1176 3263/3759/3263 3235/3728/3235
f 469/6869/469 471/6870/471 129/136/129
f 702/735/702 469/6869/469 129/136/129
f 2410/2653/2410 2409/2652/2409 4014/4833/4014
f 2219/6871/2219 2218/5910/2218 4579/6721/4579
f 1476/6872/1476 1478/1984/1478 964/1987/964
f 963/1021/963 1476/6873/1476 964/1022/964
f 2645/2945/2645 4296/6874/4296 2248/6875/2248
f 1216/1302/1216 1218/1304/1218 2268/2487/2268
f 3683/4336/3683 1310/1405/1310 3370/3909/3370
f 479/496/479 481/498/481 4681/6241/4681
f 2725/3052/2725 2889/6876/2889 788/834/788
f 2234/2446/2234 3609/4233/3609 3608/4232/3608
f 2396/2634/2396 1546/1650/1546 4691/6877/4691
f 801/6558/801 4236/5378/4236 358/369/358
f 1858/2004/1858 4880/6878/4880 3421/6879/3421
f 3336/3867/3336 475/492/475 4700/6295/4700
f 61/68/61 3905/4651/3905 1603/1712/1603
f 4353/6131/4353 3462/4034/3462 3461/4033/3461
f 232/241/232 231/240/231 1064/1131/1064
f 4881/6880/4881 4882/6881/4882 4883/6882/4883
f 4884/6883/4884 887/941/887 4590/5986/4590
f 870/921/870 4049/4890/4049 124/6884/124
f 1736/1866/1736 2957/3367/2957 3819/4529/3819
f 4885/6885/4885 4886/6886/4886 639/664/639
f 1873/2019/1873 3316/3829/3316 2695/3009/2695
f 4854/6780/4854 4887/6887/4887 4084/4960/4084
f 2478/5868/2478 2308/2538/2308 987/1046/987
f 2904/5869/2904 2478/5868/2478 987/1046/987
f 3753/4430/3753 1357/1454/1357 1356/1453/1356
f 4596/6440/4596 3125/3583/3125 3127/3585/3127
f 3673/4323/3673 3541/4137/3541 4200/5140/4200
f 4632/6079/4632 408/6888/408 880/933/880
f 1382/1479/1382 4627/6889/4627 1987/2150/1987
f 307/316/307 4695/6890/4695 4549/5886/4549
f 3729/4399/3729 1024/1085/1024 3445/4013/3445
f 4613/6041/4613 629/653/629 2081/4920/2081
f 4164/5082/4164 3612/5449/3612 3402/5083/3402
f 2102/2287/2102 759/2286/759 3909/4655/3909
f 2979/4308/2979 2978/6891/2978 2342/2575/2342
f 1565/1670/1565 1564/1669/1564 842/2552/842
f 2036/2207/2036 4888/6892/4888 2037/2208/2037
f 2372/2607/2372 1754/1888/1754 1993/2157/1993
f 905/5673/905 1728/1856/1728 4535/5845/4535
f 1466/1566/1466 1465/1565/1465 620/5783/620
f 3950/4725/3950 3783/4476/3783 3951/4726/3951
f 591/612/591 590/611/590 805/852/805
f 3830/4552/3830 3526/4119/3526 3528/4121/3528
f 333/6893/333 4466/5679/4466 4622/6056/4622
f 2798/3139/2798 2159/2355/2159 4379/6894/4379
f 3705/6895/3705 3027/6896/3027 4110/5000/4110
f 3600/4221/3600 3484/4061/3484 2907/6897/2907
f 1388/1485/1388 2474/2735/2474 1389/1486/1389
f 1133/6898/1133 2029/2200/2029 4638/6109/4638
f 2897/3288/2897 3162/3628/3162 2898/3289/2898
f 3912/5480/3912 4818/6678/4818 4817/6677/4817
f 4400/6899/4400 3912/5480/3912 4817/6677/4817
f 2306/2535/2306 3341/4551/3341 3829/4550/3829
f 4563/5928/4563 3064/6258/3064 995/6900/995
f 2593/2882/2593 2868/3246/2868 2571/2858/2571
f 2570/2857/2570 2593/2882/2593 2571/2858/2571
f 4648/6133/4648 2143/2612/2143 2376/2611/2376
f 605/626/605 604/625/604 3395/6790/3395
f 939/993/939 4095/4973/4095 4889/6901/4889
f 3734/4406/3734 420/5427/420 419/6902/419
f 3734/4406/3734 419/6902/419 1971/6903/1971
f 2162/2359/2162 1462/5218/1462 4637/6904/4637
f 4469/5689/4469 2391/2629/2391 2390/2628/2390
f 995/6900/995 3265/6905/3265 4550/6906/4550
f 4563/5928/4563 995/6900/995 4550/6906/4550
f 2060/2234/2060 2258/6339/2258 2260/6907/2260
f 3102/3552/3102 387/398/387 3256/6908/3256
f 2642/2941/2642 3293/3801/3293 3313/3826/3313
f 4890/6909/4890 4891/6910/4891 4892/6911/4892
f 4189/6912/4189 4890/6909/4890 4892/6911/4892
f 2529/2804/2529 1208/4205/1208 1924/3171/1924
f 2720/4721/2720 2714/3034/2714 3893/4633/3893
f 2354/6913/2354 1829/6914/1829 2701/6915/2701
f 2354/6913/2354 2701/6915/2701 4893/6916/4893
f 1242/1329/1242 4743/6917/4743 4288/6918/4288
f 3421/6879/3421 4285/6919/4285 626/650/626
f 3421/6879/3421 626/650/626 421/432/421
f 2848/3212/2848 1753/6920/1753 2846/3210/2846
f 3553/6082/3553 309/318/309 2858/3228/2858
f 4357/5435/4357 4866/6823/4866 4246/5436/4246
f 957/6921/957 3770/6922/3770 901/955/901
f 1585/1691/1585 3216/3699/3216 1586/1692/1586
f 1259/6923/1259 941/997/941 4448/5623/4448
f 1260/5622/1260 1259/6923/1259 4448/5623/4448
f 4495/5748/4495 4799/6593/4799 4798/6592/4798
f 4232/5200/4232 2697/3011/2697 737/773/737
f 731/5461/731 4365/5460/4365 1140/6829/1140
f 4383/5499/4383 4742/6924/4742 2709/6925/2709
f 4383/5499/4383 2709/6925/2709 4384/5500/4384
f 1226/3641/1226 2273/2492/2273 332/2970/332
f 4570/5945/4570 1226/1312/1226 332/341/332
f 1777/1913/1777 2425/5829/2425 1778/1914/1778
f 4658/6926/4658 2508/6927/2508 2824/3181/2824
f 4658/6926/4658 2824/3181/2824 2568/2855/2568
f 2545/6097/2545 3379/3920/3379 2540/3919/2540
f 3584/4199/3584 3586/4201/3586 3007/3434/3007
f 2265/2483/2265 3666/4313/3666 3668/4315/3668
f 4535/6928/4535 4894/6929/4894 906/960/906
f 1527/1630/1527 374/385/374 4502/5764/4502
f 789/6850/789 4773/6519/4773 872/924/872
f 789/6850/789 872/924/872 2418/2661/2418
f 3168/3636/3168 34/2662/34 218/227/218
f 4412/5550/4412 2499/5595/2499 4689/6260/4689
f 4895/6930/4895 4887/6887/4887 3872/4604/3872
f 1718/1844/1718 1147/1221/1147 1719/1845/1719
f 4827/6706/4827 4171/5099/4171 4822/6694/4822
f 480/497/480 1619/1730/1619 4738/6415/4738
f 4481/6931/4481 966/6932/966 4896/6933/4896
f 1481/1581/1481 1483/1583/1483 1403/1500/1403
f 1528/1631/1528 1527/1630/1527 1465/1565/1465
f 3326/3848/3326 86/6934/86 1268/1356/1268
f 2480/2742/2480 4710/6317/4710 2357/6935/2357
f 69/76/69 4512/6936/4512 542/562/542
f 2910/3303/2910 1448/2691/1448 1972/2690/1972
f 2904/3296/2904 2905/3298/2905 4897/6937/4897
f 4406/6938/4406 4805/6611/4805 1077/6610/1077
f 3691/4349/3691 3137/3597/3137 1831/1971/1831
f 1079/6939/1079 4406/6938/4406 1077/6610/1077
f 2702/3020/2702 3450/4020/3450 2703/3021/2703
f 2839/3201/2839 2841/3203/2841 2228/2440/2228
f 2623/2918/2623 2622/2917/2622 2927/3328/2927
f 4521/5812/4521 3906/4652/3906 68/75/68
f 4671/6221/4671 1118/1189/1118 1117/1188/1117
f 2122/2313/2122 4898/6940/4898 2333/2566/2333
f 2455/2712/2455 1898/2050/1898 2456/2713/2456
f 3631/6837/3631 3478/4055/3478 928/982/928
f 3793/6941/3793 3576/4191/3576 4516/6942/4516
f 2506/2773/2506 2502/6804/2502 1884/6943/1884
f 477/6944/477 3754/6215/3754 1185/6217/1185
f 4818/6678/4818 4899/6945/4899 584/605/584
f 1720/1846/1720 346/355/346 1717/1843/1717
f 2139/2331/2139 2141/2333/2141 3929/4686/3929
f 1902/2054/1902 1904/2056/1904 4354/5431/4354
f 4900/6946/4900 3460/4031/3460 2423/4151/2423
f 120/127/120 4096/4977/4096 121/128/121
f 2314/2545/2314 2316/2547/2316 2020/3469/2020
f 1214/1300/1214 2314/2545/2314 2020/3469/2020
f 2736/3066/2736 2269/4312/2269 2737/3067/2737
f 4362/5454/4362 3230/3719/3230 2792/3131/2792
f 3288/3796/3288 2821/3175/2821 3015/6947/3015
f 3320/3836/3320 3090/6948/3090 4444/5610/4444
f 2010/2179/2010 2499/2762/2499 4415/5556/4415
f 2109/5893/2109 3354/6949/3354 3272/5439/3272
f 1158/6811/1158 4081/6950/4081 2536/2811/2536
f 1444/1544/1444 3507/4091/3507 3701/4364/3701
f 1660/1777/1660 977/1776/977 976/4796/976
f 4901/6951/4901 4844/6751/4844 4750/6450/4750
f 4902/6952/4902 4901/6951/4901 4750/6450/4750
f 2369/2604/2369 2368/2603/2368 3016/3443/3016
f 1392/1489/1392 2764/3096/2764 2500/2763/2500
f 1646/1762/1646 2373/2608/2373 2374/2609/2374
f 1646/1762/1646 2374/2609/2374 2656/6953/2656
f 470/487/470 2802/3146/2802 2239/6486/2239
f 471/488/471 470/487/470 2239/6486/2239
f 627/651/627 2479/2741/2479 2162/2359/2162
f 2933/3337/2933 2096/2278/2096 3193/3670/3193
f 3747/4420/3747 3746/4419/3746 4684/6954/4684
f 639/664/639 4886/6886/4886 640/665/640
f 303/312/303 3314/3827/3314 4475/5907/4475
f 736/2189/736 2007/2176/2007 4903/6955/4903
f 1092/1163/1092 1091/1162/1091 3897/4641/3897
f 464/481/464 2766/6956/2766 465/482/465
f 4374/5479/4374 4373/5478/4373 4469/6957/4469
f 4838/6958/4838 4811/6650/4811 4810/6649/4810
f 3630/4265/3630 3633/4268/3633 4567/5939/4567
f 4901/6951/4901 4904/6959/4904 4844/6751/4844
f 3749/4422/3749 478/3063/478 3502/5191/3502
f 3566/4180/3566 3565/4179/3565 4150/5058/4150
f 829/876/829 2095/2277/2095 102/109/102
f 2112/2300/2112 104/1740/104 1257/1742/1257
f 2112/6960/2112 1257/1345/1257 4551/5897/4551
f 110/1316/110 3721/4389/3721 1230/1317/1230
f 3951/4726/3951 1885/2841/1885 981/2840/981
f 1259/6923/1259 502/998/502 941/997/941
f 3821/4536/3821 3820/4535/3820 3304/6372/3304
f 4367/5465/4367 2220/2428/2220 2222/2430/2222
f 3470/4044/3470 4367/5465/4367 4905/6961/4905
f 4906/6962/4906 2567/2853/2567 2569/2856/2569
f 2790/3129/2790 4906/6962/4906 2569/2856/2569
f 1704/1830/1704 4348/6963/4348 1705/1831/1705
f 1838/6964/1838 4907/6965/4907 1839/3444/1839
f 860/909/860 2692/5699/2692 4908/6966/4908
f 3867/4594/3867 3473/4595/3473 3996/4806/3996
f 4721/6353/4721 4720/6352/4720 4345/5413/4345
f 4721/6353/4721 4345/5413/4345 4099/5414/4099
f 395/406/395 3052/3485/3052 1352/6967/1352
f 3797/6968/3797 2138/2330/2138 3798/6969/3798
f 528/546/528 3841/4564/3841 1535/1639/1535
f 2976/3389/2976 4575/5958/4575 1510/1613/1510
f 1371/1468/1371 4374/5690/4374 1372/1469/1372
f 3632/4267/3632 1695/1819/1695 2915/3312/2915
f 2914/3311/2914 3632/4267/3632 2915/3312/2915
f 561/581/561 560/580/560 4622/6056/4622
f 76/83/76 111/118/111 71/78/71
f 3794/4494/3794 4516/5802/4516 3846/4570/3846
f 3527/4120/3527 3542/4138/3542 3541/4137/3541
f 1626/1737/1626 2896/6970/2896 4491/5737/4491
f 3919/4670/3919 1991/6971/1991 1459/1559/1459
f 4105/4991/4105 3235/3728/3235 3263/3759/3263
f 69/76/69 1603/1712/1603 4512/6936/4512
f 4719/6351/4719 4708/6312/4708 4532/5839/4532
f 1381/1478/1381 1383/1480/1383 155/6758/155
f 2322/2554/2322 3081/3521/3081 2323/2555/2323
f 3754/4431/3754 1356/1453/1356 547/6972/547
f 4889/6973/4889 4095/6048/4095 3270/3770/3270
f 3631/4266/3631 928/1817/928 1695/1819/1695
f 2548/2830/2548 1627/1738/1627 4909/6974/4909
f 3339/6975/3339 4129/5031/4129 3279/3782/3279
f 2000/2165/2000 391/402/391 3916/4666/3916
f 407/418/407 3004/6976/3004 646/671/646
f 948/6977/948 1982/2143/1982 1597/6978/1597
f 948/6979/948 1597/1704/1597 1596/1703/1596
f 222/4243/222 221/6980/221 534/995/534
f 4343/6981/4343 4808/6982/4808 261/270/261
f 1225/5885/1225 1938/2093/1938 1940/2095/1940
f 2332/3725/2332 1889/2038/1889 4391/6983/4391
f 3725/6984/3725 3198/3677/3198 2008/6985/2008
f 2806/3152/2806 585/2948/585 3938/4706/3938
f 2917/3314/2917 2712/6986/2712 2795/4923/2795
f 4862/6802/4862 1641/1757/1641 2514/2787/2514
f 1723/6987/1723 1593/1700/1593 1407/1504/1407
f 4228/5193/4228 1723/1849/1723 1407/6248/1407
f 3967/4753/3967 4074/4942/4074 4798/6988/4798
f 3592/6989/3592 2066/2240/2066 2065/2239/2065
f 1585/1691/1585 2114/2303/2114 3216/3699/3216
f 603/6990/603 1957/2117/1957 4206/6737/4206
f 4631/6259/4631 2009/6846/2009 2011/6991/2011
f 2167/6992/2167 4631/6259/4631 2011/6991/2011
f 2300/4464/2300 2092/2274/2092 4334/5387/4334
f 3582/4197/3582 3100/3550/3100 147/6993/147
f 4616/6045/4616 2747/4734/2747 3053/4542/3053
f 4337/5392/4337 792/836/792 794/838/794
f 3403/3958/3403 3115/3572/3115 3469/4043/3469
f 1849/6994/1849 3350/4600/3350 3871/4599/3871
f 741/6995/741 2428/2673/2428 740/6996/740
f 3173/3643/3173 3302/3811/3302 3134/3594/3134
f 323/6153/323 260/6155/260 4474/6997/4474
f 1749/1880/1749 323/6998/323 4474/5706/4474
f 237/246/237 4086/4962/4086 1604/1713/1604
f 3230/3719/3230 4364/5456/4364 4624/6311/4624
f 1293/6999/1293 1295/3991/1295 2925/3324/2925
f 2458/5055/2458 2140/2332/2140 2139/2331/2139
f 1278/7000/1278 1166/1243/1166 1168/1245/1168
f 1030/1092/1030 924/7001/924 923/1093/923
f 1967/4947/1967 2617/2907/2617 2816/3165/2816
f 761/4845/761 3395/6790/3395 604/625/604
f 1345/1440/1345 2556/2838/2556 1346/1441/1346
f 1656/1772/1656 1658/1774/1658 3659/4302/3659
f 1656/1772/1656 3659/4302/3659 3815/5244/3815
f 4703/6303/4703 4910/7002/4910 4575/5958/4575
f 4703/6303/4703 4575/5958/4575 2976/3389/2976
f 2883/7003/2883 4102/5772/4102 4480/7004/4480
f 4191/6725/4191 1914/2066/1914 1268/1356/1268
f 1643/1759/1643 3294/3803/3294 375/386/375
f 50/57/50 52/59/52 4146/7005/4146
f 3366/6344/3366 57/64/57 2408/5693/2408
f 4280/7006/4280 4210/5161/4210 4736/7007/4736
f 1178/1255/1178 4911/7008/4911 3615/4245/3615
f 1781/1917/1781 3701/4364/3701 4606/6026/4606
f 1791/1929/1791 780/821/780 781/823/781
f 3938/4706/3938 2649/2950/2649 4018/4839/4018
f 1231/1318/1231 4510/5788/4510 3565/4179/3565
f 1586/1692/1586 3216/3699/3216 3087/6391/3087
f 548/568/548 4912/7009/4912 4098/6245/4098
f 3960/4815/3960 498/515/498 497/514/497
f 2799/3140/2799 1961/6127/1961 4730/7010/4730
f 2799/7011/2799 4730/7012/4730 4702/7013/4702
f 3670/4319/3670 2219/2427/2219 4579/5965/4579
f 1800/1938/1800 4025/4849/4025 1801/1939/1801
f 2051/7014/2051 1350/1446/1350 2683/2996/2683
f 4737/7015/4737 2051/7014/2051 2683/2996/2683
f 3322/3838/3322 1552/1656/1552 1098/6319/1098
f 4669/6209/4669 3437/4002/3437 4310/5347/4310
f 4669/6209/4669 4310/5347/4310 4690/7016/4690
f 2632/4284/2632 3431/3994/3431 3647/4285/3647
f 441/453/441 444/456/444 3883/4620/3883
f 2992/3414/2992 1679/7017/1679 4044/7018/4044
f 3024/5232/3024 707/7019/707 246/255/246
f 3880/4612/3880 1393/1490/1393 2501/2764/2501
f 3880/4612/3880 2501/2764/2501 3881/4613/3881
f 4274/5276/4274 1004/1065/1004 1006/1067/1006
f 1904/2056/1904 780/821/780 1791/1929/1791
f 4354/5431/4354 1904/2056/1904 1791/1929/1791
f 4913/7020/4913 832/879/832 831/878/831
f 589/610/589 1201/1283/1201 135/142/135
f 1730/1858/1730 589/610/589 135/142/135
f 1550/1654/1550 4884/6883/4884 4914/7021/4914
f 1673/7022/1673 4282/7023/4282 1674/7024/1674
f 4124/7025/4124 2900/7026/2900 1042/7027/1042
f 3185/7028/3185 2128/2320/2128 2127/2319/2127
f 285/294/285 626/650/626 4850/6767/4850
f 1937/2092/1937 1936/2091/1936 3417/3974/3417
f 1937/2092/1937 3417/3974/3417 2665/2973/2665
f 2970/5463/2970 3532/7029/3532 3621/4254/3621
f 4006/4823/4006 1479/1579/1479 4007/4824/4007
f 4841/6740/4841 2979/3394/2979 2344/7030/2344
f 3158/3624/3158 1644/1760/1644 1969/2129/1969
f 4698/7031/4698 1010/7032/1010 4915/7033/4915
f 4441/5606/4441 215/1057/215 214/6361/214
f 1291/7034/1291 2922/7035/2922 4641/6356/4641
f 4416/5557/4416 4306/5340/4306 4417/5558/4417
f 2405/2648/2405 286/295/286 1910/2062/1910
f 3440/4007/3440 2405/2648/2405 1910/2062/1910
f 4905/6961/4905 2222/2430/2222 4505/5776/4505
f 852/901/852 786/828/786 853/902/853
f 4916/7036/4916 3165/7037/3165 3174/3644/3174
f 1938/7038/1938 4128/7039/4128 2587/7040/2587
f 1782/3694/1782 4508/5781/4508 411/422/411
f 4294/5313/4294 4402/5530/4402 2812/3161/2812
f 4530/5837/4530 2811/3160/2811 3895/5999/3895
f 152/159/152 4111/5002/4111 3495/4076/3495
f 1362/1459/1362 3437/4002/3437 1363/1460/1363
f 1850/1996/1850 2186/7041/2186 4070/7042/4070
f 4842/6746/4842 3966/4752/3966 1770/1906/1770
f 1272/1362/1272 2266/3579/2266 2777/3115/2777
f 485/502/485 4858/6789/4858 653/679/653
f 373/7043/373 2787/3126/2787 2788/3127/2788
f 2750/3082/2750 3566/4180/3566 890/944/890
f 563/583/563 3159/3625/3159 564/584/564
f 4790/6563/4790 3446/4874/3446 4041/4876/4041
f 127/134/127 3465/4037/3465 128/135/128
f 1034/1098/1034 4693/6282/4693 1035/1099/1035
f 2378/4667/2378 2767/3099/2767 2766/3098/2766
f 2032/2203/2032 4595/7044/4595 1816/1956/1816
f 500/517/500 4823/6697/4823 501/518/501
f 4845/7045/4845 2387/2625/2387 3129/3588/3129
f 3345/7046/3345 2065/2239/2065 1888/2036/1888
f 3558/4172/3558 3555/4171/3555 1204/7047/1204
f 706/2686/706 3908/7048/3908 2439/2687/2439
f 1733/1863/1733 4900/7049/4900 4119/5013/4119
f 3660/4303/3660 1733/1863/1733 4119/5013/4119
f 3920/4671/3920 3919/4670/3919 1459/1559/1459
f 2881/3264/2881 3920/4671/3920 1459/1559/1459
f 1543/6151/1543 2163/2360/2163 3552/7050/3552
f 1213/7051/1213 1212/1879/1212 4626/6064/4626
f 2239/2452/2239 2802/5095/2802 4170/5097/4170
f 276/285/276 3594/4212/3594 3000/3425/3000
f 4381/7052/4381 4080/4952/4080 3629/4264/3629
f 1663/1780/1663 2826/4838/2826 2825/7053/2825
f 1855/2001/1855 1854/2000/1854 4197/5136/4197
f 3068/3507/3068 3071/3510/3071 2962/3373/2962
f 2326/3147/2326 2804/3149/2804 3499/7054/3499
f 4853/7055/4853 1528/1631/1528 1467/1567/1467
f 1606/1715/1606 1166/4853/1166 1278/1369/1278
f 3956/4736/3956 4632/6079/4632 880/933/880
f 3955/4733/3955 2254/2469/2254 2255/2470/2255
f 4041/4876/4041 3975/6150/3975 4917/7056/4917
f 4918/7057/4918 1083/1152/1083 1086/1155/1086
f 4918/7057/4918 1086/1155/1086 2598/2887/2598
f 2166/2363/2166 4919/7058/4919 667/7059/667
f 3343/3876/3343 857/906/857 859/908/859
f 4413/5552/4413 2681/5554/2681 2680/6441/2680
f 2211/7060/2211 2210/6488/2210 4595/5995/4595
f 4416/5557/4416 3103/5559/3103 4319/5362/4319
f 712/746/712 3474/7061/3474 713/747/713
f 3757/5511/3757 4360/5445/4360 3999/4809/3999
f 4394/7062/4394 392/403/392 3344/3877/3344
f 2145/2337/2145 2144/2336/2144 4144/5051/4144
f 2248/2463/2248 3795/4495/3795 142/149/142
f 2248/2463/2248 142/149/142 2249/2464/2249
f 1639/1755/1639 1641/1757/1641 4862/6802/4862
f 4863/6803/4863 1639/1755/1639 4862/6802/4862
f 2967/3378/2967 2840/3202/2840 2839/3201/2839
f 2968/3379/2968 2967/3378/2967 2839/3201/2839
f 3968/4754/3968 989/1048/989 988/1047/988
f 224/233/224 3/3/3 6/8/6
f 1636/1750/1636 4629/6071/4629 4199/5139/4199
f 4907/6965/4907 3017/3445/3017 1839/3444/1839
f 2226/5395/2226 1402/5394/1402 3338/3869/3338
f 2226/5395/2226 3338/3869/3338 3337/3868/3337
f 4846/6753/4846 4845/6752/4845 3129/6128/3129
f 801/848/801 1522/1625/1522 4237/5206/4237
f 1258/1346/1258 4834/6722/4834 1259/1347/1259
f 1190/1272/1190 324/333/324 1191/1273/1191
f 3707/4370/3707 428/6459/428 4920/7063/4920
f 3111/5990/3111 3287/3795/3287 4510/7064/4510
f 2899/3290/2899 4921/7065/4921 4021/4842/4021
f 3660/4303/3660 4025/5014/4025 140/147/140
f 2077/2256/2077 4194/5132/4194 823/870/823
f 2406/2649/2406 1224/1310/1224 1223/1309/1223
f 3098/7066/3098 4066/4924/4066 2795/4923/2795
f 3882/7067/3882 3098/7068/3098 2795/3135/2795
f 4830/6711/4830 172/7069/172 3738/6822/3738
f 539/7070/539 4922/7071/4922 1142/1214/1142
f 856/905/856 855/904/855 569/589/569
f 4637/6101/4637 1464/1564/1464 4923/7072/4923
f 1253/1341/1253 1215/1301/1215 3039/3468/3039
f 2071/2247/2071 1237/1324/1237 1239/1326/1239
f 977/1036/977 2392/2630/2392 4370/5472/4370
f 3763/6635/3763 3147/3610/3147 3764/7073/3764
f 2262/4693/2262 4103/7074/4103 3930/4694/3930
f 4181/5112/4181 355/364/355 73/366/73
f 1469/1569/1469 2466/2727/2466 4138/5041/4138
f 1469/1569/1469 4138/5041/4138 1883/2031/1883
f 2168/2367/2168 2837/3199/2837 1824/1964/1824
f 2168/2367/2168 1824/1964/1824 1808/1948/1808
f 2557/2839/2557 831/878/831 4224/5182/4224
f 4735/6409/4735 3030/3458/3030 4924/7075/4924
f 4387/7076/4387 4386/7077/4386 4442/5607/4442
f 3764/7078/3764 4387/7076/4387 4442/5607/4442
f 4064/4982/4064 412/423/412 4100/4983/4100
f 415/426/415 3107/3561/3107 416/427/416
f 875/928/875 874/927/874 4045/7079/4045
f 2182/2382/2182 2973/7080/2973 2183/2383/2183
f 206/2871/206 1566/1671/1566 3295/6756/3295
f 2559/7081/2559 4715/6341/4715 3498/7082/3498
f 1023/1634/1023 3523/5843/3523 1531/1635/1531
f 4272/5272/4272 3867/4594/3867 3995/4805/3995
f 1690/5273/1690 4272/5272/4272 3995/4805/3995
f 2566/2852/2566 3466/4038/3466 4477/5710/4477
f 4601/6013/4601 3675/4326/3675 3676/4327/3676
f 483/5913/483 3487/6598/3487 1071/1140/1071
f 1241/1328/1241 3730/7083/3730 1242/1329/1242
f 1344/1439/1344 4925/7084/4925 1726/1853/1726
f 1497/1810/1497 446/459/446 1689/1809/1689
f 4186/5121/4186 2791/3130/2791 1957/6184/1957
f 1358/1455/1358 1360/1457/1360 3228/3717/3228
f 2253/4534/2253 3821/4536/3821 3305/7085/3305
f 140/147/140 4025/5014/4025 141/148/141
f 4353/5430/4353 1902/2054/1902 4354/5431/4354
f 958/1016/958 1278/1369/1278 3443/7086/3443
f 4926/7087/4926 767/806/767 3124/7088/3124
f 4162/5080/4162 366/377/366 368/379/368
f 4612/6040/4612 1068/7089/1068 2267/7090/2267
f 3899/4644/3899 3901/4646/3901 2089/6274/2089
f 2584/7091/2584 2948/3358/2948 2947/3357/2947
f 3427/3988/3427 2584/2873/2584 2947/7092/2947
f 932/986/932 3628/4262/3628 2889/4263/2889
f 2172/2372/2172 3637/4272/3637 2173/2373/2173
f 2358/7093/2358 1784/1920/1784 1579/1685/1579
f 667/7059/667 4919/7058/4919 668/5359/668
f 2767/3099/2767 4476/5709/4476 4357/5435/4357
f 4641/6356/4641 4722/6355/4722 661/7094/661
f 135/142/135 134/141/134 4333/7095/4333
f 1729/1857/1729 135/142/135 4333/7095/4333
f 1178/1255/1178 3615/4245/3615 3616/4246/3616
f 4048/4889/4048 950/1008/950 4744/6426/4744
f 686/717/686 685/716/685 4511/5791/4511
f 1393/1490/1393 4376/5485/4376 3529/4122/3529
f 1394/1491/1394 1393/1490/1393 3529/4122/3529
f 766/805/766 1209/1294/1209 767/806/767
f 4927/7096/4927 4453/5638/4453 2473/2734/2473
f 1826/1966/1826 2065/2239/2065 2059/2233/2059
f 4287/5304/4287 1117/1188/1117 385/396/385
f 3063/3501/3063 4255/7097/4255 4254/5851/4254
f 3063/3501/3063 4254/5851/4254 2744/3076/2744
f 3896/6428/3896 4659/6169/4659 3496/4077/3496
f 3214/3697/3214 3896/4636/3896 3496/5230/3496
f 2471/2732/2471 34/39/34 3065/3503/3065
f 3674/4325/3674 3744/4417/3744 4652/6142/4652
f 4928/7098/4928 2989/3410/2989 2988/3409/2988
f 3080/3520/3080 3079/3519/3079 3029/6862/3029
f 707/7019/707 706/7099/706 247/256/247
f 1208/5951/1208 1493/1594/1493 1924/2079/1924
f 21/25/21 1420/1520/1420 275/284/275
f 4118/5011/4118 1016/1077/1016 1018/1079/1018
f 1941/7100/1941 3089/6390/3089 2740/3101/2740
f 325/7101/325 3009/3436/3009 3008/3435/3008
f 2240/2453/2240 4851/6774/4851 4603/6017/4603
f 2240/2453/2240 4603/6017/4603 4051/4895/4051
f 4265/5256/4265 4794/6586/4794 1567/5713/1567
f 4929/7102/4929 1772/1908/1772 182/4708/182
f 1031/1094/1031 1032/1096/1032 3145/3607/3145
f 4930/7103/4930 1838/1981/1838 1809/1983/1809
f 679/710/679 4633/6185/4633 3282/7104/3282
f 680/3786/680 679/7105/679 3282/3787/3282
f 1920/5738/1920 2938/3343/2938 2276/5981/2276
f 1315/7106/1315 1920/5738/1920 2276/5981/2276
f 4438/5597/4438 1242/1329/1242 4288/6918/4288
f 3498/7107/3498 405/6489/405 935/989/935
f 403/414/403 405/416/405 3498/7082/3498
f 1397/7108/1397 4470/7109/4470 4785/7110/4785
f 1641/1757/1641 4169/5094/4169 2115/2785/2115
f 4362/5454/4362 4931/7111/4931 4363/5455/4363
f 4653/6143/4653 2451/2707/2451 2450/2706/2450
f 4392/5516/4392 3594/5515/3594 3979/4776/3979
f 4454/5639/4454 458/474/458 2888/3274/2888
f 1360/1457/1360 1696/1820/1696 3228/3717/3228
f 4572/5950/4572 1493/1594/1493 1208/5951/1208
f 4245/5216/4245 4602/7112/4602 2801/3143/2801
f 1637/1751/1637 1636/1750/1636 4304/5338/4304
f 785/827/785 972/1031/972 4020/5286/4020
f 267/276/267 432/445/432 1984/7113/1984
f 4089/4966/4089 2359/7114/2359 516/533/516
f 3648/7115/3648 3863/4590/3863 4932/7116/4932
f 4933/7117/4933 4662/6174/4662 4363/5455/4363
f 708/742/708 4934/7118/4934 709/743/709
f 4935/7119/4935 4785/7110/4785 2058/7120/2058
f 4271/5268/4271 224/233/224 195/5269/195
f 4692/6275/4692 4043/4878/4043 4767/7121/4767
f 4809/6643/4809 2121/2312/2121 2120/2311/2120
f 4809/6643/4809 2120/2311/2120 4080/4952/4080
f 788/830/788 3628/4262/3628 2230/2442/2230
f 2267/2486/2267 1067/1134/1067 2157/2352/2157
f 4936/7122/4936 3364/4458/3364 4599/6004/4599
f 4216/6007/4216 4936/7122/4936 4599/6004/4599
f 4140/5046/4140 4578/6723/4578 4834/6722/4834
f 4140/5046/4140 4834/6722/4834 1258/1346/1258
f 2104/2290/2104 4001/4813/4001 2105/2291/2105
f 4154/5065/4154 4075/4943/4075 4728/6393/4728
f 998/5664/998 4630/7123/4630 1864/7124/1864
f 998/5664/998 1864/7124/1864 4462/5665/4462
f 4221/5179/4221 4441/5606/4441 214/6361/214
f 2439/7125/2439 1701/1826/1701 226/7126/226
f 2299/2527/2299 1538/7127/1538 2300/2528/2300
f 3344/4919/3344 3345/7046/3345 1888/2036/1888
f 3476/6021/3476 3146/3608/3146 4937/7128/4937
f 393/404/393 2955/3365/2955 249/258/249
f 2974/3386/2974 4911/7129/4911 1178/2581/1178
f 881/3840/881 4938/7130/4938 3324/3841/3324
f 4456/7131/4456 4546/5876/4546 4457/6243/4457
f 1225/1311/1225 1186/1268/1186 1938/4274/1938
f 4628/6069/4628 3106/3559/3106 1160/3558/1160
f 2557/2839/2557 4224/5182/4224 4225/5185/4225
f 4333/7132/4333 4230/5196/4230 769/809/769
f 4676/6230/4676 2215/2423/2215 1062/1129/1062
f 1061/1128/1061 4676/6230/4676 1062/1129/1062
f 2982/5674/2982 2881/3264/2881 3003/3430/3003
f 2183/6024/2183 2973/3385/2973 1422/1522/1422
f 4216/7133/4216 4218/5590/4218 4436/5589/4436
f 4939/7134/4939 4940/7135/4940 4941/7136/4941
f 136/143/136 1451/1551/1451 137/144/137
f 1531/3555/1531 3523/4114/3523 3105/3556/3105
f 4784/6647/4784 2492/2755/2492 2494/2757/2494
f 3276/3777/3276 2823/3180/2823 2507/3179/2507
f 4926/7087/4926 3124/7088/3124 3123/7137/3123
f 552/7138/552 551/657/551 634/659/634
f 2424/7139/2424 4853/6778/4853 4764/6500/4764
f 3293/3801/3293 184/191/184 3313/3826/3313
f 3249/3743/3249 2228/2440/2228 2227/2439/2227
f 1061/1128/1061 1130/1201/1130 4676/6230/4676
f 1792/1930/1792 1791/1929/1791 781/823/781
f 2086/2268/2086 3482/7140/3482 2087/2269/2087
f 4813/6654/4813 110/6656/110 109/7141/109
f 3207/6510/3207 4813/7142/4813 109/116/109
f 4499/7143/4499 919/973/919 1115/1186/1115
f 167/7144/167 4499/7143/4499 1115/1186/1115
f 833/6505/833 4724/6371/4724 2198/6427/2198
f 3357/3894/3357 2017/2186/2017 4059/7145/4059
f 1898/7146/1898 217/226/217 1899/3604/1899
f 2513/2784/2513 80/5109/80 1148/1222/1148
f 1147/1221/1147 2513/2784/2513 1148/1222/1148
f 1735/3119/1735 719/755/719 1736/7147/1736
f 81/7148/81 4942/7149/4942 4594/5992/4594
f 2598/2887/2598 1086/1155/1086 2599/2888/2599
f 4468/5687/4468 3440/4007/3440 4577/7150/4577
f 3346/3879/3346 3692/5734/3692 4053/4899/4053
f 4455/5641/4455 3225/3713/3225 251/260/251
f 650/676/650 2733/3060/2733 506/523/506
f 640/665/640 4886/6886/4886 4943/7151/4943
f 1669/5291/1669 3340/3871/3340 1045/1109/1045
f 4428/5578/4428 3543/4139/3543 4155/5066/4155
f 4056/4906/4056 2868/4718/2868 2593/5462/2593
f 3746/4419/3746 810/857/810 3273/3774/3273
f 720/756/720 4407/6443/4407 3218/3701/3218
f 4813/6654/4813 3388/7152/3388 3721/6655/3721
f 157/164/157 4279/5290/4279 1284/7153/1284
f 157/7154/157 1284/1375/1284 1329/1424/1329
f 264/273/264 263/272/263 1977/2138/1977
f 4875/7155/4875 4944/7156/4944 4611/6175/4611
f 4875/7155/4875 4611/6175/4611 4662/6174/4662
f 1842/1988/1842 2233/7157/2233 1843/1989/1843
f 3148/3611/3148 4945/7158/4945 3149/3612/3149
f 589/610/589 1730/1858/1730 2889/7159/2889
f 1383/1480/1383 1712/6644/1712 155/6758/155
f 3760/7160/3760 4504/7161/4504 4338/5397/4338
f 3168/3636/3168 217/226/217 2510/7162/2510
f 3191/7163/3191 3164/3630/3164 3163/3629/3163
f 4082/7164/4082 3191/7163/3191 3163/3629/3163
f 533/551/533 532/550/532 607/628/607
f 533/551/533 607/628/607 1075/1144/1075
f 2744/3076/2744 4254/5851/4254 2742/3074/2742
f 4411/7165/4411 3172/3642/3172 1959/2119/1959
f 272/281/272 4411/5548/4411 1959/3141/1959
f 918/972/918 3654/4297/3654 919/973/919
f 3847/4571/3847 3846/4570/3846 4793/7166/4793
f 3021/3449/3021 4379/5491/4379 3587/4202/3587
f 1994/6089/1994 4635/6091/4635 4836/6730/4836
f 3211/3693/3211 1994/6089/1994 4836/6730/4836
f 664/694/664 663/693/663 4861/6800/4861
f 3410/3966/3410 2098/2280/2098 3411/3967/3411
f 3165/3631/3165 3164/3630/3164 438/450/438
f 3165/7037/3165 438/3645/438 3174/3644/3174
f 824/871/824 4429/5579/4429 2319/2550/2319
f 822/869/822 824/871/824 2319/2550/2319
f 3067/3506/3067 3720/4387/3720 3614/4244/3614
f 3067/3506/3067 3614/4244/3614 2016/2185/2016
f 659/689/659 538/558/538 537/557/537
f 1820/1960/1820 4191/7167/4191 1602/7168/1602
f 1869/2015/1869 3422/3980/3422 4770/7169/4770
f 1869/2015/1869 4770/7169/4770 3170/7170/3170
f 1009/1070/1009 1008/1069/1008 3335/7171/3335
f 704/738/704 1901/2053/1901 1775/1911/1775
f 3117/3574/3117 2087/2269/2087 2718/3038/2718
f 2456/2713/2456 1898/2050/1898 3519/4110/3519
f 1478/1984/1478 1477/7172/1477 3695/7173/3695
f 3403/3958/3403 3471/4045/3471 3926/5287/3926
f 4134/5037/4134 4133/5036/4133 1293/6771/1293
f 4944/7174/4944 293/302/293 4611/6037/4611
f 1074/1143/1074 2985/3405/2985 3902/4647/3902
f 797/842/797 798/844/798 3128/6366/3128
f 4130/5032/4130 570/590/570 1137/1208/1137
f 3409/3965/3409 2032/7175/2032 4574/5953/4574
f 3271/3771/3271 1302/1394/1302 1354/1451/1354
f 1131/1202/1131 2909/3302/2909 1243/1330/1243
f 4642/6117/4642 996/1055/996 4441/5606/4441
f 2035/2206/2035 2034/2205/2034 4826/6702/4826
f 2277/2498/2277 4759/6491/4759 2278/2499/2278
f 3828/4549/3828 537/557/537 1815/5402/1815
f 2353/2588/2353 1829/1969/1829 2354/2589/2354
f 3127/3585/3127 3303/3812/3303 4597/7176/4597
f 4596/6440/4596 3127/3585/3127 4597/7176/4597
f 4106/6461/4106 3312/6176/3312 2202/7177/2202
f 1461/1561/1461 3083/7178/3083 2217/2425/2217
f 4489/6449/4489 4946/7179/4946 3065/3503/3065
f 449/462/449 532/550/532 221/463/221
f 1910/2062/1910 4381/5494/4381 3440/4007/3440
f 2140/2332/2140 2350/2585/2350 3889/5572/3889
f 3430/3993/3430 2520/2793/2520 355/364/355
f 84/91/84 1789/7180/1789 3108/3562/3108
f 3340/3871/3340 3341/3873/3341 1046/1110/1046
f 4621/6055/4621 3937/6054/3937 915/969/915
f 4378/5487/4378 4621/6055/4621 915/969/915
f 4885/7181/4885 4817/6677/4817 435/447/435
f 4109/4999/4109 3705/6895/3705 4110/5000/4110
f 4576/5959/4576 4687/7182/4687 530/548/530
f 439/7183/439 4947/7184/4947 4948/7185/4948
f 3194/3671/3194 3193/3670/3193 3410/3966/3410
f 4127/7186/4127 319/7187/319 321/7188/321
f 4127/5026/4127 321/7189/321 3635/5027/3635
f 4110/5000/4110 3027/6896/3027 3261/3757/3261
f 4110/5000/4110 3261/3757/3261 3260/3756/3260
f 3168/3636/3168 218/227/218 217/226/217
f 994/1053/994 3266/3762/3266 3265/3761/3265
f 4606/6026/4606 1515/1618/1515 1781/1917/1781
f 2050/2436/2050 899/953/899 37/42/37
f 2050/2436/2050 37/42/37 36/41/36
f 1439/7190/1439 3220/3707/3220 3912/5480/3912
f 3492/4072/3492 489/4679/489 488/7191/488
f 1205/1288/1205 174/181/174 3196/6249/3196
f 4614/6042/4614 278/287/278 280/289/280
f 2645/2945/2645 2647/2947/2647 4296/6874/4296
f 2646/2946/2646 2420/2664/2420 30/6348/30
f 2296/2523/2296 2646/2946/2646 30/6348/30
f 1442/1542/1442 3427/7192/3427 2947/3357/2947
f 2519/2792/2519 451/466/451 450/465/450
f 3149/3612/3149 2313/2543/2313 1167/1244/1167
f 1428/1528/1428 509/526/509 512/529/512
f 1428/1528/1428 512/529/512 2758/3090/2758
f 4059/7145/4059 2016/2185/2016 2184/7193/2184
f 209/218/209 11/14/11 12/15/12
f 209/218/209 12/15/12 210/219/210
f 4515/5801/4515 3032/3460/3032 3031/3459/3031
f 2496/2759/2496 3194/3671/3194 112/119/112
f 2588/2877/2588 4190/5128/4190 4115/5007/4115
f 4949/7194/4949 3804/7195/3804 4761/6495/4761
f 4949/7194/4949 4761/6495/4761 4041/4876/4041
f 3898/4642/3898 4801/6600/4801 4812/7196/4812
f 4258/5241/4258 3898/4642/3898 4812/7196/4812
f 3429/3990/3429 3068/7197/3068 3910/7198/3910
f 2476/2737/2476 3429/3990/3429 3910/7198/3910
f 1633/1747/1633 3740/4413/3740 2871/3249/2871
f 4859/6796/4859 2398/5790/2398 4800/7199/4800
f 2805/7200/2805 4950/7201/4950 4951/7202/4951
f 3570/4185/3570 4945/7158/4945 3148/3611/3148
f 2122/2313/2122 2015/2184/2015 4898/6940/4898
f 4541/5861/4541 4336/5390/4336 4690/6262/4690
f 4541/5861/4541 4690/6262/4690 3601/4222/3601
f 2549/7203/2549 3448/4017/3448 2258/4016/2258
f 3450/7204/3450 1763/6681/1763 3451/7205/3451
f 1272/1362/1272 2777/3115/2777 2779/3117/2779
f 3798/4501/3798 2138/6102/2138 3006/3433/3006
f 3292/6062/3292 1551/6061/1551 1640/1756/1640
f 3034/3462/3034 3035/3464/3035 2360/2595/2360
f 4171/5099/4171 1943/2100/1943 1872/2018/1872
f 4822/6694/4822 4171/5099/4171 1872/2018/1872
f 3011/3438/3011 3554/4163/3554 3012/3439/3012
f 1492/1593/1492 575/595/575 1493/1594/1493
f 3881/4613/3881 2501/2764/2501 1104/1175/1104
f 2374/2609/2374 2172/2616/2172 2174/7206/2174
f 1881/2029/1881 122/4777/122 4547/7207/4547
f 1881/2029/1881 4547/7207/4547 4952/7208/4952
f 3280/3783/3280 42/3785/42 2724/7209/2724
f 2205/2408/2205 4331/5383/4331 2369/2604/2369
f 944/5775/944 4618/6050/4618 3876/4608/3876
f 2006/2175/2006 4903/6955/4903 2007/2176/2007
f 3812/4518/3812 2674/2986/2674 3813/4519/3813
f 4794/6586/4794 166/173/166 1567/5713/1567
f 3154/3620/3154 1977/3619/1977 4406/6938/4406
f 3154/3620/3154 4406/6938/4406 1079/6939/1079
f 4272/5272/4272 491/508/491 3867/4594/3867
f 4872/6841/4872 970/1029/970 1917/2069/1917
f 566/5321/566 4159/5076/4159 4347/5418/4347
f 3432/3995/3432 1570/3997/1570 4542/5866/4542
f 3581/4196/3581 161/168/161 4496/5752/4496
f 1022/7210/1022 1530/1633/1530 2113/2302/2113
f 4953/7211/4953 4193/5131/4193 4762/6496/4762
f 1812/1952/1812 2133/7212/2133 4440/5599/4440
f 4016/4836/4016 1589/1696/1589 3377/3916/3377
f 873/926/873 3692/7213/3692 874/927/874
f 226/235/226 4422/7214/4422 227/236/227
f 4743/7215/4743 847/6195/847 56/4230/56
f 4002/4814/4002 4001/4813/4001 3151/3616/3151
f 2800/3145/2800 3499/7216/3499 4954/7217/4954
f 2800/3142/2800 4954/7218/4954 2801/3143/2801
f 733/769/733 732/768/732 4922/7071/4922
f 1751/1883/1751 1270/1358/1270 1269/1360/1269
f 1140/1211/1140 4766/6503/4766 1141/1212/1141
f 4040/4872/4040 4848/6760/4848 4038/4870/4038
f 1401/1498/1401 1400/1497/1400 3268/3766/3268
f 3338/3869/3338 4129/7219/4129 3339/3870/3339
f 1251/1339/1251 1250/1338/1250 3801/4505/3801
f 2279/4803/2279 3304/6372/3304 3820/4535/3820
f 3931/4695/3931 4038/4870/4038 4848/6760/4848
f 4077/7220/4077 1486/1586/1486 2481/7221/2481
f 1792/7222/1792 1853/7223/1853 1082/7224/1082
f 2693/3007/2693 1029/4206/1029 2694/3008/2694
f 614/638/614 613/637/613 2172/2616/2172
f 338/347/338 2951/5034/2951 2952/5825/2952
f 1126/1197/1126 1128/1199/1128 4157/7225/4157
f 814/861/814 2510/7162/2510 2594/6429/2594
f 1478/1984/1478 3695/7173/3695 1840/1985/1840
f 3510/4094/3510 3509/4093/3509 4300/5326/4300
f 1591/1698/1591 2512/2783/2512 858/2782/858
f 284/293/284 3714/4379/3714 2931/4381/2931
f 4151/5060/4151 4528/5833/4528 4569/5943/4569
f 1654/6734/1654 4839/6736/4839 4877/6858/4877
f 1654/6734/1654 4877/6858/4877 4712/7226/4712
f 931/7227/931 757/7228/757 2602/7229/2602
f 1781/1917/1781 1780/1916/1780 1445/1545/1445
f 2959/3370/2959 4781/6544/4781 3363/3901/3363
f 2763/3095/2763 4955/7230/4955 2517/2790/2517
f 2447/2703/2447 2446/2702/2446 4888/6892/4888
f 2036/2207/2036 2447/2703/2447 4888/6892/4888
f 4751/6460/4751 1645/1761/1645 38/46/38
f 4773/7231/4773 2603/4689/2603 871/7232/871
f 452/467/452 451/466/451 1807/1945/1807
f 4736/7233/4736 4065/7234/4065 2470/7235/2470
f 406/417/406 3002/7236/3002 407/418/407
f 4547/7207/4547 3969/7237/3969 4956/7238/4956
f 4952/7208/4952 4547/7207/4547 4956/7238/4956
f 682/713/682 4849/7239/4849 683/714/683
f 4838/6733/4838 4810/7240/4810 2438/2685/2438
f 4838/6733/4838 2438/2685/2438 4210/5161/4210
f 2986/3406/2986 4113/5004/4113 1592/6039/1592
f 2877/3258/2877 2878/3259/2878 4660/6171/4660
f 2136/2328/2136 2138/2330/2138 3797/6968/3797
f 170/177/170 4686/6252/4686 1821/1961/1821
f 1560/1665/1560 1727/1855/1727 1561/1666/1561
f 2438/2685/2438 2437/2684/2437 4065/5162/4065
f 2610/2899/2610 4583/7241/4583 2491/7242/2491
f 962/1020/962 3483/4060/3483 2643/2942/2643
f 962/1020/962 2643/2942/2643 3313/3826/3313
f 293/302/293 292/301/292 3310/3823/3310
f 3109/3563/3109 559/579/559 561/581/561
f 4634/6086/4634 4573/5952/4573 517/535/517
f 4634/6086/4634 517/535/517 1922/2075/1922
f 2707/3025/2707 2740/3101/2740 3089/6390/3089
f 4342/5406/4342 4617/6046/4617 2498/5307/2498
f 4705/6306/4705 4704/6305/4704 2828/3185/2828
f 921/975/921 4241/6603/4241 1583/1689/1583
f 4638/6109/4638 1299/1391/1299 2639/6561/2639
f 3957/7243/3957 3447/7244/3447 242/1824/242
f 159/166/159 3729/4399/3729 2485/2747/2485
f 164/171/164 807/5685/807 4336/5390/4336
f 165/172/165 164/171/164 4336/5390/4336
f 2335/2568/2335 3357/3894/3357 2702/3896/2702
f 168/7245/168 167/7246/167 194/7247/194
f 2641/2939/2641 3152/3617/3152 2339/2572/2339
f 399/410/399 3476/6021/3476 4937/7128/4937
f 4467/5681/4467 3758/4784/3758 3984/4786/3984
f 1858/2004/1858 3421/6879/3421 421/432/421
f 2806/3152/2806 3938/4706/3938 3074/3514/3074
f 1970/2130/1970 614/638/614 2373/2608/2373
f 3612/4241/3612 1857/2003/1857 3402/3957/3402
f 324/333/324 351/4356/351 322/331/322
f 88/95/88 194/202/194 89/96/89
f 4252/5233/4252 1681/1801/1681 1684/1804/1684
f 2011/2180/2011 2010/2179/2010 2837/3199/2837
f 1956/5656/1956 4217/5172/4217 3924/6019/3924
f 4776/6527/4776 4308/5343/4308 3186/7248/3186
f 4776/6527/4776 3186/7248/3186 662/7249/662
f 1330/1425/1330 3690/7250/3690 2515/2788/2515
f 1556/1661/1556 564/6081/564 2155/2350/2155
f 1556/1661/1556 2155/2350/2155 1557/1662/1557
f 4617/6046/4617 4341/5405/4341 3280/3783/3280
f 877/930/877 3406/3961/3406 3405/3960/3405
f 1351/1447/1351 3806/4510/3806 1366/1463/1366
f 1125/1196/1125 1351/1447/1351 1366/1463/1366
f 4656/6157/4656 4036/4867/4036 641/666/641
f 4656/6157/4656 641/666/641 787/829/787
f 4390/5529/4390 4858/6789/4858 485/502/485
f 709/743/709 3924/6012/3924 3524/7251/3524
f 1344/1439/1344 1343/1438/1343 3419/3976/3419
f 268/277/268 3509/4093/3509 3511/4095/3511
f 266/275/266 268/277/268 3511/4095/3511
f 2754/4219/2754 4291/5310/4291 1156/1231/1156
f 3582/4197/3582 3581/4196/3581 3097/3547/3097
f 4957/7252/4957 3423/7253/3423 3243/7254/3243
f 1321/7255/1321 4957/7252/4957 3243/7254/3243
f 2565/3402/2565 1988/2151/1988 2310/2540/2310
f 3465/4037/3465 3756/4433/3756 128/135/128
f 2311/2541/2311 1317/1412/1317 2312/2542/2312
f 1503/7256/1503 3836/4559/3836 4825/7257/4825
f 1504/7258/1504 1503/7259/1503 4825/7260/4825
f 4494/5891/4494 2959/5890/2959 4430/6636/4430
f 4494/5891/4494 4430/6636/4430 2684/3234/2684
f 3770/6922/3770 3914/7261/3914 902/956/902
f 3291/7262/3291 3290/7263/3290 3504/6439/3504
f 3558/4172/3558 1204/7047/1204 4120/5016/4120
f 1454/1554/1454 296/305/296 295/304/295
f 2446/5400/2446 4522/5813/4522 4888/7264/4888
f 1463/1563/1463 3732/4404/3732 4351/5426/4351
f 4419/7265/4419 1180/1518/1180 4568/5940/4568
f 4419/7265/4419 4568/5940/4568 4783/6546/4783
f 1408/7266/1408 2152/7267/2152 3972/4764/3972
f 2925/3324/2925 1295/3991/1295 4939/7134/4939
f 2603/4689/2603 163/4688/163 871/7232/871
f 2126/2318/2126 1925/2080/1925 1927/2082/1927
f 306/315/306 305/314/305 852/901/852
f 2709/3028/2709 1257/1345/1257 1256/1344/1256
f 3185/7028/3185 2127/2319/2127 426/7268/426
f 3949/4724/3949 3928/4685/3928 3834/4556/3834
f 4024/7269/4024 3374/3913/3374 531/6814/531
f 206/215/206 205/214/205 909/7270/909
f 3353/4144/3353 2351/2586/2351 3547/4145/3547
f 1760/1895/1760 1120/1191/1120 4958/7271/4958
f 4188/6387/4188 3011/3438/3011 3013/3440/3013
f 4188/6387/4188 3013/3440/3013 1807/5408/1807
f 2355/4615/2355 2354/6913/2354 3880/4612/3880
f 4707/6308/4707 2543/2819/2543 1364/6358/1364
f 3246/3740/3246 843/891/843 2625/7272/2625
f 3688/4346/3688 1330/5933/1330 637/662/637
f 4107/4995/4107 2741/3073/2741 3869/4597/3869
f 10/13/10 4107/4995/4107 3869/4597/3869
f 4024/7269/4024 4687/6253/4687 3375/3914/3375
f 4024/7269/4024 3375/3914/3375 3374/3913/3374
f 2115/7273/2115 4207/7274/4207 367/7275/367
f 4095/6048/4095 3271/3771/3271 3270/3770/3270
f 4044/7018/4044 4959/7276/4959 2597/2886/2597
f 4044/7018/4044 2597/2886/2597 2992/3414/2992
f 3477/4054/3477 3478/4055/3478 4748/6445/4748
f 3415/3971/3415 2592/2881/2592 3156/3622/3156
f 4609/6034/4609 3481/4058/3481 3480/4057/3480
f 3105/3556/3105 4609/6034/4609 3480/4057/3480
f 2241/7277/2241 2243/7278/2243 3124/7088/3124
f 3678/4329/3678 2241/7277/2241 3124/7088/3124
f 3393/3944/3393 4960/7279/4960 4847/6754/4847
f 3472/4046/3472 3148/3611/3148 3147/3610/3147
f 234/243/234 4959/7280/4959 2955/3365/2955
f 513/530/513 515/532/515 4079/7281/4079
f 2317/2548/2317 2464/7282/2464 173/180/173
f 2370/2605/2370 2449/2705/2449 3970/4756/3970
f 3669/4317/3669 1353/1450/1353 1240/1327/1240
f 644/669/644 3059/3493/3059 2196/3727/2196
f 642/667/642 2082/7283/2082 643/668/643
f 4081/5354/4081 803/850/803 4520/7284/4520
f 175/182/175 4961/7285/4961 176/183/176
f 3124/3582/3124 2243/7286/2243 638/663/638
f 1300/1392/1300 3500/4084/3500 1301/1393/1301
f 4727/6385/4727 3236/5857/3236 4962/7287/4962
f 386/397/386 385/396/385 313/322/313
f 374/7288/374 4559/5921/4559 3915/6762/3915
f 503/520/503 2077/2256/2077 4182/5115/4182
f 3890/7289/3890 1740/1870/1740 1739/1869/1739
f 4602/6015/4602 4851/6774/4851 4170/5097/4170
f 3771/4454/3771 190/6301/190 189/4455/189
f 3718/4385/3718 3720/4387/3720 3067/3506/3067
f 1700/7290/1700 4805/6611/4805 4406/6938/4406
f 4268/6204/4268 4735/6409/4735 4924/7075/4924
f 3470/4044/3470 4905/6961/4905 4505/5776/4505
f 4712/7226/4712 4877/6858/4877 1122/1193/1122
f 4010/4830/4010 3057/3491/3057 3716/4383/3716
f 879/932/879 2245/2458/2245 3406/3961/3406
f 4522/5813/4522 3904/4650/3904 3906/4652/3906
f 3505/4089/3505 2834/7291/2834 1216/7292/1216
f 3505/4089/3505 1216/7292/1216 2268/4311/2268
f 3290/3798/3290 3929/5594/3929 2835/3197/2835
f 3783/4476/3783 4655/6149/4655 3951/4726/3951
f 4752/7293/4752 2043/2214/2043 4753/7294/4753
f 3889/5572/3889 2350/2585/2350 2352/2587/2352
f 2074/2252/2074 3689/4347/3689 3688/4346/3688
f 63/70/63 4521/5812/4521 68/75/68
f 3381/3922/3381 3992/4801/3992 239/3923/239
f 3948/7295/3948 1482/1582/1482 2295/2522/2295
f 4409/5543/4409 1234/1321/1234 1236/1323/1236
f 3269/3768/3269 3012/3439/3012 3975/6150/3975
f 4013/4832/4013 4012/4831/4012 4565/5934/4565
f 4437/5593/4437 4963/7296/4963 4512/7297/4512
f 4343/6981/4343 261/270/261 260/269/260
f 2033/2204/2033 1504/1605/1504 2034/2205/2034
f 902/956/902 1349/7298/1349 4684/6247/4684
f 3995/7299/3995 3996/7300/3996 3772/7301/3772
f 4311/5349/4311 3995/7302/3995 3772/7303/3772
f 2755/3087/2755 4597/6001/4597 2756/3088/2756
f 491/508/491 493/510/493 3570/5688/3570
f 1598/6812/1598 2536/2811/2536 1599/2813/1599
f 1466/6608/1466 620/644/620 4431/5581/4431
f 2700/7304/2700 4494/5891/4494 2860/3233/2860
f 505/522/505 504/521/504 3547/7305/3547
f 4937/7128/4937 3146/3608/3146 2179/2379/2179
f 80/5109/80 3805/4509/3805 81/4744/81
f 2169/2368/2169 2168/2367/2168 1808/1948/1808
f 1546/7306/1546 1545/2711/1545 2456/2713/2456
f 1546/7306/1546 2456/2713/2456 4691/7307/4691
f 3723/4392/3723 623/647/623 1627/1738/1627
f 1429/1529/1429 1428/1528/1428 2758/3090/2758
f 1752/1884/1752 1269/1360/1269 85/92/85
f 4116/5425/4116 2215/7308/2215 1092/1163/1092
f 3676/4327/3676 2653/2955/2653 1769/6014/1769
f 4845/7045/4845 2385/2623/2385 2387/2625/2387
f 4091/4968/4091 1532/1636/1532 1534/1638/1534
f 2383/5219/2383 4359/5444/4359 2384/5859/2384
f 545/565/545 544/564/544 4368/6331/4368
f 548/568/548 4683/6246/4683 549/569/549
f 2464/2724/2464 2913/4794/2913 2465/2725/2465
f 4741/6420/4741 4906/7309/4906 2942/7310/2942
f 1998/2162/1998 1296/7311/1296 1702/2163/1702
f 2067/2242/2067 2556/2838/2556 1345/1440/1345
f 1229/1315/1229 2080/2259/2080 2413/7312/2413
f 3173/3643/3173 3134/3594/3134 3133/3593/3133
f 2397/2637/2397 3713/4378/3713 208/217/208
f 1796/6359/1796 2533/2808/2533 2676/2988/2676
f 3200/3680/3200 3202/3682/3202 3393/3944/3393
f 2626/2922/2626 3711/4376/3711 2553/2835/2553
f 4922/7071/4922 732/768/732 1142/1214/1142
f 4487/5730/4487 4642/6117/4642 4441/5606/4441
f 2166/2363/2166 2703/7313/2703 4907/7314/4907
f 138/145/138 4742/6422/4742 3274/3775/3274
f 3537/4133/3537 4055/4903/4055 3538/4134/3538
f 2606/2895/2606 2605/2894/2605 4755/7315/4755
f 2606/7316/2606 4755/6479/4755 4833/6720/4833
f 3288/3796/3288 3015/6947/3015 3289/3797/3289
f 4335/7317/4335 3396/3949/3396 4870/7318/4870
f 4353/5430/4353 3461/7319/3461 1902/2054/1902
f 255/7320/255 4256/5239/4256 769/7321/769
f 4315/5355/4315 488/505/488 4713/6329/4713
f 4302/5332/4302 960/1018/960 4303/5333/4303
f 4585/5973/4585 1200/7322/1200 4586/5974/4586
f 1492/1593/1492 3804/4508/3804 4746/6435/4746
f 2046/2217/2046 1264/1352/1264 3563/4177/3563
f 4856/6786/4856 1539/1643/1539 1541/1645/1541
f 4650/6139/4650 2977/3392/2977 4877/6858/4877
f 3836/4559/3836 3835/4558/3835 4393/5519/4393
f 4825/7257/4825 3836/4559/3836 4393/5519/4393
f 1290/1381/1290 198/1264/198 1184/1266/1184
f 4410/5546/4410 1215/1301/1215 1252/1340/1252
f 3521/4112/3521 2591/2880/2591 2590/2879/2590
f 2919/3318/2919 3225/3713/3225 4455/5641/4455
f 2327/2559/2327 834/6821/834 2325/2557/2325
f 4675/6227/4675 2728/3055/2728 1280/1371/1280
f 2616/7323/2616 2615/4772/2615 3035/5015/3035
f 738/774/738 4964/7324/4964 797/5817/797
f 4747/7325/4747 3060/6294/3060 4618/7326/4618
f 266/275/266 434/446/434 267/276/267
f 3935/7327/3935 2843/7328/2843 2855/7329/2855
f 4328/5379/4328 3935/7330/3935 2855/7331/2855
f 84/91/84 3110/3564/3110 3674/4325/3674
f 4240/7332/4240 2922/3321/2922 4241/6603/4241
f 867/918/867 744/780/744 983/1042/983
f 2524/2799/2524 4097/4978/4097 536/554/536
f 4044/7333/4044 2956/7334/2956 4959/7335/4959
f 3531/5073/3531 3598/4218/3598 3597/4217/3597
f 4965/7336/4965 3531/5073/3531 3597/4217/3597
f 1066/7337/1066 4670/6210/4670 1509/1612/1509
f 4840/7338/4840 3021/3449/3021 3020/3448/3020
f 1076/1145/1076 3211/3693/3211 609/5864/609
f 3411/4167/3411 2098/7339/2098 178/185/178
f 693/724/693 2412/2655/2412 694/725/694
f 1522/1625/1522 801/848/801 800/847/800
f 882/935/882 826/873/826 2460/2718/2460
f 699/732/699 698/731/698 551/7340/551
f 699/4875/699 551/571/551 550/570/550
f 2465/2725/2465 4123/5021/4123 3195/3672/3195
f 4389/7341/4389 4531/5838/4531 4530/5837/4530
f 2238/2450/2238 2440/2688/2440 4849/6765/4849
f 4325/6738/4325 2041/2212/2041 4772/6517/4772
f 2016/7342/2016 3757/4434/3757 2184/2384/2184
f 4964/7324/4964 675/3013/675 604/625/604
f 3679/4330/3679 3048/3479/3048 3051/3482/3051
f 4437/6103/4437 1603/6105/1603 3905/7343/3905
f 3904/4650/3904 4437/7344/4437 3905/4651/3905
f 4517/5804/4517 4441/5606/4441 4221/5179/4221
f 3902/7345/3902 2793/5197/2793 4231/5198/4231
f 728/764/728 727/763/727 4432/7346/4432
f 66/73/66 3173/3643/3173 4593/5991/4593
f 66/73/66 4593/5991/4593 1288/1379/1288
f 4652/6142/4652 4622/6056/4622 2451/2707/2451
f 4653/6143/4653 4652/6142/4652 2451/2707/2451
f 735/771/735 2007/7347/2007 736/772/736
f 1810/1950/1810 1812/1952/1812 4439/5598/4439
f 1953/7348/1953 3718/4385/3718 2121/2312/2121
f 3012/3439/3012 4917/7056/4917 3975/6150/3975
f 1968/2128/1968 1397/1494/1397 4935/7349/4935
f 3260/3756/3260 3262/3758/3262 2274/2494/2274
f 1228/2493/1228 3260/3756/3260 2274/2494/2274
f 2707/3025/2707 3320/3836/3320 2708/3026/2708
f 2864/3241/2864 3418/3975/3418 2277/2498/2277
f 4915/7350/4915 4966/7351/4966 4894/7352/4894
f 3201/3681/3201 400/411/400 402/413/402
f 3201/3681/3201 402/413/402 3202/3682/3202
f 1282/1373/1282 3076/3516/3076 1283/1374/1283
f 2704/5879/2704 2229/7353/2229 3982/4783/3982
f 3858/7354/3858 4071/5889/4071 4494/5891/4494
f 2983/3403/2983 1963/2123/1963 1962/2122/1962
f 416/427/416 1533/1637/1533 779/820/779
f 1265/1353/1265 3734/4406/3734 1971/6903/1971
f 1408/1505/1408 198/1264/198 1290/1381/1290
f 4753/6465/4753 726/762/726 729/765/729
f 1762/1898/1762 4753/6465/4753 729/765/729
f 143/150/143 1391/1488/1391 4740/6418/4740
f 3579/7355/3579 1111/1182/1111 3580/7356/3580
f 918/972/918 917/971/917 862/911/862
f 918/972/918 862/911/862 1587/1693/1587
f 1769/6014/1769 2653/2955/2653 1894/6431/1894
f 4567/5939/4567 4783/6546/4783 4568/5940/4568
f 2539/2815/2539 2582/2870/2582 92/99/92
f 4684/6954/4684 3273/3774/3273 3432/3995/3432
f 903/7357/903 4684/6954/4684 3432/3995/3432
f 2884/3268/2884 4967/7358/4967 4093/4970/4093
f 937/991/937 939/993/939 502/998/502
f 716/750/716 937/991/937 502/998/502
f 527/5448/527 4895/6930/4895 3072/4603/3072
f 1968/2128/1968 3158/3624/3158 1969/2129/1969
f 4753/6465/4753 2043/7359/2043 4467/5681/4467
f 2324/2556/2324 632/656/632 2607/2896/2607
f 1826/1966/1826 2059/2233/2059 2061/2235/2061
f 1826/1966/1826 2061/2235/2061 3684/7360/3684
f 1012/6119/1012 1907/2059/1907 4966/7361/4966
f 1012/6119/1012 4966/7361/4966 4915/7362/4915
f 811/7363/811 619/3193/619 4030/4857/4030
f 811/7363/811 4030/4857/4030 4284/5301/4284
f 4910/7002/4910 4703/6303/4703 4705/6306/4705
f 523/541/523 3961/5742/3961 524/542/524
f 1289/1380/1289 1291/1382/1291 661/691/661
f 2811/3160/2811 4659/6169/4659 3895/5999/3895
f 690/721/690 3934/4698/3934 691/722/691
f 3043/5251/3043 2195/2396/2195 4263/5252/4263
f 317/326/317 3657/4300/3657 4208/7364/4208
f 282/291/282 113/120/113 3412/3968/3412
f 3413/6363/3413 2949/3946/2949 3394/3945/3394
f 3947/4717/3947 2747/3079/2747 118/125/118
f 3478/4055/3478 3631/6837/3631 4748/6445/4748
f 3221/3708/3221 1162/1239/1162 1261/1349/1261
f 2711/3031/2711 3460/4031/3460 4423/5571/4423
f 3315/5695/3315 3708/4371/3708 3707/4370/3707
f 274/4692/274 3930/4694/3930 4968/7365/4968
f 389/7366/389 1326/7367/1326 459/7368/459
f 3925/4682/3925 4865/6819/4865 3524/4116/3524
f 123/130/123 870/7369/870 124/131/124
f 1649/1765/1649 3927/4684/3927 2083/2264/2083
f 1901/2053/1901 1649/1765/1649 2083/2264/2083
f 1857/2003/1857 748/4240/748 1726/7370/1726
f 4870/7318/4870 3396/3949/3396 496/513/496
f 1728/1856/1728 905/5673/905 4464/5672/4464
f 518/536/518 3507/4091/3507 4351/5426/4351
f 519/537/519 518/536/518 4351/5426/4351
f 1916/5963/1916 4114/5006/4114 461/5005/461
f 2030/2201/2030 1818/1958/1818 3812/4518/3812
f 2030/2201/2030 3812/4518/3812 3778/4468/3778
f 1511/1614/1511 4910/7002/4910 3850/4575/3850
f 3606/6126/3606 1195/7371/1195 2785/3124/2785
f 2719/3039/2719 2715/7372/2715 2720/3040/2720
f 2921/3320/2921 885/939/885 1583/1689/1583
f 1282/7373/1282 1470/5247/1470 3076/6566/3076
f 3848/4573/3848 850/898/850 3614/4244/3614
f 4370/5472/4370 4792/6575/4792 2151/2345/2151
f 2917/3314/2917 2795/4923/2795 2886/3272/2886
f 3964/4748/3964 3963/4747/3963 1101/1172/1101
f 1818/1958/1818 2675/2987/2675 2674/2986/2674
f 1818/1958/1818 2674/2986/2674 3812/4518/3812
f 1281/3252/1281 2729/7374/2729 1933/6152/1933
f 2101/2283/2101 117/124/117 695/726/695
f 146/6577/146 1109/1180/1109 3579/7355/3579
f 3298/3807/3298 549/569/549 3638/4273/3638
f 629/653/629 1946/2105/1946 1087/2107/1087
f 3145/3607/3145 1103/1174/1103 4969/7375/4969
f 1435/7376/1435 1811/5917/1811 3546/4142/3546
f 1721/1847/1721 4199/5139/4199 4629/6071/4629
f 1129/7377/1129 4257/6211/4257 4777/6528/4777
f 3607/4231/3607 3674/4325/3674 3608/4232/3608
f 882/935/882 2459/2717/2459 708/7378/708
f 710/936/710 882/935/882 708/7378/708
f 1653/1769/1653 1655/1771/1655 3539/4135/3539
f 2017/2186/2017 2016/2185/2016 4059/7145/4059
f 4283/5299/4283 2044/2215/2044 4008/4825/4008
f 2060/6526/2060 2260/2476/2260 3947/4717/3947
f 949/3368/949 948/6979/948 1596/1703/1596
f 513/530/513 4079/7281/4079 1967/2127/1967
f 184/191/184 2996/3421/2996 2995/3420/2995
f 961/1019/961 184/191/184 2995/3420/2995
f 2394/2632/2394 587/5662/587 3197/3674/3197
f 1008/1069/1008 472/4102/472 3335/7171/3335
f 682/713/682 1680/1800/1680 4849/7239/4849
f 3569/4184/3569 1954/2114/1954 1956/2116/1956
f 3412/7379/3412 3411/4167/3411 2262/4987/2262
f 970/1029/970 969/1028/969 2521/2796/2521
f 593/614/593 4591/5987/4591 4276/5711/4276
f 4501/5762/4501 1118/7380/1118 830/877/830
f 2119/2309/2119 3883/4620/3883 388/2310/388
f 13/16/13 1827/1967/1827 579/633/579
f 2847/7381/2847 3517/4108/3517 4668/7382/4668
f 3022/3450/3022 4061/7383/4061 4062/7384/4062
f 4121/5019/4121 4580/5967/4580 3949/4724/3949
f 4121/5019/4121 3949/4724/3949 3833/4555/3833
f 3494/4075/3494 188/195/188 190/197/190
f 4119/5850/4119 4900/7385/4900 2423/2667/2423
f 2432/2679/2432 680/711/680 3283/7386/3283
f 3511/4095/3511 4957/7252/4957 266/275/266
f 694/725/694 2412/2655/2412 2550/2832/2550
f 1022/7210/1022 1023/1634/1023 1530/1633/1530
f 2025/2195/2025 3220/7387/3220 1439/1539/1439
f 1783/5328/1783 1782/7388/1782 4297/5320/4297
f 4453/5638/4453 3903/7389/3903 3285/6571/3285
f 2474/2735/2474 4453/5638/4453 3285/6571/3285
f 1025/1086/1025 697/730/697 3743/4416/3743
f 3493/4074/3493 3327/3850/3327 2204/3849/2204
f 1699/1823/1699 3957/7243/3957 242/1824/242
f 4443/5608/4443 4386/7077/4386 1607/1716/1607
f 4687/6253/4687 4443/5608/4443 1607/1716/1607
f 705/739/705 3908/7390/3908 706/740/706
f 2256/2472/2256 912/966/912 911/965/911
f 4012/4829/4012 4862/6802/4862 3239/7391/3239
f 2631/4855/2631 4028/4854/4028 2509/7392/2509
f 2631/5393/2631 2509/2776/2509 3431/3994/3431
f 4716/6674/4716 4174/5102/4174 1657/1773/1657
f 1793/1931/1793 2170/2370/2170 334/2369/334
f 4890/6909/4890 2257/2473/2257 4891/6910/4891
f 1553/1657/1553 2953/3363/2953 1788/1924/1788
f 1013/1074/1013 1015/1076/1015 1039/1103/1039
f 2671/7393/2671 2391/7394/2391 4970/7395/4970
f 3114/3571/3114 4261/5249/4261 3115/3572/3115
f 364/375/364 2581/2869/2581 365/376/365
f 3661/4305/3661 3047/3478/3047 3662/4306/3662
f 1213/7051/1213 4626/6064/4626 2416/2659/2416
f 240/249/240 230/239/230 4445/6239/4445
f 1715/1841/1715 3700/4362/3700 3699/4361/3699
f 1715/1841/1715 3699/4361/3699 4971/7396/4971
f 3728/4398/3728 3729/4399/3729 3444/4012/3444
f 3842/4565/3842 3841/4564/3841 3873/4800/3873
f 1093/1164/1093 1095/1166/1095 4842/7397/4842
f 1907/7398/1907 4678/7399/4678 4966/7400/4966
f 4617/6046/4617 2724/7209/2724 1703/1829/1703
f 3217/4524/3217 3117/3574/3117 4947/7184/4947
f 4256/5239/4256 2544/2825/2544 2538/2824/2538
f 3666/4313/3666 2265/2483/2265 2264/2482/2264
f 3507/4091/3507 518/536/518 3701/4364/3701
f 2508/6927/2508 2507/3179/2507 2824/3181/2824
f 3065/3503/3065 4946/7179/4946 3066/3504/3066
f 2391/7394/2391 4373/5478/4373 4425/5574/4425
f 2391/7394/2391 4425/5574/4425 4970/7395/4970
f 629/653/629 628/652/628 1946/2105/1946
f 3574/4189/3574 4897/6937/4897 2905/3298/2905
f 894/3613/894 692/723/692 895/7401/895
f 3156/3622/3156 2570/2857/2570 2572/2859/2572
f 3156/3622/3156 2572/2859/2572 4069/7402/4069
f 146/153/146 3579/7403/3579 147/154/147
f 2564/2849/2564 3007/3434/3007 3932/6084/3932
f 2564/5846/2564 3932/4696/3932 3934/4698/3934
f 4606/6026/4606 3701/4364/3701 4314/7404/4314
f 4606/6026/4606 4314/7404/4314 1516/1619/1516
f 2080/2259/2080 2175/2375/2175 2414/7405/2414
f 2413/7312/2413 2080/2259/2080 2414/7405/2414
f 4420/5567/4420 3606/6126/3606 2785/3124/2785
f 4139/5043/4139 4796/6588/4796 4578/7406/4578
f 4139/5043/4139 4578/7406/4578 4140/5044/4140
f 581/7407/581 583/7408/583 3919/4670/3919
f 3827/7409/3827 4498/5758/4498 3864/4591/3864
f 3827/7409/3827 3864/4591/3864 3825/7410/3825
f 99/106/99 1634/1748/1634 100/107/100
f 3231/3720/3231 1139/5636/1139 2884/3268/2884
f 3872/4604/3872 4887/6887/4887 4854/6780/4854
f 4879/6864/4879 2000/2165/2000 3916/4666/3916
f 1776/1912/1776 3852/4577/3852 3851/4576/3851
f 2344/7030/2344 1760/1895/1760 4841/6740/4841
f 2272/6749/2272 4031/4858/4031 4032/4859/4032
f 2270/2489/2270 2272/2491/2272 4032/7411/4032
f 3551/4158/3551 3552/4159/3552 3583/7412/3583
f 3551/4158/3551 3583/7412/3583 1912/2064/1912
f 1738/1868/1738 1558/1663/1558 2691/7413/2691
f 4745/6433/4745 3664/4309/3664 3245/6281/3245
f 4949/7194/4949 3554/4163/3554 574/4162/574
f 4512/7297/4512 4963/7296/4963 3573/4188/3573
f 1403/1500/1403 1483/1583/1483 683/7414/683
f 3100/3550/3100 3582/4197/3582 3097/3547/3097
f 535/556/535 538/558/538 3838/4561/3838
f 4459/5655/4459 2944/3349/2944 3356/3893/3356
f 3569/7415/3569 4459/5655/4459 3356/3893/3356
f 2252/3242/2252 3820/7416/3820 2253/7417/2253
f 580/601/580 4195/5134/4195 1292/6693/1292
f 1139/1210/1139 1138/1209/1138 991/5285/991
f 3811/4517/3811 947/1005/947 946/1004/946
f 2588/2877/2588 4115/5007/4115 4114/5006/4114
f 1872/2018/1872 3316/3829/3316 1873/2019/1873
f 424/736/424 702/735/702 132/139/132
f 395/406/395 394/405/394 3052/3485/3052
f 4805/6611/4805 1700/7290/1700 4806/6612/4806
f 849/6196/849 3784/4477/3784 1194/1276/1194
f 211/220/211 803/850/803 656/684/656
f 211/220/211 656/684/656 655/683/655
f 4392/5516/4392 4581/5968/4581 3788/5517/3788
f 3142/6016/3142 4167/5090/4167 4603/6017/4603
f 3892/4632/3892 2720/4721/2720 3893/4633/3893
f 2228/2440/2228 2841/3203/2841 3454/4024/3454
f 1888/2036/1888 2065/2239/2065 1826/1966/1826
f 4726/7418/4726 645/670/645 3275/3776/3275
f 2985/7419/2985 2793/3132/2793 3902/7420/3902
f 918/972/918 1587/1693/1587 3655/4298/3655
f 1747/5474/1747 1746/2828/1746 2116/2306/2116
f 797/5817/797 463/480/463 465/482/465
f 1233/1320/1233 1232/1319/1232 3537/6848/3537
f 3618/4250/3618 3060/6294/3060 4747/7325/4747
f 3339/3870/3339 1247/4704/1247 3337/3868/3337
f 3989/4795/3989 4775/6525/4775 4760/6627/4760
f 1124/1195/1124 1351/1447/1351 1125/1196/1125
f 4810/6649/4810 2355/4615/2355 2436/4614/2436
f 1458/7421/1458 3096/3543/3096 712/7422/712
f 617/641/617 619/643/619 810/857/810
f 3747/4420/3747 617/641/617 810/857/810
f 3579/7355/3579 1109/1180/1109 1111/1182/1111
f 3069/3508/3069 4440/6763/4440 3070/3509/3070
f 1191/1273/1191 324/333/324 1749/2515/1749
f 4902/6952/4902 4750/6450/4750 2213/2418/2213
f 1860/2006/1860 725/761/725 3489/4069/3489
f 1860/2006/1860 3489/4069/3489 19/22/19
f 2108/2296/2108 2902/3294/2902 1999/7423/1999
f 379/390/379 2326/2558/2326 3499/4083/3499
f 2323/2555/2323 632/656/632 2324/2556/2324
f 4370/5472/4370 2151/2345/2151 978/1037/978
f 688/4291/688 1136/1207/1136 1135/1206/1135
f 3783/4476/3783 4117/6147/4117 4655/6149/4655
f 2697/3011/2697 4964/7324/4964 738/774/738
f 748/784/748 527/7424/527 526/785/526
f 902/956/902 3914/7261/3914 1349/7298/1349
f 2840/7425/2840 2967/6078/2967 3405/3960/3405
f 2718/3038/2718 2087/2269/2087 2719/3039/2719
f 1306/1398/1306 4270/5265/4270 4869/6833/4869
f 3710/4373/3710 1213/7051/1213 2416/2659/2416
f 604/625/604 463/480/463 4964/7324/4964
f 2331/2564/2331 1249/1337/1249 1406/1503/1406
f 1140/6829/1140 4365/5460/4365 3308/3821/3308
f 1158/6811/1158 2536/2811/2536 1598/6812/1598
f 3860/4585/3860 1656/4521/1656 3814/4520/3814
f 958/6482/958 3443/4010/3443 4284/5301/4284
f 1138/1209/1138 570/590/570 3416/5284/3416
f 3861/4586/3861 2363/5501/2363 1848/5358/1848
f 4069/7426/4069 1850/1996/1850 4070/7042/4070
f 123/7427/123 125/3173/125 4701/6296/4701
f 659/689/659 2006/2175/2006 660/690/660
f 1501/7428/1501 1638/7429/1638 4101/4984/4101
f 4883/6882/4883 1661/1778/1661 1664/1781/1664
f 1690/1812/1690 3995/7302/3995 1691/1813/1691
f 1304/7430/1304 3683/7431/3683 2749/7432/2749
f 2380/2618/2380 946/1004/946 718/754/718
f 1512/6298/1512 686/717/686 2620/5793/2620
f 4498/5758/4498 3827/7409/3827 3698/7433/3698
f 2008/6985/2008 3198/3677/3198 3380/3921/3380
f 2521/7434/2521 969/1088/969 1026/1087/1026
f 4891/6910/4891 3807/7435/3807 4829/7436/4829
f 4367/5465/4367 2222/2430/2222 4905/6961/4905
f 1659/1775/1659 2898/3289/2898 3162/3628/3162
f 1292/1383/1292 695/727/695 828/1384/828
f 1257/1345/1257 2709/3028/2709 4551/5897/4551
f 11/14/11 4552/5901/4552 968/1027/968
f 4731/6403/4731 2849/3213/2849 3349/3884/3349
f 4142/5049/4142 2611/2901/2611 2613/2903/2613
f 796/7437/796 4190/7438/4190 4183/5117/4183
f 1535/1639/1535 3841/4564/3841 3840/4563/3840
f 577/5068/577 3133/7439/3133 4156/5069/4156
f 2821/3175/2821 4485/6254/4485 4487/7440/4487
f 3799/4502/3799 3005/3432/3005 4717/6343/4717
f 4930/7103/4930 1809/1983/1809 148/1224/148
f 2730/3057/2730 1432/1532/1432 3181/3654/3181
f 2381/5042/2381 2461/7441/2461 1514/1617/1514
f 1375/1472/1375 1374/1471/1374 3064/6258/3064
f 4702/6302/4702 4569/5943/4569 4528/5833/4528
f 1912/2064/1912 1911/2063/1911 1544/1648/1544
f 3205/7442/3205 1883/2031/1883 3387/3934/3387
f 3206/3933/3206 3205/7442/3205 3387/3934/3387
f 2018/2187/2018 736/2189/736 4903/6955/4903
f 4450/5631/4450 4788/6559/4788 1203/3544/1203
f 3389/7443/3389 2548/2830/2548 2547/2829/2547
f 1860/2006/1860 19/22/19 18/21/18
f 1976/2740/1976 4613/6041/4613 3785/7444/3785
f 4912/7445/4912 1355/2485/1355 2266/2484/2266
f 2289/2516/2289 2710/6568/2710 2209/2413/2209
f 3796/4498/3796 4483/5724/4483 1088/4496/1088
f 2854/6337/2854 2258/6339/2258 3318/3831/3318
f 2500/2763/2500 3660/4303/3660 2501/2764/2501
f 1248/1336/1248 3339/6975/3339 3279/3782/3279
f 3829/4550/3829 3913/4661/3913 744/780/744
f 3729/4399/3729 3445/4013/3445 3444/4012/3444
f 3781/4472/3781 4462/5665/4462 4972/7446/4972
f 4797/6590/4797 3781/4472/3781 4972/7446/4972
f 4328/5379/4328 4236/5378/4236 3935/7330/3935
f 4372/5476/4372 2229/7353/2229 3454/6208/3454
f 4329/7447/4329 4901/6951/4901 4902/6952/4902
f 4850/7448/4850 4285/5302/4285 4881/6880/4881
f 1219/7449/1219 1221/4391/1221 1588/7450/1588
f 3997/4807/3997 1164/2220/1164 1434/7451/1434
f 1625/1736/1625 1624/1735/1624 257/7452/257
f 2938/3343/2938 2940/3345/2940 1862/5982/1862
f 4799/6593/4799 4973/7453/4973 4294/7454/4294
f 1356/7455/1356 4974/7456/4974 547/7457/547
f 1605/1714/1605 1604/1713/1604 4087/4964/4087
f 1482/1582/1482 1481/1581/1481 2295/2522/2295
f 3047/3478/3047 3859/4584/3859 3662/4306/3662
f 3941/4894/3941 3483/4060/3483 4322/5369/4322
f 1903/2055/1903 896/950/896 1904/2056/1904
f 823/870/823 1164/1241/1164 1163/1240/1163
f 1387/1484/1387 4263/5252/4263 2195/2396/2195
f 1387/1484/1387 2195/2396/2195 1388/1485/1388
f 3943/4713/3943 1539/4528/1539 4671/6221/4671
f 1981/7458/1981 3021/3449/3021 4840/7338/4840
f 4131/6125/4131 3245/6281/3245 3664/4309/3664
f 2371/2606/2371 3977/4773/3977 2372/2607/2372
f 4975/7459/4975 3567/4181/3567 441/453/441
f 4975/7459/4975 441/453/441 2119/2309/2119
f 1706/1832/1706 1708/1834/1708 4262/5250/4262
f 226/235/226 228/237/228 2439/2687/2439
f 4789/6560/4789 4355/6132/4355 1080/1149/1080
f 1458/7421/1458 2244/2461/2244 2247/2460/2247
f 3096/3543/3096 1458/7421/1458 2247/2460/2247
f 1939/2094/1939 2587/2876/2587 4451/7460/4451
f 1939/2094/1939 4451/7460/4451 521/539/521
f 3373/3912/3373 1607/1716/1607 1277/1368/1277
f 3582/4197/3582 147/6993/147 3579/4194/3579
f 3487/4065/3487 3486/4064/3486 1018/1079/1018
f 4175/5104/4175 1590/1697/1590 4475/5708/4475
f 1108/1179/1108 1107/1178/1107 4235/5203/4235
f 4075/4943/4075 4154/5065/4154 3831/4553/3831
f 1893/7461/1893 1424/4533/1424 722/758/722
f 1693/1815/1693 1692/1814/1692 2892/6220/2892
f 877/930/877 879/932/879 3406/3961/3406
f 1832/1975/1832 4009/5727/4009 3875/4607/3875
f 3991/6703/3991 4854/6780/4854 3739/4412/3739
f 4339/5403/4339 2256/4994/2256 1449/1549/1449
f 4282/7462/4282 3900/5692/3900 3899/7463/3899
f 336/345/336 1322/1417/1322 3242/3736/3242
f 4209/7464/4209 2234/2446/2234 2236/2448/2236
f 4209/7464/4209 2236/2448/2236 2232/5278/2232
f 1501/7428/1501 4101/4984/4101 2642/2941/2642
f 1502/2940/1502 1501/7428/1501 2642/2941/2642
f 896/950/896 3458/4028/3458 1904/2056/1904
f 2822/4039/2822 4866/6823/4866 3466/4038/3466
f 653/679/653 652/678/652 486/503/486
f 353/5030/353 936/990/936 3742/4415/3742
f 4615/7465/4615 3069/5600/3069 1697/6700/1697
f 3736/4408/3736 3781/4472/3781 4797/6590/4797
f 4021/4842/4021 927/981/927 1040/6565/1040
f 1544/1648/1544 1543/1647/1543 3551/4158/3551
f 795/7466/795 4733/7467/4733 523/541/523
f 1356/7455/1356 4912/7445/4912 4974/7456/4974
f 1807/1945/1807 1806/1944/1806 4188/5126/4188
f 4060/7468/4060 1348/1443/1348 3914/4662/3914
f 3278/3780/3278 4083/4957/4083 3488/4959/3488
f 2872/7469/2872 1222/1308/1222 1574/7470/1574
f 1328/2911/1328 3500/4084/3500 2028/2199/2028
f 1347/7471/1347 4426/7472/4426 4553/7473/4553
f 1520/1623/1520 1347/7474/1347 4553/5902/4553
f 1557/1662/1557 1285/1376/1285 394/405/394
f 1253/1341/1253 2023/4147/2023 3615/5428/3615
f 1254/1342/1254 1253/1341/1253 3615/5428/3615
f 1868/7475/1868 1867/2823/1867 4290/5309/4290
f 54/61/54 4609/6034/4609 1559/1664/1559
f 824/871/824 3589/4207/3589 4429/5579/4429
f 4976/7476/4976 4737/6414/4737 3977/7477/3977
f 2371/2606/2371 4976/7478/4976 3977/4773/3977
f 3911/4659/3911 3918/4673/3918 3921/4672/3921
f 4615/7465/4615 1810/1950/1810 4439/5598/4439
f 4191/6725/4191 1820/6134/1820 1914/2066/1914
f 3633/4268/3633 1471/6547/1471 4783/6546/4783
f 2126/2318/2126 4879/6864/4879 1925/2080/1925
f 1659/1775/1659 1660/1777/1660 2638/2936/2638
f 191/2961/191 2657/2960/2657 1698/1822/1698
f 390/401/390 4394/7062/4394 3079/3519/3079
f 3977/4773/3977 1123/1194/1123 1686/1806/1686
f 2755/3087/2755 1919/2071/1919 3779/6458/3779
f 4094/4971/4094 1589/1696/1589 4016/4836/4016
f 4030/4857/4030 2164/3195/2164 959/7479/959
f 1354/1451/1354 2749/3081/2749 4566/7480/4566
f 427/438/427 4215/5169/4215 4214/5170/4214
f 1549/2645/1549 3291/7262/3291 3504/6439/3504
f 2832/7481/2832 1705/1831/1705 4348/6963/4348
f 1595/1702/1595 1594/1701/1594 3408/3964/3408
f 1595/1702/1595 3408/3964/3408 4017/4837/4017
f 2554/2836/2554 3749/7482/3749 3748/7483/3748
f 2555/2837/2555 2554/2836/2554 3748/7483/3748
f 74/81/74 111/118/111 282/291/282
f 2822/4619/2822 4246/5220/4246 4866/7484/4866
f 4675/6227/4675 1280/1371/1280 3589/4207/3589
f 4727/6385/4727 465/7485/465 2766/6384/2766
f 2146/2339/2146 4977/7486/4977 3983/4785/3983
f 4180/5111/4180 4940/7135/4940 4181/5112/4181
f 4892/6911/4892 4891/6910/4891 4829/7436/4829
f 4203/5143/4203 4737/6414/4737 4976/7476/4976
f 4358/5442/4358 4203/5143/4203 4976/7476/4976
f 3693/4351/3693 4322/5369/4322 3888/4626/3888
f 1631/1745/1631 1630/1744/1630 1439/1539/1439
f 2032/7487/2032 2211/7060/2211 4595/5995/4595
f 4270/5265/4270 82/5267/82 4869/6833/4869
f 4625/6059/4625 4624/6058/4624 2039/2210/2039
f 890/944/890 892/946/892 2751/3083/2751
f 4157/7225/4157 1128/1199/1128 3609/4235/3609
f 3973/4767/3973 634/659/634 3974/4768/3974
f 4876/7488/4876 4875/7155/4875 4933/7117/4933
f 3984/4786/3984 3983/4785/3983 279/7489/279
f 1129/1200/1129 1063/1130/1063 4449/7490/4449
f 4000/4812/4000 4403/5531/4403 4001/4813/4001
f 2340/2573/2340 929/983/929 928/982/928
f 3478/4055/3478 2340/2573/2340 928/982/928
f 858/2782/858 857/7491/857 2987/4972/2987
f 2781/7492/2781 1737/3156/1737 600/3155/600
f 4031/4858/4031 4544/5874/4544 3667/4314/3667
f 4031/4858/4031 3667/4314/3667 3666/4313/3666
f 1954/2114/1954 4197/5136/4197 1955/2115/1955
f 1251/1339/1251 1407/1504/1407 1249/1337/1249
f 1574/7470/1574 1222/1308/1222 544/6378/544
f 1574/1680/1574 544/564/544 543/563/543
f 132/7493/132 131/7494/131 1680/1800/1680
f 1461/7495/1461 1460/3525/1460 3083/3524/3083
f 3695/4357/3695 1190/1272/1190 3787/4484/3787
f 3352/3888/3352 1685/1805/1685 1687/1807/1687
f 2522/7496/2522 2521/3416/2521 4795/6587/4795
f 813/860/813 3168/3636/3168 814/861/814
f 4978/7497/4978 3020/3448/3020 4320/5363/4320
f 3536/4132/3536 3538/4134/3538 3360/4738/3360
f 4973/7453/4973 640/665/640 4943/7151/4943
f 1896/3906/1896 1830/1970/1830 1833/7498/1833
f 3060/3496/3060 1896/3906/1896 1833/7498/1833
f 587/608/587 586/607/586 4513/7499/4513
f 46/53/46 4582/5969/4582 4581/5968/4581
f 46/53/46 4581/5968/4581 3978/4775/3978
f 1687/1807/1687 1686/1806/1686 1365/1462/1365
f 1542/1646/1542 4223/6397/4223 1543/1647/1543
f 4916/7036/4916 3174/3644/3174 2190/2391/2190
f 4729/6396/4729 4916/7036/4916 2190/2391/2190
f 4033/7500/4033 2939/3344/2939 2997/7501/2997
f 1922/2075/1922 517/535/517 4028/4854/4028
f 4549/5886/4549 1940/2095/1940 521/539/521
f 3438/4003/3438 1476/3587/1476 963/5605/963
f 959/7502/959 667/697/667 2223/4781/2223
f 4385/5504/4385 2863/3240/2863 624/4428/624
f 2586/7503/2586 2585/3789/2585 940/994/940
f 2586/7503/2586 940/994/940 4433/5585/4433
f 4411/7165/4411 4968/7365/4968 3172/3642/3172
f 2599/5895/2599 3584/4199/3584 2563/2848/2563
f 2600/2889/2600 2599/2888/2599 2563/7504/2563
f 3413/6363/3413 3394/3945/3394 4600/6364/4600
f 4101/7505/4101 654/7506/654 4929/7102/4929
f 1526/1947/1526 2169/2368/2169 1808/1948/1808
f 3910/4658/3910 2962/3373/2962 2961/3372/2961
f 3910/4658/3910 2961/3372/2961 3911/4659/3911
f 3111/5990/3111 4510/7064/4510 1233/7507/1233
f 2054/2226/2054 2008/6985/2008 3380/3921/3380
f 1523/1626/1523 1525/1628/1525 1537/1641/1537
f 1582/1688/1582 2705/3023/2705 1580/1686/1580
f 4312/5350/4312 4311/5349/4311 4436/5589/4436
f 1411/1509/1411 123/130/123 3424/3983/3424
f 3614/4244/3614 3720/4387/3720 3848/4573/3848
f 4758/7508/4758 3766/4444/3766 2278/4446/2278
f 4799/6593/4799 4294/7454/4294 4531/6594/4531
f 386/397/386 315/324/315 4042/4877/4042
f 2289/2516/2289 4014/4833/4014 4444/7509/4444
f 2289/2516/2289 4444/7509/4444 2710/6568/2710
f 4505/5776/4505 2222/2430/2222 3161/3627/3161
f 4837/6731/4837 4838/6733/4838 4979/7510/4979
f 1432/1532/1432 2730/3057/2730 1433/1533/1433
f 3160/3626/3160 1918/2070/1918 2523/2798/2523
f 1738/1868/1738 4743/6447/4743 55/62/55
f 4131/6125/4131 3664/4309/3664 3665/4310/3665
f 1709/6582/1709 1324/1419/1324 2677/2990/2677
f 760/799/760 2602/4690/2602 757/796/757
f 727/763/727 454/469/454 455/471/455
f 661/7094/661 4776/6527/4776 662/7249/662
f 1769/1905/1769 1399/1496/1399 4057/4907/4057
f 377/388/377 1769/1905/1769 4057/4907/4057
f 584/605/584 1263/1351/1263 2648/7511/2648
f 4749/6448/4749 4283/5299/4283 4008/4825/4008
f 4749/6448/4749 4008/4825/4008 4009/4826/4009
f 1248/7512/1248 1247/4704/1247 3339/3870/3339
f 2666/2974/2666 1495/5617/1495 4368/5466/4368
f 3213/3696/3213 3894/4634/3894 3214/3697/3214
f 839/7513/839 3179/3652/3179 1010/1071/1010
f 956/1014/956 4366/5464/4366 3770/4450/3770
f 3522/5470/3522 2993/4665/2993 1995/5721/1995
f 2152/7267/2152 3522/5470/3522 1995/5721/1995
f 1143/1217/1143 1577/1683/1577 1576/1682/1576
f 3976/4770/3976 3311/3824/3311 2376/2611/2376
f 4941/7136/4941 4180/5111/4180 4780/6539/4780
f 2903/3295/2903 4022/4843/4022 328/337/328
f 3219/3705/3219 689/6468/689 223/7514/223
f 4133/7515/4133 1601/6369/1601 4435/5587/4435
f 328/337/328 4023/4844/4023 329/338/329
f 3890/7289/3890 1739/1869/1739 18/21/18
f 193/200/193 576/596/576 4980/7516/4980
f 1944/2101/1944 1863/2009/1863 3540/4136/3540
f 1020/1081/1020 1944/2101/1944 3540/4136/3540
f 1827/1967/1827 1826/1966/1826 3684/7360/3684
f 2457/2714/2457 3292/6062/3292 4873/6844/4873
f 4285/6919/4285 4850/6767/4850 626/650/626
f 4140/5046/4140 1258/1346/1258 410/5047/410
f 1868/2014/1868 3398/3952/3398 1866/2012/1866
f 1625/1736/1625 3656/7517/3656 1626/1737/1626
f 1163/1240/1163 2077/2256/2077 823/870/823
f 3517/4108/3517 1820/1960/1820 1602/7168/1602
f 3252/6553/3252 3254/6277/3254 474/491/474
f 1537/1641/1537 2969/3380/2969 2091/2273/2091
f 2661/2967/2661 1716/1842/1716 386/397/386
f 4034/4864/4034 2488/5771/2488 1555/4865/1555
f 326/3545/326 1203/3544/1203 4788/6559/4788
f 1874/2020/1874 1873/2019/1873 3333/3864/3333
f 2565/3402/2565 2983/3403/2983 4331/5383/4331
f 3328/7518/3328 2565/3402/2565 4331/5383/4331
f 1003/1064/1003 1002/1063/1002 4490/7519/4490
f 4935/7119/4935 1397/7108/1397 4785/7110/4785
f 4104/7520/4104 4933/7117/4933 4931/7111/4931
f 1344/1439/1344 3419/3976/3419 3421/3978/3421
f 3853/7521/3853 3852/7522/3852 4682/7523/4682
f 571/7524/571 2609/2898/2609 2490/2900/2490
f 685/716/685 3775/4465/3775 2609/6628/2609
f 4489/5732/4489 3065/3637/3065 813/860/813
f 4100/4983/4100 412/423/412 2723/3046/2723
f 3408/3964/3408 1731/3963/1731 373/4898/373
f 888/942/888 3580/4195/3580 1111/7525/1111
f 888/7526/888 1111/1182/1111 2574/2862/2574
f 1697/6700/1697 3429/3990/3429 3428/3989/3428
f 1122/1193/1122 4958/7271/4958 4791/6573/4791
f 4115/5007/4115 796/841/796 462/840/462
f 3301/3810/3301 2452/2708/2452 3299/3808/3299
f 3682/4334/3682 289/6408/289 4735/6409/4735
f 3986/5966/3986 3926/4683/3926 3928/4685/3928
f 3949/4724/3949 3986/5966/3986 3928/4685/3928
f 3546/4142/3546 1417/7527/1417 2444/7528/2444
f 2751/3083/2751 892/946/892 4060/4912/4060
f 3432/3995/3432 3273/3774/3273 1568/3996/1568
f 2522/7496/2522 4795/6587/4795 4239/5208/4239
f 2523/4927/2523 2522/7496/2522 4239/5208/4239
f 3449/4018/3449 242/1824/242 244/7529/244
f 3016/6469/3016 3851/6137/3851 2920/3319/2920
f 3974/4768/3974 703/737/703 1608/7530/1608
f 3411/4167/3411 177/184/177 4103/4986/4103
f 4453/5638/4453 3455/7531/3455 3903/7389/3903
f 3585/4200/3585 4981/7532/4981 2990/3411/2990
f 3157/3623/3157 3156/3622/3156 4069/7402/4069
f 3338/3869/3338 3593/5787/3593 4129/7219/4129
f 3036/3465/3036 3019/3447/3019 3018/3446/3018
f 4792/6575/4792 1093/1164/1093 2829/4932/2829
f 4751/6460/4751 1970/2130/1970 2373/2608/2373
f 4776/6527/4776 661/7094/661 4722/6355/4722
f 1318/1413/1318 1317/1412/1317 1989/2152/1989
f 4895/6930/4895 2505/2770/2505 1072/2772/1072
f 4895/6930/4895 1072/2772/1072 4874/6851/4874
f 677/7533/677 761/4845/761 675/3013/675
f 3826/4547/3826 4070/4931/4070 2185/2385/2185
f 3826/4547/3826 2185/2385/2185 3827/4548/3827
f 4341/5405/4341 4617/6046/4617 4342/5406/4342
f 3618/4250/3618 943/1001/943 3646/4282/3646
f 3891/4630/3891 277/286/277 3000/3425/3000
f 1677/7534/1677 2952/3362/2952 1700/7290/1700
f 2902/3294/2902 1499/2295/1499 448/464/448
f 2784/3123/2784 2786/3125/2786 3481/4058/3481
f 2924/3326/2924 1293/6771/1293 2925/7535/2925
f 4348/5420/4348 4349/5421/4349 2832/3190/2832
f 1986/2149/1986 3578/4193/3578 1357/1454/1357
f 2563/2848/2563 3584/4199/3584 3007/3434/3007
f 876/2137/876 1676/1796/1676 1675/1795/1675
f 612/636/612 1835/1977/1835 147/6993/147
f 3100/3550/3100 612/636/612 147/6993/147
f 1329/1424/1329 1188/1270/1188 1189/1271/1189
f 4073/4940/4073 4074/4942/4074 3967/4753/3967
f 2400/2640/2400 281/2642/281 3143/3605/3143
f 3665/4310/3665 2400/2640/2400 3143/3605/3143
f 4833/6720/4833 4755/6479/4755 4037/4868/4037
f 4166/5086/4166 2833/7536/2833 2679/3427/2679
f 2251/5330/2251 2565/7537/2565 3328/3851/3328
f 3327/3850/3327 2251/5330/2251 3328/3851/3328
f 4982/7538/4982 610/634/610 4361/5451/4361
f 4118/5011/4118 2888/3274/2888 2887/3273/2887
f 834/881/834 3376/3915/3376 2325/7539/2325
f 168/201/168 88/95/88 3866/4593/3866
f 4404/7540/4404 447/7541/447 1730/1858/1730
f 4491/5737/4491 4075/4943/4075 4076/4944/4076
f 2952/3362/2952 2005/2174/2005 4769/6508/4769
f 3248/3742/3248 2241/7277/2241 3678/4329/3678
f 3130/6285/3130 4556/7542/4556 4695/6286/4695
f 3531/4125/3531 1525/1628/1525 3319/7543/3319
f 1902/2054/1902 3461/7319/3461 3463/6156/3463
f 4100/4983/4100 2723/3046/2723 1033/1097/1033
f 3850/4575/3850 4705/6306/4705 2828/3185/2828
f 841/889/841 1209/1294/1209 766/805/766
f 3009/3436/3009 835/7544/835 2945/3350/2945
f 3851/4576/3851 2368/7545/2368 3467/4040/3467
f 4465/5675/4465 2998/3423/2998 360/371/360
f 4096/4977/4096 2050/2222/2050 2049/2221/2049
f 2484/2746/2484 4279/5290/4279 157/164/157
f 4390/5512/4390 3752/4425/3752 299/4426/299
f 3004/6976/3004 3670/5740/3670 646/671/646
f 2155/2350/2155 2157/2352/2157 1285/1376/1285
f 3586/4201/3586 2181/2381/2181 2183/2383/2183
f 2945/3350/2945 835/7544/835 2327/3351/2327
f 3443/4010/3443 1569/1675/1569 3479/5300/3479
f 4677/6229/4677 3544/4140/3544 1311/1406/1311
f 2814/3163/2814 3016/6469/3016 2920/3319/2920
f 596/617/596 602/4963/602 601/7546/601
f 3400/3955/3400 2999/3424/2999 3562/4176/3562
f 3400/3955/3400 3562/4176/3562 3401/3956/3401
f 2801/5096/2801 4602/6015/4602 4170/5097/4170
f 1944/2101/1944 4972/7547/4972 1863/2009/1863
f 930/984/930 2027/2197/2027 2560/2844/2560
f 1202/7548/1202 4665/6189/4665 4664/6188/4664
f 3566/4180/3566 4150/5058/4150 891/945/891
f 4077/4945/4077 2481/6839/2481 3939/4707/3939
f 4507/7549/4507 3969/4755/3969 3970/4756/3970
f 1804/7550/1804 2089/2271/2089 2088/2270/2088
f 4856/6786/4856 2877/3258/2877 3557/4169/3557
f 2079/2258/2079 330/339/330 2080/2259/2080
f 4500/5761/4500 529/547/529 4302/5452/4302
f 4349/7551/4349 4716/6342/4716 4201/5141/4201
f 3805/4509/3805 348/357/348 378/6770/378
f 3805/4509/3805 378/6770/378 3962/4743/3962
f 2351/3856/2351 3352/3888/3352 1687/1807/1687
f 1387/1484/1387 1028/1090/1028 2576/2864/2576
f 4779/6534/4779 4928/7552/4928 3994/4804/3994
f 2582/2870/2582 4015/4834/4015 92/99/92
f 2747/3079/2747 2260/2476/2260 2745/3077/2745
f 3653/4295/3653 2349/2583/2349 3121/3578/3121
f 2260/2476/2260 2259/2475/2259 2745/3077/2745
f 2657/2960/2657 4980/7553/4980 1699/1823/1699
f 649/7554/649 1307/1399/1307 951/1009/951
f 4889/6973/4889 3270/3770/3270 3669/4317/3669
f 2874/3253/2874 1932/7555/1932 2125/6552/2125
f 1102/1173/1102 2874/3253/2874 2125/6552/2125
f 4275/5279/4275 4983/7556/4983 966/6932/966
f 2362/2597/2362 3645/4281/3645 3644/4280/3644
f 2047/6073/2047 3000/3425/3000 2048/7557/2048
f 708/742/708 4158/5072/4158 4934/7118/4934
f 785/827/785 787/829/787 972/1031/972
f 3641/4277/3641 3643/4279/3643 4187/5122/4187
f 3641/4277/3641 4187/5122/4187 4186/5121/4186
f 3484/4061/3484 3599/4220/3599 1017/1139/1017
f 2670/2981/2670 4548/5884/4548 4820/6687/4820
f 445/457/445 2670/2981/2670 4820/6687/4820
f 4347/5418/4347 4159/5076/4159 4161/5078/4161
f 4347/5418/4347 4161/5078/4161 4984/7558/4984
f 4269/5264/4269 4268/5263/4268 4488/5955/4488
f 4269/5264/4269 4488/5955/4488 4401/5528/4401
f 2104/2290/2104 3343/3876/3343 3151/3616/3151
f 4985/7559/4985 2899/3290/2899 2941/3346/2941
f 3262/3758/3262 3803/4507/3803 3183/3656/3183
f 2274/2494/2274 3262/3758/3262 3183/3656/3183
f 4076/4944/4076 3830/4552/3830 2688/7560/2688
f 1264/1352/1264 2045/2216/2045 3734/4406/3734
f 2341/2574/2341 2027/2197/2027 929/983/929
f 4835/7561/4835 3335/3866/3335 3336/3867/3336
f 2734/3064/2734 2737/3067/2737 4196/5135/4196
f 3925/6005/3925 4599/6004/4599 4865/7562/4865
f 2130/3982/2130 2154/2348/2154 1038/2349/1038
f 1015/7563/1015 2130/3982/2130 1038/2349/1038
f 3365/4457/3365 2685/2999/2685 4430/7564/4430
f 4728/6393/4728 4155/5066/4155 4154/5065/4154
f 1768/1904/1768 376/387/376 3294/3803/3294
f 1328/7565/1328 1768/1904/1768 3294/3803/3294
f 76/83/76 2496/2759/2496 112/119/112
f 3790/7566/3790 4507/7549/4507 2833/3192/2833
f 3790/7566/3790 2833/3192/2833 4166/7567/4166
f 1017/1078/1017 1016/1077/1016 2402/7568/2402
f 317/1026/317 967/1025/967 318/6666/318
f 4828/6708/4828 1661/1778/1661 4882/6881/4882
f 64/71/64 542/562/542 3302/3811/3302
f 333/6893/333 2663/7569/2663 4466/5679/4466
f 474/491/474 3153/6092/3153 4786/6554/4786
f 1038/2349/1038 2035/2206/2035 4835/6724/4835
f 2723/3046/2723 2838/3200/2838 4656/6157/4656
f 857/906/857 2105/2291/2105 2987/7570/2987
f 3764/7078/3764 4442/5607/4442 1475/7571/1475
f 3530/4124/3530 1525/1628/1525 3531/4125/3531
f 3513/6506/3513 1895/2046/1895 2328/2561/2328
f 1097/1168/1097 1202/7548/1202 4664/6188/4664
f 2925/3324/2925 4939/7134/4939 2926/3325/2926
f 2759/3091/2759 2758/3090/2758 3139/3599/3139
f 1508/1611/1508 108/115/108 3150/5079/3150
f 893/947/893 1508/1611/1508 3150/5079/3150
f 3111/3566/3111 1233/1320/1233 3112/3567/3112
f 1303/7572/1303 4062/4915/4062 4986/7573/4986
f 270/279/270 4574/5953/4574 281/290/281
f 1167/1244/1167 2293/2544/2293 1168/1245/1168
f 1245/1332/1245 4214/5168/4214 1246/1333/1246
f 2002/2171/2002 4166/5086/4166 4165/5085/4165
f 2787/3126/2787 1814/1954/1814 1813/1953/1813
f 326/3545/326 4788/6559/4788 4767/7121/4767
f 326/335/326 4767/6504/4767 327/336/327
f 4507/7549/4507 3970/4756/3970 2833/3192/2833
f 4007/4824/4007 910/964/910 1090/4388/1090
f 2746/7574/2746 1037/1101/1037 1036/1100/1036
f 4715/6341/4715 403/414/403 3498/7082/3498
f 2189/2390/2189 406/2389/406 408/6888/408
f 820/867/820 819/866/819 3752/4425/3752
f 4912/7575/4912 3122/3580/3122 4098/4979/4098
f 3503/4087/3503 1187/1269/1187 3987/4792/3987
f 3503/4087/3503 3987/4792/3987 3988/4793/3988
f 4851/6774/4851 2240/2453/2240 4170/5097/4170
f 435/447/435 4817/6677/4817 436/448/436
f 688/719/688 3980/4778/3980 1428/1528/1428
f 494/511/494 688/719/688 1428/1528/1428
f 1166/1243/1166 4387/5506/4387 1167/1244/1167
f 390/401/390 392/403/392 4394/7062/4394
f 2600/2889/2600 2563/7504/2563 3508/4092/3508
f 3001/3426/3001 1980/3428/1980 4987/7576/4987
f 3356/7577/3356 3568/4183/3568 3569/4184/3569
f 3120/3577/3120 4987/7576/4987 3121/3578/3121
f 3645/4281/3645 2968/3379/2968 2343/2576/2343
f 4106/4992/4106 2201/2402/2201 4647/6123/4647
f 478/3063/478 1187/7578/1187 3503/7579/3503
f 2223/2433/2223 772/2675/772 2429/2674/2429
f 960/2431/960 2223/2433/2223 2429/2674/2429
f 3959/4740/3959 4003/5118/4003 3960/4741/3960
f 4338/5397/4338 4504/7161/4504 2611/2901/2611
f 4338/5397/4338 2611/2901/2611 4142/5049/4142
f 1933/2088/1933 3490/4070/3490 3492/4072/3492
f 273/282/273 2261/2477/2261 274/283/274
f 4988/7580/4988 1618/6161/1618 4824/6698/4824
f 3273/3774/3273 3479/4056/3479 1568/3996/1568
f 614/638/614 2172/2616/2172 2374/2609/2374
f 4176/5105/4176 2839/3201/2839 2228/2440/2228
f 2928/3329/2928 4550/6906/4550 554/574/554
f 1769/7581/1769 1768/7582/1768 4780/6539/4780
f 4405/5534/4405 1729/5533/1729 91/98/91
f 3846/4570/3846 3577/7583/3577 4793/7166/4793
f 3865/4592/3865 3864/4591/3864 4499/5759/4499
f 763/802/763 765/804/765 2653/2955/2653
f 4268/6204/4268 16/19/16 4488/5731/4488
f 426/437/426 1581/1687/1581 3185/3658/3185
f 4039/4871/4039 4163/5081/4163 1219/6400/1219
f 1992/2156/1992 2780/3118/2780 599/620/599
f 2656/2959/2656 2174/2374/2174 4478/5715/4478
f 4956/7584/4956 4506/5777/4506 4507/5779/4507
f 3790/4487/3790 4956/7584/4956 4507/5779/4507
f 4793/7166/4793 3577/7583/3577 4126/7585/4126
f 2482/2744/2482 4710/6317/4710 2480/2742/2480
f 4802/7586/4802 4352/5429/4352 4911/7587/4911
f 2056/2228/2056 4833/6720/4833 4037/4868/4037
f 3475/5123/3475 957/6921/957 901/955/901
f 2518/2791/2518 3332/5124/3332 1806/1944/1806
f 1498/3235/1498 819/866/819 821/868/821
f 97/5562/97 3706/4369/3706 3705/4368/3705
f 97/7588/97 3705/6895/3705 4109/4999/4109
f 258/267/258 1/1/1 3/3/3
f 2980/7589/2980 3003/7590/3003 3002/7236/3002
f 3549/7591/3549 2366/2601/2366 3547/7305/3547
f 1003/1262/1003 3464/4036/3464 1218/1304/1218
f 1217/1303/1217 1003/1262/1003 1218/1304/1218
f 2303/7592/2303 2302/3565/2302 3361/3899/3361
f 4623/6452/4623 1901/2053/1901 642/6764/642
f 511/7593/511 2450/2706/2450 924/978/924
f 1090/1159/1090 3782/7594/3782 1091/1160/1091
f 1886/2034/1886 4198/5138/4198 1887/2035/1887
f 288/297/288 1950/2110/1950 3187/3661/3187
f 3059/3493/3059 2472/7595/2472 2196/3727/2196
f 4519/7596/4519 4714/6340/4714 2298/2526/2298
f 2204/2407/2204 3328/7518/3328 4331/5383/4331
f 4787/6557/4787 3982/4783/3982 4371/5475/4371
f 4660/6171/4660 4201/5141/4201 3556/4168/3556
f 3923/6052/3923 2264/2482/2264 1355/2485/1355
f 3299/3808/3299 2452/2708/2452 3686/4343/3686
f 3300/3809/3300 3686/4343/3686 3032/3460/3032
f 2667/2977/2667 3300/3809/3300 3032/3460/3032
f 4771/6516/4771 4385/6668/4385 2494/2757/2494
f 2032/7175/2032 3409/3965/3409 2285/2507/2285
f 2032/7175/2032 2285/2507/2285 2211/7597/2211
f 2106/2292/2106 840/888/840 3576/4191/3576
f 3818/4527/3818 4971/7396/4971 3699/4361/3699
f 2931/3335/2931 3715/7598/3715 294/303/294
f 3734/4406/3734 1265/1353/1265 1264/1352/1264
f 3440/4007/3440 4381/5494/4381 4382/5496/4382
f 276/285/276 275/284/275 3594/4212/3594
f 4764/7599/4764 487/504/487 2424/2668/2424
f 2974/3386/2974 1178/2581/1178 1422/1522/1422
f 2321/2553/2321 2624/2919/2624 843/3045/843
f 3667/4314/3667 4544/5874/4544 2178/2378/2178
f 4157/5070/4157 3609/7600/3609 4209/5158/4209
f 4157/5070/4157 4209/5158/4209 2231/2443/2231
f 499/7601/499 3085/4165/3085 3555/4166/3555
f 4066/7602/4066 3098/3548/3098 3097/3547/3097
f 1144/1218/1144 2346/2579/2346 1145/1219/1145
f 2088/2270/2088 3140/3600/3140 4544/5874/4544
f 2095/2277/2095 1766/1902/1766 1175/1252/1175
f 2850/5832/2850 2849/7603/2849 4702/6302/4702
f 4928/7098/4928 2988/3409/2988 4981/7532/4981
f 3994/5896/3994 4928/7098/4928 4981/7532/4981
f 3410/3966/3410 3193/3670/3193 2098/2280/2098
f 4252/5233/4252 1684/1804/1684 3232/3721/3232
f 4252/5233/4252 3232/3721/3232 2345/7604/2345
f 2056/5834/2056 4528/5833/4528 4153/5062/4153
f 1513/7605/1513 1139/5636/1139 3231/3720/3231
f 2582/2870/2582 1866/2012/1866 651/3951/651
f 676/707/676 4350/5422/4350 677/708/677
f 3015/3442/3015 4517/5804/4517 2782/3121/2782
f 2461/7606/2461 684/715/684 1512/6298/1512
f 3971/6349/3971 2677/2990/2677 1324/1419/1324
f 378/6770/378 380/7607/380 3962/4743/3962
f 4650/6139/4650 200/7608/200 3095/6140/3095
f 335/4532/335 2171/4531/2171 1484/1584/1484
f 4242/5212/4242 2770/3104/2770 4985/7559/4985
f 4237/5206/4237 1522/1625/1522 49/56/49
f 4237/5206/4237 49/56/49 4229/5194/4229
f 795/7609/795 796/7610/796 4733/7611/4733
f 4479/6583/4479 1759/3744/1759 3249/3743/3249
f 4611/6037/4611 293/302/293 3310/3823/3310
f 4104/7520/4104 2792/3131/2792 2985/7419/2985
f 2984/3404/2984 4104/7612/4104 2985/3405/2985
f 4413/5552/4413 4097/4978/4097 2524/2799/2524
f 942/999/942 4324/5372/4324 4360/5445/4360
f 4868/6826/4868 3611/4238/3611 4232/5200/4232
f 3181/6614/3181 3182/7613/3182 2206/2410/2206
f 4888/7264/4888 4522/5813/4522 2037/2944/2037
f 1898/7146/1898 2510/7162/2510 217/226/217
f 1637/1751/1637 4304/5338/4304 4306/5340/4306
f 663/693/663 2591/2880/2591 3521/4112/3521
f 1845/5979/1845 1126/1197/1126 4157/7225/4157
f 3996/7614/3996 3472/7615/3472 4803/6606/4803
f 3390/7616/3390 3496/4077/3496 2520/2793/2520
f 2316/4766/2316 4748/6445/4748 2021/2191/2021
f 1204/7047/1204 3073/3513/3073 4120/5016/4120
f 3320/3836/3320 4014/5611/4014 3321/3837/3321
f 2106/2292/2106 3576/4191/3576 3793/6941/3793
f 2106/2292/2106 3793/6941/3793 3792/7617/3792
f 4924/7075/4924 16/19/16 4268/6204/4268
f 4946/7179/4946 1404/3925/1404 3066/3504/3066
f 3119/3576/3119 2407/2650/2407 2406/2649/2406
f 4399/5667/4399 4088/7618/4088 4243/7619/4243
f 4463/5668/4463 4399/5667/4399 4243/7619/4243
f 4267/5814/4267 4243/7619/4243 855/7620/855
f 4346/5416/4346 2388/2626/2388 3590/4208/3590
f 4123/5021/4123 4346/5416/4346 3590/4208/3590
f 171/4345/171 1325/1420/1325 1711/5898/1711
f 1864/7124/1864 4972/7446/4972 4462/5665/4462
f 2218/5910/2218 3083/3524/3083 598/619/598
f 2218/5910/2218 598/619/598 500/517/500
f 1635/1749/1635 4629/6071/4629 1636/1750/1636
f 798/844/798 1477/1577/1477 3128/6366/3128
f 4619/6051/4619 2024/2194/2024 1629/1743/1629
f 4291/5310/4291 104/1740/104 4292/5311/4292
f 647/673/647 1206/1291/1206 730/766/730
f 647/673/647 730/766/730 733/769/733
f 225/234/225 224/233/224 4271/5268/4271
f 4985/7559/4985 4921/7065/4921 2899/3290/2899
f 1437/1537/1437 1436/1536/1436 4480/5718/4480
f 4449/5630/4449 4258/5241/4258 4257/5240/4257
f 2838/3200/2838 4036/4867/4036 4656/6157/4656
f 661/691/661 664/694/664 1289/1380/1289
f 3358/3895/3358 4325/5373/4325 2702/3896/2702
f 2012/2181/2012 427/438/427 430/441/430
f 2426/2671/2426 3780/4470/3780 4072/4939/4072
f 2426/2671/2426 4072/4939/4072 2288/2512/2288
f 2186/2386/2186 1849/6994/1849 3871/4599/3871
f 1867/2013/1867 1866/2012/1866 2539/2815/2539
f 3296/7621/3296 4871/6838/4871 1909/4429/1909
f 4760/6493/4760 4755/6479/4755 1598/6478/1598
f 1058/7622/1058 981/2840/981 2558/2842/2558
f 1058/7622/1058 2558/2842/2558 1059/7623/1059
f 2343/2576/2343 4176/5105/4176 1490/1591/1490
f 2359/2594/2359 2212/7624/2212 515/532/515
f 4097/4978/4097 1815/1955/1815 536/554/536
f 885/939/885 197/1265/197 886/940/886
f 846/894/846 3285/6571/3285 3286/7625/3286
f 846/5294/846 3286/5624/3286 4281/5293/4281
f 767/806/767 3678/4329/3678 3124/7088/3124
f 789/6850/789 2418/2661/2418 429/5645/429
f 645/670/645 408/419/408 407/418/407
f 3884/4621/3884 4326/5375/4326 2339/2572/2339
f 2478/7626/2478 2477/4657/2477 2308/5437/2308
f 3794/4494/3794 3845/4569/3845 3795/4495/3795
f 2742/3074/2742 4989/7627/4989 2743/3075/2743
f 254/7628/254 1767/7629/1767 1690/7630/1690
f 4682/6242/4682 4714/6340/4714 4519/7596/4519
f 2486/2748/2486 2485/2747/2485 3026/3454/3026
f 4871/6838/4871 3866/6815/3866 3753/4430/3753
f 2293/2544/2293 2313/2543/2313 2292/7631/2292
f 3085/4165/3085 3738/4410/3738 1205/1288/1205
f 4537/5849/4537 1949/2109/1949 4089/7632/4089
f 4536/5848/4536 982/1041/982 1058/1125/1058
f 4536/5848/4536 1058/1125/1058 1060/1127/1060
f 3497/4078/3497 75/2794/75 2520/2793/2520
f 1220/1306/1220 3751/6381/3751 1221/1307/1221
f 4746/6435/4746 3804/4508/3804 573/593/573
f 4959/7633/4959 3379/3920/3379 4479/5717/4479
f 3206/3686/3206 4813/6654/4813 3207/3687/3207
f 847/6195/847 1193/1275/1193 56/4230/56
f 153/160/153 4230/5196/4230 134/7634/134
f 2244/2457/2244 711/745/711 3981/4782/3981
f 3054/3487/3054 4105/4991/4105 3263/3759/3263
f 94/7635/94 97/7588/97 4109/4999/4109
f 3385/3931/3385 4870/7318/4870 496/513/496
f 3385/3931/3385 496/513/496 2861/3236/2861
f 4181/5112/4181 3430/3993/3430 355/364/355
f 2497/2760/2497 4340/5544/4340 4342/7636/4342
f 4567/5939/4567 3633/4268/3633 4783/6546/4783
f 2934/3338/2934 3194/3671/3194 2496/2759/2496
f 3942/4712/3942 3944/4714/3944 4286/5303/4286
f 3639/4275/3639 1505/1606/1505 2668/5604/2668
f 4133/5036/4133 4435/7637/4435 1293/6771/1293
f 2334/2567/2334 2015/2184/2015 2014/2183/2014
f 2601/2890/2601 4918/7057/4918 2598/2887/2598
f 1370/1467/1370 3175/3647/3175 2635/2933/2635
f 4595/5995/4595 4309/5345/4309 1816/6781/1816
f 2884/6662/2884 2159/2355/2159 4967/7638/4967
f 3268/7639/3268 120/127/120 122/129/122
f 4009/5727/4009 4484/5726/4484 4620/6053/4620
f 3875/4607/3875 4009/5727/4009 4620/6053/4620
f 2691/7640/2691 4908/6966/4908 2692/5699/2692
f 194/7641/194 3278/4066/3278 89/2697/89
f 1322/1417/1322 1321/1416/1321 3243/3737/3243
f 1322/1417/1322 3243/3737/3243 3242/3736/3242
f 2550/2832/2550 2177/3310/2177 2551/2833/2551
f 2739/3069/2739 1395/1492/1395 1394/1491/1394
f 3529/4122/3529 2739/3069/2739 1394/1491/1394
f 361/372/361 341/350/341 362/373/362
f 4305/5339/4305 4428/5578/4428 4445/5613/4445
f 4972/7446/4972 1944/2102/1944 1945/2104/1945
f 1095/1166/1095 2580/2868/2580 4073/6234/4073
f 1037/7642/1037 3449/4018/3449 244/7529/244
f 4754/7643/4754 255/7320/255 257/7644/257
f 4754/6474/4754 257/7452/257 1624/1735/1624
f 3384/3930/3384 4870/7318/4870 3385/3931/3385
f 1284/1375/1284 107/5881/107 4539/7645/4539
f 1718/1844/1718 1717/1843/1717 2513/2784/2513
f 2551/2833/2551 2177/3310/2177 418/3256/418
f 2257/2473/2257 3808/7646/3808 3807/7435/3807
f 4891/6910/4891 2257/2473/2257 3807/7435/3807
f 4452/7647/4452 2817/3166/2817 4067/4925/4067
f 4931/7111/4931 4362/5454/4362 2792/3131/2792
f 4104/7520/4104 4931/7111/4931 2792/3131/2792
f 793/837/793 828/1384/828 794/838/794
f 4782/6545/4782 1761/1897/1761 4312/5350/4312
f 2671/2983/2671 1501/1602/1501 1500/1601/1500
f 3996/7614/3996 4803/6606/4803 3772/4459/3772
f 1412/1510/1412 2789/3128/2789 1413/1511/1413
f 3887/4624/3887 2553/2835/2553 2552/2834/2552
f 2037/2944/2037 4522/5813/4522 4521/5812/4521
f 2271/6748/2271 1804/7550/1804 2088/2270/2088
f 2410/2653/2410 2291/2518/2291 4715/6341/4715
f 3132/3592/3132 1761/1897/1761 4782/6545/4782
f 4640/6111/4640 4639/6110/4639 4600/6364/4600
f 3394/3945/3394 4640/6111/4640 4600/6364/4600
f 3034/7648/3034 3742/7649/3742 2616/7650/2616
f 2484/2746/2484 157/164/157 159/166/159
f 2484/2746/2484 159/166/159 2485/2747/2485
f 1910/2062/1910 3188/3662/3188 4381/5494/4381
f 3289/3797/3289 3014/5367/3014 4321/5366/4321
f 1816/1956/1816 1818/1958/1818 2030/2201/2030
f 219/228/219 218/227/218 2420/2664/2420
f 2476/2737/2476 3910/7198/3910 2477/2738/2477
f 2613/2903/2613 2612/2902/2612 2672/5261/2672
f 4310/7651/4310 2542/2818/2542 3602/4223/3602
f 3619/5860/3619 2332/3725/2332 3620/7652/3620
f 4447/5618/4447 2447/2703/2447 2036/2207/2036
f 4510/5788/4510 4321/7653/4321 4149/5057/4149
f 3565/4179/3565 4510/5788/4510 4149/5057/4149
f 1409/4763/1409 1408/7266/1408 3972/4764/3972
f 3320/3836/3320 3089/6390/3089 3090/6948/3090
f 521/539/521 4451/7460/4451 522/540/522
f 2039/6124/2039 4624/7654/4624 4647/6123/4647
f 2052/2224/2052 2910/3303/2910 1972/2690/1972
f 4894/7352/4894 4966/7351/4966 3713/4378/3713
f 1951/2111/1951 2782/3121/2782 1952/2112/1952
f 3609/4233/3609 2234/2446/2234 4209/7464/4209
f 2165/2362/2165 2703/7313/2703 2166/2363/2166
f 495/512/495 494/511/494 1427/1527/1427
f 4480/7004/4480 4102/5772/4102 4330/5381/4330
f 1782/7655/1782 3212/7656/3212 2651/7657/2651
f 4297/5320/4297 1782/7388/1782 2651/7658/2651
f 4040/4872/4040 4094/6399/4094 4848/6760/4848
f 4183/5117/4183 4829/7436/4829 4003/5118/4003
f 2242/2455/2242 4400/5527/4400 4885/7659/4885
f 523/541/523 4733/7467/4733 3961/5742/3961
f 4850/7448/4850 4881/6880/4881 3759/4436/3759
f 283/292/283 4850/6767/4850 3759/7660/3759
f 2642/2941/2642 4101/4984/4101 3293/3801/3293
f 3490/4070/3490 3761/4439/3761 3491/4071/3491
f 2660/7661/2660 4900/7049/4900 1733/1863/1733
f 1732/1862/1732 2660/7661/2660 1733/1863/1733
f 3032/3460/3032 3686/4343/3686 2601/2890/2601
f 3993/4802/3993 236/4885/236 239/3923/239
f 3992/4801/3992 3993/4802/3993 239/3923/239
f 897/951/897 3463/6156/3463 868/1508/868
f 28/33/28 2409/5994/2409 4316/6685/4316
f 3135/5214/3135 542/7662/542 3573/4188/3573
f 2453/2709/2453 4172/5100/4172 1084/1153/1084
f 2843/3205/2843 2842/3204/2842 2856/3223/2856
f 2855/3222/2855 2843/3205/2843 2856/3223/2856
f 1006/1067/1006 2487/2749/2487 4108/4997/4108
f 3247/4996/3247 1006/1067/1006 4108/4997/4108
f 3842/4565/3842 3991/4799/3991 3843/4566/3843
f 3671/4320/3671 2203/2406/2203 2205/2408/2205
f 4665/6189/4665 3008/3435/3008 4961/7663/4961
f 1378/1475/1378 4344/5410/4344 4500/5761/4500
f 2860/3233/2860 2701/3615/2701 2700/7304/2700
f 4590/5986/4590 887/941/887 889/943/889
f 691/2982/691 4067/4925/4067 4533/5840/4533
f 224/233/224 691/2982/691 4533/5840/4533
f 1358/1455/1358 4493/5741/4493 1359/1456/1359
f 1144/1218/1144 1143/1217/1143 4350/5422/4350
f 827/874/827 2960/3371/2960 3857/7664/3857
f 1712/6644/1712 827/874/827 3857/7664/3857
f 1701/1826/1701 1298/1390/1298 226/7126/226
f 1464/1564/1464 1463/1563/1463 4351/5426/4351
f 1582/1688/1582 2597/2886/2597 3249/3743/3249
f 4078/4946/4078 4750/6450/4750 2617/2907/2617
f 2367/2602/2367 3058/3492/3058 4555/5904/4555
f 1189/7665/1189 1548/7666/1548 1025/1086/1025
f 158/165/158 1189/7665/1189 1025/1086/1025
f 971/1030/971 644/669/644 3044/3474/3044
f 4350/5422/4350 1576/1682/1576 799/845/799
f 4570/5945/4570 332/341/332 331/340/331
f 609/5864/609 4307/5342/4307 401/5341/401
f 2308/5437/2308 2477/4657/2477 3921/4672/3921
f 2444/7528/2444 1435/7376/1435 3546/4142/3546
f 1683/1803/1683 1984/2146/1984 1684/1804/1684
f 1981/2142/1981 2798/3139/2798 3021/7667/3021
f 3204/3684/3204 4239/5208/4239 3203/3683/3203
f 386/397/386 313/322/313 315/324/315
f 4574/7668/4574 2031/2202/2031 3144/5386/3144
f 1837/1980/1837 934/2997/934 739/1978/739
f 203/212/203 202/211/202 1517/5514/1517
f 1593/1700/1593 1406/1503/1406 1407/1504/1407
f 2651/7657/2651 3212/7656/3212 1692/7669/1692
f 3819/4529/3819 2958/3369/2958 937/991/937
f 3819/4529/3819 937/991/937 715/749/715
f 748/7670/748 3612/5449/3612 527/5448/527
f 1923/2076/1923 3181/3654/3181 1432/1532/1432
f 4914/7021/4914 4591/5987/4591 593/614/593
f 53/60/53 3606/6126/3606 4420/5567/4420
f 4146/5053/4146 1825/1965/1825 3515/4722/3515
f 4661/6172/4661 4821/6705/4821 4827/6706/4827
f 3952/7671/3952 3672/7672/3672 4196/7673/4196
f 3952/7671/3952 4196/7673/4196 2796/3136/2796
f 1411/1509/1411 868/1508/868 870/7369/870
f 1411/1509/1411 870/7369/870 123/130/123
f 1630/1744/1630 2025/2195/2025 1439/1539/1439
f 121/128/121 4096/4977/4096 4358/5442/4358
f 4107/4995/4107 77/84/77 1942/2097/1942
f 721/757/721 269/278/269 271/280/271
f 557/2049/557 2730/3057/2730 558/7674/558
f 3647/4285/3647 1965/2125/1965 3306/6098/3306
f 3665/4310/3665 2531/2806/2531 1313/1408/1313
f 3665/4310/3665 1313/1408/1313 4460/5657/4460
f 2946/5160/2946 1106/1177/1106 1108/1179/1108
f 4636/7675/4636 3917/4668/3917 2378/4667/2378
f 4236/5205/4236 4238/5207/4238 3936/7676/3936
f 3935/7330/3935 4236/5378/4236 3936/7677/3936
f 3013/3440/3013 413/3769/413 412/7678/412
f 4063/5409/4063 3013/3440/3013 412/7678/412
f 3829/4550/3829 1666/1784/1666 3913/4661/3913
f 1333/1428/1333 1417/7527/1417 3546/4142/3546
f 593/614/593 4208/5712/4208 4207/6336/4207
f 375/386/375 377/388/377 1969/2129/1969
f 99/106/99 1152/1227/1152 1634/1748/1634
f 2941/3346/2941 4906/6962/4906 2790/3129/2790
f 1285/1376/1285 2157/2352/2157 1067/1134/1067
f 882/935/882 2460/2718/2460 2459/2717/2459
f 1540/7679/1540 185/7680/185 187/7681/187
f 187/7681/187 1541/7682/1541 1540/7679/1540
f 1734/1864/1734 2500/2763/2500 2764/3096/2764
f 4938/7130/4938 4796/6588/4796 4509/5782/4509
f 2316/4766/2316 3477/4054/3477 4748/6445/4748
f 124/7683/124 4049/4937/4049 2075/2253/2075
f 2301/2529/2301 896/950/896 898/952/898
f 2617/2907/2617 4750/6450/4750 2618/2908/2618
f 4893/6916/4893 2701/6915/2701 1339/7684/1339
f 3290/3798/3290 2835/3197/2835 2834/3196/2834
f 3889/4627/3889 1001/1062/1001 4424/7685/4424
f 2321/2553/2321 1615/1726/1615 2624/2919/2624
f 4913/7020/4913 831/878/831 2557/2839/2557
f 194/4852/194 167/7144/167 1115/1186/1115
f 374/7686/374 2788/3127/2788 4559/6442/4559
f 3901/4646/3901 2721/4720/2721 3892/4632/3892
f 1517/5514/1517 4313/5351/4313 203/212/203
f 3202/3682/3202 402/413/402 4960/7279/4960
f 3393/3944/3393 3202/3682/3202 4960/7279/4960
f 4671/6785/4671 4857/6787/4857 1118/6866/1118
f 3373/3912/3373 1277/1368/1277 2810/3159/2810
f 1086/1155/1086 4779/6534/4779 3994/4804/3994
f 1335/1430/1335 745/781/745 3238/3732/3238
f 1859/2005/1859 1958/2118/1958 1338/1433/1338
f 1762/1898/1762 729/765/729 728/764/728
f 1747/5474/1747 1973/2133/1973 1748/7687/1748
f 3304/6372/3304 1286/1377/1286 192/199/192
f 468/485/468 467/484/467 2418/2661/2418
f 861/910/861 4908/6966/4908 1771/7688/1771
f 4497/7689/4497 4926/7087/4926 3123/7137/3123
f 4040/4872/4040 4039/4871/4039 4094/6399/4094
f 1597/6047/1597 1982/7690/1982 4978/7497/4978
f 758/7691/758 3354/6660/3354 2880/6659/2880
f 220/229/220 222/231/222 3284/5064/3284
f 701/734/701 469/6869/469 702/735/702
f 4653/6143/4653 2450/2706/2450 1135/1206/1135
f 4651/6141/4651 4653/6143/4653 1135/1206/1135
f 4757/6484/4757 106/113/106 777/817/777
f 86/93/86 3326/7692/3326 4266/7693/4266
f 2830/3187/2830 2829/3186/2829 1334/7694/1334
f 1727/1855/1727 1560/1665/1560 1252/7695/1252
f 3967/4753/3967 4388/5507/4388 3624/4258/3624
f 4649/6136/4649 4990/7696/4990 1653/1769/1653
f 4382/5496/4382 3629/5495/3629 2165/6191/2165
f 1120/1191/1120 4791/6573/4791 4958/7271/4958
f 4083/4957/4083 3191/6794/3191 4082/4958/4082
f 4936/7122/4936 3772/4459/3772 3364/4458/3364
f 956/1014/956 2751/3083/2751 4366/5464/4366
f 3126/3584/3126 3125/3583/3125 961/1019/961
f 4991/7697/4991 1871/2017/1871 1870/2016/1870
f 3921/4672/3921 3920/4674/3920 2658/5438/2658
f 2804/3149/2804 4954/7218/4954 3499/7054/3499
f 4852/6777/4852 4764/6500/4764 4853/6778/4853
f 2250/2465/2250 595/616/595 597/618/597
f 1774/1910/1774 1773/1909/1773 2940/4491/2940
f 826/873/826 882/935/882 4781/6544/4781
f 4472/6801/4472 2690/3004/2690 2692/3006/2692
f 4992/7698/4992 2847/3211/2847 2846/3210/2846
f 439/7183/439 3216/7699/3216 3217/4524/3217
f 3462/4034/3462 4248/5222/4248 3463/4035/3463
f 1391/7700/1391 2453/2709/2453 2452/2708/2452
f 4740/6419/4740 1391/7700/1391 2452/2708/2452
f 4701/7701/4701 3424/3983/3424 123/130/123
f 721/757/721 271/280/271 722/758/722
f 2889/7159/2889 2725/7702/2725 589/610/589
f 3834/4556/3834 3928/4685/3928 1649/1765/1649
f 1288/1379/1288 3767/4445/3767 66/73/66
f 2131/2323/2131 4641/6112/4641 4640/6111/4640
f 3353/4144/3353 504/4143/504 3653/7703/3653
f 4993/7704/4993 3113/3570/3113 2128/7705/2128
f 4839/6736/4839 201/6735/201 4650/6139/4650
f 2307/7706/2307 743/779/743 1054/1121/1054
f 4810/7240/4810 2436/2683/2436 2438/2685/2438
f 419/7707/419 418/3256/418 3355/5424/3355
f 3082/5148/3082 3281/3784/3281 4341/5405/4341
f 4992/7698/4992 2846/3210/2846 4860/7708/4860
f 4973/7453/4973 4943/7151/4943 4561/7709/4561
f 3139/3599/3139 1030/1092/1030 2693/5733/2693
f 1344/1439/1344 3421/3978/3421 4925/7084/4925
f 3188/3662/3188 4809/7710/4809 4381/5494/4381
f 4906/6962/4906 2941/3346/2941 2942/3347/2942
f 4292/5311/4292 104/1740/104 2112/2300/2112
f 4138/5041/4138 3387/3934/3387 1883/2031/1883
f 4961/7285/4961 3010/6401/3010 346/355/346
f 4222/5246/4222 214/223/214 3719/4386/3719
f 4311/5349/4311 3772/7303/3772 4936/7711/4936
f 4962/7287/4962 2161/2358/2161 4727/6385/4727
f 4404/7712/4404 4405/6509/4405 447/7713/447
f 1025/1086/1025 1548/7666/1548 697/730/697
f 3724/4393/3724 1627/1738/1627 2548/2830/2548
f 3389/7443/3389 3724/4393/3724 2548/2830/2548
f 3649/4288/3649 4286/5303/4286 3650/4289/3650
f 3010/3437/3010 2945/3350/2945 347/3352/347
f 1572/7714/1572 267/276/267 1984/7113/1984
f 1572/7715/1572 1984/7716/1984 1683/7717/1683
f 4019/7718/4019 306/315/306 4020/5286/4020
f 3256/3751/3256 1722/1848/1722 4629/6071/4629
f 3768/7719/3768 354/5873/354 200/209/200
f 3587/4202/3587 1480/4204/1480 3022/3450/3022
f 4358/5442/4358 2371/7720/2371 2370/5443/2370
f 3575/4190/3575 3968/5539/3968 2188/2388/2188
f 4877/6858/4877 2977/3392/2977 1122/1193/1122
f 2511/2778/2511 4666/6601/4666 114/2779/114
f 4994/7721/4994 4264/5255/4264 908/7722/908
f 3588/7723/3588 4994/7724/4994 908/7725/908
f 4911/7129/4911 2974/3386/2974 4802/6605/4802
f 3785/7444/3785 4613/6041/4613 2081/4920/2081
f 2530/2805/2530 2529/2804/2529 2820/3172/2820
f 2530/2805/2530 2820/3172/2820 3817/4526/3817
f 4848/6854/4848 4094/4971/4094 4016/4836/4016
f 4848/6854/4848 4016/4836/4016 1688/1808/1688
f 4303/5450/4303 4982/7538/4982 4361/5451/4361
f 4451/5633/4451 417/428/417 779/820/779
f 4451/5633/4451 779/820/779 522/7726/522
f 4774/6523/4774 4667/6197/4667 1011/1072/1011
f 4591/5987/4591 889/943/889 4983/7727/4983
f 4460/5657/4460 1313/1408/1313 2005/2174/2005
f 3457/4027/3457 665/2780/665 3848/4573/3848
f 1346/1441/1346 2557/2839/2557 4427/5576/4427
f 1346/1441/1346 4427/5576/4427 4426/5575/4426
f 2732/3059/2732 507/524/507 2733/3060/2733
f 2089/6274/2089 3892/4632/3892 398/4631/398
f 4486/5729/4486 2882/3265/2882 4642/6117/4642
f 4323/5371/4323 1579/6373/1579 1578/5446/1578
f 2981/3400/2981 2309/2539/2309 2982/3401/2982
f 2315/2546/2315 2411/2654/2411 3985/5646/3985
f 4969/7375/4969 1103/1174/1103 2126/7728/2126
f 685/716/685 2389/4463/2389 3775/4465/3775
f 4726/7729/4726 3275/7730/3275 4796/6588/4796
f 4437/5593/4437 4897/6937/4897 4963/7296/4963
f 3296/7621/3296 1909/4429/1909 1908/7731/1908
f 735/771/735 3198/7732/3198 3725/7733/3725
f 2007/7347/2007 735/771/735 3725/7733/3725
f 2151/2345/2151 4792/6575/4792 4704/6574/4704
f 2149/2343/2149 2151/2345/2151 4704/6574/4704
f 2879/3262/2879 3908/7734/3908 758/4820/758
f 1997/2161/1997 2677/2990/2677 3972/7735/3972
f 2048/7736/2048 4458/5647/4458 2002/2171/2002
f 1090/1159/1090 205/214/205 3782/7594/3782
f 4264/5255/4264 1758/5254/1758 908/7722/908
f 3022/3450/3022 1480/4204/1480 4061/7383/4061
f 823/870/823 4194/5132/4194 824/871/824
f 892/946/892 891/945/891 4577/6108/4577
f 1621/1732/1621 3426/6633/3426 1441/7737/1441
f 3434/3999/3434 1621/1732/1621 1441/7737/1441
f 2094/3398/2094 696/729/696 1764/7738/1764
f 2786/3125/2786 556/576/556 1797/6638/1797
f 3482/7739/3482 4035/7740/4035 3839/7741/3839
f 2087/2269/2087 3482/7140/3482 3839/7742/3839
f 3742/4415/3742 3034/7743/3034 354/5029/354
f 2996/7744/2996 4033/7500/4033 2997/7501/2997
f 41/48/41 44/51/44 2859/7745/2859
f 3862/5217/3862 3731/7746/3731 1462/5218/1462
f 4486/5729/4486 4642/6117/4642 4487/5730/4487
f 1114/1185/1114 1113/1184/1113 1532/1636/1532
f 3591/4209/3591 3317/5497/3317 3592/4210/3592
f 795/7466/795 523/541/523 405/6489/405
f 3912/5480/3912 3221/3708/3221 4818/6678/4818
f 3239/7391/3239 4862/6802/4862 2514/2787/2514
f 3239/7391/3239 2514/2787/2514 3240/7747/3240
f 4949/7194/4949 573/7748/573 3804/7195/3804
f 3958/4739/3958 3538/4134/3538 4205/5145/4205
f 2325/7539/2325 3376/3915/3376 2326/3147/2326
f 2395/2633/2395 1547/1651/1547 1546/1650/1546
f 4558/7749/4558 3253/3748/3253 4234/5202/4234
f 622/7750/622 621/5614/621 2589/2878/2589
f 475/492/475 474/491/474 3254/6277/3254
f 2739/3069/2739 2764/3096/2764 1392/1489/1392
f 2739/3069/2739 1392/1489/1392 1395/1492/1395
f 1964/2124/1964 1963/2123/1963 2432/2679/2432
f 2093/2275/2093 591/612/591 4608/6031/4608
f 4298/7751/4298 3991/6703/3991 4545/5875/4545
f 4899/6945/4899 1261/1349/1261 584/605/584
f 1909/4429/1909 3754/4431/3754 476/7752/476
f 3525/4117/3525 1149/1223/1149 1150/1225/1150
f 4518/5806/4518 4932/7753/4932 4994/7724/4994
f 4676/6230/4676 1130/1201/1130 4677/7754/4677
f 4894/7352/4894 3713/4378/3713 907/2636/907
f 636/661/636 635/660/635 1785/5602/1785
f 4448/5623/4448 4889/6901/4889 3810/4515/3810
f 3486/4064/3486 1803/1941/1803 4454/5639/4454
f 3486/4064/3486 4454/5639/4454 4118/5011/4118
f 2108/2296/2108 2880/6659/2880 2109/2297/2109
f 2779/3117/2779 4409/5543/4409 1236/1323/1236
f 2779/3117/2779 1236/1323/1236 2583/7755/2583
f 2741/3100/2741 2706/3024/2706 2659/2964/2659
f 3050/3481/3050 3049/3480/3049 2612/6279/2612
f 1698/1822/1698 242/1824/242 3449/4018/3449
f 467/484/467 3640/4276/3640 2418/2661/2418
f 1948/2923/1948 2626/2922/2626 3887/4624/3887
f 1132/2198/1132 2029/2200/2029 1133/6898/1133
f 472/489/472 475/492/475 3335/3866/3335
f 4482/5723/4482 3381/3922/3381 3382/3924/3382
f 4713/6329/4713 3592/4210/3592 4525/5823/4525
f 4995/7756/4995 4691/6265/4691 4515/5801/4515
f 4348/6963/4348 1704/1830/1704 3605/6325/3605
f 3063/3501/3063 2744/3076/2744 993/1052/993
f 3064/3502/3064 3063/3501/3063 993/1052/993
f 610/634/610 4982/7538/4982 611/635/611
f 4778/6533/4778 4928/7552/4928 4779/6534/4779
f 3295/6756/3295 4871/7757/4871 3296/7758/3296
f 4165/5085/4165 3001/3426/3001 4987/7576/4987
f 3120/3577/3120 4165/5085/4165 4987/7576/4987
f 4943/7151/4943 437/7759/437 4561/7709/4561
f 1374/3500/1374 2596/4951/2596 154/6201/154
f 467/4676/467 3922/4675/3922 3342/3875/3342
f 3639/4275/3639 467/484/467 3342/5411/3342
f 4814/6667/4814 2494/2757/2494 4385/6668/4385
f 4828/6708/4828 4882/6881/4882 2628/2925/2628
f 4526/5826/4526 4765/6501/4765 1682/1802/1682
f 1507/1610/1507 927/981/927 2769/3103/2769
f 4757/6484/4757 775/819/775 2468/6485/2468
f 2072/3316/2072 2919/3318/2919 3386/3932/3386
f 3640/4276/3640 2013/6264/2013 430/5644/430
f 115/122/115 2358/2593/2358 1579/6373/1579
f 4443/5608/4443 4442/5607/4442 4386/7077/4386
f 4515/5801/4515 4691/6265/4691 3518/5941/3518
f 3476/6021/3476 2717/3818/2717 3307/3819/3307
f 4690/6262/4690 4310/7651/4310 3602/4223/3602
f 4690/6262/4690 3602/4223/3602 3601/4222/3601
f 818/865/818 4092/4969/4092 3107/3561/3107
f 3092/3538/3092 1038/3537/1038 4835/7561/4835
f 3092/3538/3092 4835/7561/4835 4557/5918/4557
f 3398/3952/3398 3619/5860/3619 652/3953/652
f 3308/6828/3308 1347/7474/1347 3694/4354/3694
f 4996/7760/4996 3745/4418/3745 4882/6881/4882
f 4881/6880/4881 4996/7760/4996 4882/6881/4882
f 340/349/340 331/340/331 559/7761/559
f 3811/5957/3811 1983/2145/1983 947/2144/947
f 2973/3385/2973 4564/6604/4564 2974/3386/2974
f 4346/5416/4346 3392/3941/3392 2388/2626/2388
f 4834/6722/4834 502/519/502 1259/1347/1259
f 4274/5276/4274 2625/2920/2625 1004/1065/1004
f 1032/1096/1032 3964/4748/3964 3145/3607/3145
f 3828/4549/3828 4903/6955/4903 2006/2175/2006
f 3768/4447/3768 352/361/352 354/363/354
f 103/110/103 1175/1252/1175 1177/1254/1177
f 2987/3407/2987 2986/3406/2986 1592/6039/1592
f 1475/7571/1475 4442/5607/4442 1787/5609/1787
f 2695/3009/2695 2694/3008/2694 2528/2803/2528
f 2695/3009/2695 2528/2803/2528 1873/2019/1873
f 2685/2999/2685 4332/5384/4332 2686/3000/2686
f 4383/5499/4383 4997/7762/4997 4161/5078/4161
f 4160/5077/4160 4383/5499/4383 4161/5078/4161
f 331/340/331 333/342/333 560/7763/560
f 4258/5241/4258 4812/7196/4812 4396/5666/4396
f 4258/5241/4258 4396/5666/4396 4259/5242/4259
f 945/5774/945 4378/5487/4378 4147/7764/4147
f 857/906/857 3343/3876/3343 2104/2290/2104
f 2898/3289/2898 1659/1775/1659 2637/2935/2637
f 4494/5891/4494 2684/3234/2684 2860/3233/2860
f 1204/7047/1204 750/787/750 3073/3513/3073
f 3187/6642/3187 1953/7348/1953 2121/2312/2121
f 3187/6642/3187 2121/2312/2121 4809/6643/4809
f 1223/1309/1223 3119/3576/3119 2406/2649/2406
f 2669/2980/2669 1014/1075/1014 4215/5169/4215
f 1527/1630/1527 4502/5764/4502 1465/1565/1465
f 2663/7569/2663 3572/5680/3572 4466/5679/4466
f 4069/7426/4069 2572/6257/2572 1850/1996/1850
f 2307/2536/2307 2911/3304/2911 1043/1107/1043
f 1404/3925/1404 4946/7179/4946 256/265/256
f 3314/3827/3314 3315/3828/3315 3422/3980/3422
f 3142/6016/3142 1842/1988/1842 1844/1990/1844
f 4981/7532/4981 2988/3409/2988 2990/3411/2990
f 4151/5060/4151 4153/5062/4153 4528/5833/4528
f 2129/7765/2129 2668/5604/2668 2130/3982/2130
f 2448/3330/2448 554/574/554 553/573/553
f 4594/5992/4594 4942/7149/4942 2128/4051/2128
f 4206/7766/4206 1434/1534/1434 2320/2551/2320
f 1032/7767/1032 4206/7766/4206 2320/2551/2320
f 3223/3710/3223 567/587/567 2869/4719/2869
f 4317/5360/4317 1838/1981/1838 4930/7103/4930
f 1149/1223/1149 4317/5360/4317 4930/7103/4930
f 1182/1260/1182 1026/1259/1026 3736/4408/3736
f 4/4/4 1917/2069/1917 563/583/563
f 2978/6891/2978 3644/4280/3644 2342/2575/2342
f 4998/7768/4998 4869/6833/4869 1126/1197/1126
f 3244/5226/3244 1891/2040/1891 4418/5697/4418
f 1670/3490/1670 1669/5291/1669 1045/1109/1045
f 1670/3490/1670 1045/1109/1045 1852/1998/1852
f 2731/3058/2731 2733/3060/2733 2818/3168/2818
f 3998/4808/3998 2827/3184/2827 3062/3498/3062
f 692/723/692 3150/3614/3150 693/724/693
f 2466/2727/2466 863/916/863 4138/5041/4138
f 4742/6924/4742 4383/5499/4383 3274/5323/3274
f 160/167/160 4496/5752/4496 161/168/161
f 3232/3721/3232 2346/3723/2346 2345/7604/2345
f 4319/5362/4319 3103/5559/3103 3256/3751/3256
f 4460/5657/4460 2951/3361/2951 4131/6125/4131
f 556/2751/556 1798/1936/1798 1797/1935/1797
f 2002/2171/2002 4458/5647/4458 4166/5086/4166
f 3062/3498/3062 3778/7769/3778 3813/7770/3813
f 4005/4819/4005 3062/3498/3062 3813/7770/3813
f 711/745/711 2704/5879/2704 3982/4783/3982
f 2301/2529/2301 898/952/898 3425/3984/3425
f 4602/7112/4602 3141/3601/3141 3142/3603/3142
f 4235/5203/4235 3952/7671/3952 3756/4433/3756
f 2548/2830/2548 4909/6974/4909 2549/2831/2549
f 1436/1536/1436 3231/5473/3231 2883/7771/2883
f 46/53/46 3978/4775/3978 1402/1499/1402
f 46/53/46 1402/1499/1402 1401/1498/1401
f 2386/2624/2386 3988/4793/3988 4556/5906/4556
f 2202/4771/2202 3976/4770/3976 2199/5344/2199
f 3511/7772/3511 1892/2041/1892 3423/5225/3423
f 4957/7252/4957 3511/4095/3511 3423/7253/3423
f 4214/5168/4214 3169/3638/3169 4920/7063/4920
f 4204/7773/4204 4542/6657/4542 2292/2519/2292
f 2554/2836/2554 3855/4580/3855 3749/7482/3749
f 1232/1319/1232 3475/4052/3475 3537/6848/3537
f 1684/1804/1684 1051/1117/1051 3232/3721/3232
f 298/307/298 93/7774/93 92/7775/92
f 3407/3962/3407 4371/5475/4371 4372/5476/4372
f 1572/1678/1572 1535/1639/1535 3840/4563/3840
f 2064/2238/2064 4927/7096/4927 2473/2734/2473
f 179/186/179 181/188/181 4804/6607/4804
f 1244/1331/1244 1246/1333/1246 1013/5186/1013
f 3661/4305/3661 3045/3476/3045 3047/3478/3047
f 3502/5191/3502 478/3063/478 3503/7579/3503
f 3183/3656/3183 1494/1595/1494 3571/4186/3571
f 3184/3657/3184 3183/3656/3183 3571/4186/3571
f 1069/5747/1069 1019/2103/1019 1021/1588/1021
f 1183/1263/1183 1003/1262/1003 1217/1303/1217
f 2770/3104/2770 4921/7065/4921 4985/7559/4985
f 3190/3668/3190 3086/3528/3086 3164/3630/3164
f 3191/7163/3191 3190/3668/3190 3164/3630/3164
f 3086/3528/3086 1584/3669/1584 1586/3529/1586
f 233/6094/233 1352/6967/1352 3052/3485/3052
f 1488/3484/1488 233/6094/233 3052/3485/3052
f 3264/3760/3264 3263/3759/3263 1176/1253/1176
f 3264/3760/3264 1176/1253/1176 1175/1252/1175
f 3346/3879/3346 3442/4009/3442 3692/5734/3692
f 3759/4436/3759 1664/1781/1664 3679/4330/3679
f 3681/4332/3681 3759/4436/3759 3679/4330/3679
f 2985/7419/2985 2792/3131/2792 2793/3132/2793
f 408/419/408 645/670/645 4726/7418/4726
f 880/933/880 408/6888/408 4726/6379/4726
f 3825/7410/3825 3864/4591/3864 3863/4590/3863
f 2128/4051/2128 4942/7149/4942 4993/7776/4993
f 4908/6966/4908 2691/7640/2691 1558/7777/1558
f 1871/2017/1871 3314/3827/3314 3422/3980/3422
f 3021/3449/3021 3587/4202/3587 3022/3450/3022
f 1436/1536/1436 2883/7771/2883 4480/5718/4480
f 4615/7465/4615 4439/5598/4439 3069/5600/3069
f 3520/4111/3520 1082/7778/1082 1853/1999/1853
f 395/1448/395 235/244/235 248/257/248
f 808/855/808 4867/6827/4867 2483/2745/2483
f 3964/4748/3964 1101/1172/1101 3145/3607/3145
f 2758/3090/2758 512/529/512 1030/1092/1030
f 354/5873/354 3034/7779/3034 2360/3541/2360
f 3817/6386/3817 2820/7780/2820 3011/3438/3011
f 3915/6762/3915 1996/2160/1996 2993/3415/2993
f 215/224/215 335/344/335 3939/4707/3939
f 851/900/851 3757/7781/3757 2016/2185/2016
f 1070/1137/1070 1069/1136/1069 1487/3483/1487
f 4511/5791/4511 2609/6628/2609 4130/5792/4130
f 1274/1364/1274 1169/1367/1169 3712/7782/3712
f 3072/4603/3072 4895/6930/4895 3872/4604/3872
f 3100/3550/3100 3136/3596/3136 612/636/612
f 745/781/745 747/783/747 3237/3731/3237
f 1305/1400/1305 733/769/733 4922/7071/4922
f 2573/2861/2573 1110/1181/1110 4211/5163/4211
f 436/448/436 585/606/585 2806/6330/2806
f 1696/6699/1696 3428/3989/3428 3229/5760/3229
f 4782/6545/4782 1854/6233/1854 1853/6755/1853
f 32/37/32 33/38/33 2641/2939/2641
f 4679/6236/4679 1614/1724/1614 1613/1723/1613
f 4872/6841/4872 1917/2069/1917 4/4/4
f 4290/5309/4290 1457/1557/1457 1868/7475/1868
f 1852/1998/1852 1851/1997/1851 3210/3691/3210
f 3209/3690/3209 1852/1998/1852 3210/3691/3210
f 2312/2542/2312 4878/6863/4878 1963/2123/1963
f 3277/3778/3277 3276/3777/3276 109/116/109
f 1253/1341/1253 3039/3468/3039 2023/4147/2023
f 4179/5110/4179 3073/3513/3073 752/789/752
f 1105/1176/1105 139/146/139 1650/7783/1650
f 472/4102/472 2305/5592/2305 2504/4103/2504
f 2192/2393/2192 2194/2395/2194 1192/1274/1192
f 4184/5119/4184 818/865/818 415/426/415
f 4502/5764/4502 3915/4664/3915 620/5783/620
f 768/807/768 4926/7087/4926 4497/7689/4497
f 4886/7784/4886 435/447/435 4943/7785/4943
f 2560/7786/2560 935/7787/935 353/362/353
f 3595/4213/3595 2281/2502/2281 2280/2501/2280
f 1172/1249/1172 4122/7788/4122 1548/1652/1548
f 4620/6053/4620 4484/5726/4484 2226/6868/2226
f 1455/1555/1455 2330/2563/2330 1456/1556/1456
f 3515/4105/3515 2696/3010/2696 3316/3829/3316
f 1472/1572/1472 2527/5561/2527 4630/6072/4630
f 156/163/156 155/162/155 1712/1838/1712
f 4394/5520/4394 3344/4919/3344 15/18/15
f 4394/5520/4394 15/18/15 3773/4461/3773
f 4995/7756/4995 4515/5801/4515 4514/5800/4514
f 3557/4169/3557 4660/6171/4660 3556/4168/3556
f 3303/3812/3303 2994/3419/2994 2997/3422/2997
f 1708/1834/1708 4020/4841/4020 3043/5251/3043
f 3182/7789/3182 2631/2928/2631 3824/4545/3824
f 4195/5134/4195 2101/2283/2101 1292/6693/1292
f 3369/3908/3369 1275/1365/1275 3777/4467/3777
f 3369/3908/3369 3777/4467/3777 4395/5521/4395
f 1172/7790/1172 1174/5652/1174 4121/5019/4121
f 3242/3736/3242 3245/3739/3245 337/346/337
f 336/345/336 3242/3736/3242 337/346/337
f 4781/6544/4781 882/935/882 3363/3901/3363
f 2597/2886/2597 1581/1687/1581 2992/3414/2992
f 3909/5591/3909 3908/7390/3908 705/739/705
f 3406/3961/3406 2245/2458/2245 4787/6557/4787
f 3521/4112/3521 2153/2347/2153 663/693/663
f 4103/7074/4103 4520/7284/4520 803/850/803
f 3930/4694/3930 4103/7074/4103 803/850/803
f 434/446/434 266/275/266 1321/7255/1321
f 4306/5340/4306 4305/5339/4305 4417/5558/4417
f 3462/4034/3462 4355/6132/4355 4789/6560/4789
f 3968/4754/3968 2981/3400/2981 2980/3399/2980
f 406/417/406 3968/6346/3968 2980/7589/2980
f 2960/3371/2960 2959/3370/2959 4071/7791/4071
f 2244/2457/2244 1458/1558/1458 711/745/711
f 2723/3046/2723 4656/6157/4656 786/828/786
f 1033/1097/1033 2723/3046/2723 786/828/786
f 4801/6653/4801 3950/7792/3950 4819/6684/4819
f 3319/3835/3319 1555/3834/1555 1050/1114/1050
f 394/405/394 1285/1376/1285 1070/1137/1070
f 1864/2010/1864 1863/2009/1863 4972/7547/4972
f 3218/3701/3218 4407/6443/4407 4950/7793/4950
f 3623/4257/3623 3967/4753/3967 3624/4258/3624
f 3055/3488/3055 1765/1901/1765 1764/1900/1764
f 4700/6295/4700 3254/6277/3254 4558/5919/4558
f 4557/5918/4557 4700/6295/4700 4558/5919/4558
f 228/237/228 227/236/227 2427/2672/2427
f 1832/1975/1832 4749/7794/4749 4009/5727/4009
f 426/7268/426 2127/2319/2127 424/736/424
f 4914/7021/4914 593/614/593 592/613/592
f 2291/2518/2291 2290/2517/2290 4715/6341/4715
f 2741/3100/2741 2659/2964/2659 4464/5672/4464
f 318/6666/318 4385/6668/4385 624/7795/624
f 4254/5851/4254 4989/7627/4989 2742/3074/2742
f 519/5415/519 3568/4183/3568 3356/7577/3356
f 4921/7065/4921 2769/3103/2769 4021/4842/4021
f 2562/3167/2562 4220/6620/4220 2731/3058/2731
f 4696/6580/4696 1927/2082/1927 289/298/289
f 1609/1719/1609 4623/6057/4623 4036/4867/4036
f 552/7138/552 634/659/634 3973/4767/3973
f 372/383/372 374/385/374 2142/2334/2142
f 3591/4209/3591 1688/1808/1688 4016/4836/4016
f 163/4688/163 2602/4690/2602 4253/5235/4253
f 79/86/79 3096/4452/3096 1599/2813/1599
f 245/254/245 4765/6501/4765 246/255/246
f 4537/5849/4537 1060/1127/1060 1949/2109/1949
f 4089/7796/4089 1949/7797/1949 2359/7798/2359
f 3840/7799/3840 3843/7800/3843 3509/4093/3509
f 268/277/268 3840/7799/3840 3509/4093/3509
f 4959/7276/4959 4479/6583/4479 2597/2886/2597
f 2216/2424/2216 3568/4183/3568 3732/4402/3732
f 4576/5959/4576 1790/1927/1790 4687/7182/4687
f 2770/3104/2770 2769/3103/2769 4921/7065/4921
f 50/2099/50 4146/7801/4146 3515/4105/3515
f 3175/3647/3175 3346/3879/3346 2635/2933/2635
f 282/291/282 3412/3968/3412 2262/2478/2262
f 4365/5460/4365 1345/1440/1345 3308/3821/3308
f 2030/2201/2030 3778/4468/3778 2031/2202/2031
f 3081/3521/3081 3082/3523/3082 4340/5544/4340
f 713/747/713 3474/7061/3474 1580/7802/1580
f 256/7803/256 255/808/255 770/810/770
f 4398/5524/4398 4816/6675/4816 4536/5848/4536
f 4398/5524/4398 4536/5848/4536 4537/5849/4537
f 3258/3754/3258 2943/3348/2943 4459/5655/4459
f 94/101/94 4109/7804/4109 3945/4715/3945
f 4978/7497/4978 4320/5363/4320 1597/6047/1597
f 1829/1969/1829 2353/2588/2353 1828/1968/1828
f 2159/2355/2159 2798/3139/2798 4967/7638/4967
f 3383/3927/3383 1663/1780/1663 2825/7053/2825
f 3383/3927/3383 2825/7053/2825 4663/6177/4663
f 3511/7772/3511 3510/7805/3510 4300/7806/4300
f 3511/7772/3511 4300/7806/4300 1892/2041/1892
f 2366/2601/2366 3549/7591/3549 2458/4382/2458
f 3636/4936/3636 1055/1122/1055 742/778/742
f 3351/3887/3351 1979/2140/1979 1756/1890/1756
f 3103/3553/3103 3102/3552/3102 3256/6908/3256
f 3424/7807/3424 4701/6296/4701 3425/4480/3425
f 3275/7808/3275 3670/4319/3670 4578/5964/4578
f 2825/3182/2825 3998/4808/3998 4607/7809/4607
f 4663/7810/4663 2825/3182/2825 4607/7809/4607
f 4241/6603/4241 921/975/921 350/359/350
f 2435/2682/2435 4763/6497/4763 3267/3763/3267
f 3266/3762/3266 2435/2682/2435 3267/3763/3267
f 2259/7811/2259 3449/4018/3449 1037/7642/1037
f 2259/2475/2259 1037/6664/1037 2745/3077/2745
f 3523/4114/3523 1559/1664/1559 3105/3556/3105
f 476/493/476 3754/7812/3754 477/494/477
f 1937/2092/1937 1150/6622/1150 150/157/150
f 295/304/295 297/306/297 3520/5803/3520
f 295/304/295 3520/5803/3520 3731/7813/3731
f 3388/3935/3388 3387/3934/3387 866/915/866
f 2243/7286/2243 639/664/639 638/663/638
f 4703/6303/4703 2976/3389/2976 2150/3391/2150
f 2149/6304/2149 4703/6303/4703 2150/3391/2150
f 1399/2045/1399 4732/6404/4732 4470/7109/4470
f 742/778/742 1054/1121/1054 743/779/743
f 4149/5057/4149 4321/7653/4321 3727/4396/3727
f 3548/4601/3548 3166/3633/3166 1047/1111/1047
f 4403/7814/4403 4113/5004/4113 2986/3406/2986
f 4532/5839/4532 3696/4358/3696 4720/6352/4720
f 4719/6351/4719 4532/5839/4532 4720/6352/4720
f 1306/1398/1306 4999/7815/4999 4270/5265/4270
f 2088/2270/2088 4544/5874/4544 4031/4858/4031
f 3871/4599/3871 2690/3004/2690 4472/6801/4472
f 4943/7785/4943 435/447/435 437/449/437
f 2834/7291/2834 3505/4089/3505 3290/7816/3290
f 1755/1889/1755 1686/1806/1686 1685/1805/1685
f 4962/7287/4962 2160/2356/2160 2161/2358/2161
f 1572/7714/1572 3840/7799/3840 268/277/268
f 267/276/267 1572/7714/1572 268/277/268
f 235/244/235 234/243/234 393/404/393
f 4699/7817/4699 4698/7031/4698 4534/5844/4534
f 4699/7817/4699 4534/5844/4534 1727/1855/1727
f 4857/6787/4857 3557/4169/3557 3045/3476/3045
f 1423/7818/1423 4220/6620/4220 2562/3167/2562
f 2147/2340/2147 2148/2342/2148 1199/1281/1199
f 1040/1104/1040 3618/4250/3618 1041/1105/1041
f 4042/7819/4042 649/7820/649 951/7821/951
f 2163/2360/2163 4923/7822/4923 3552/7050/3552
f 1845/1991/1845 4157/5070/4157 1846/1992/1846
f 4510/7064/4510 3289/3797/3289 4321/5366/4321
f 4979/7510/4979 4838/6733/4838 4210/5161/4210
f 1709/6582/1709 1711/5898/1711 1324/1419/1324
f 4115/5007/4115 4190/5128/4190 796/841/796
f 4966/7351/4966 1244/5899/1244 3713/4378/3713
f 4829/6710/4829 5000/7823/5000 4830/6711/4830
f 1795/1933/1795 4723/6716/4723 1796/1934/1796
f 37/7824/37 4751/6460/4751 38/46/38
f 3814/4520/3814 3815/4522/3815 2294/6270/2294
f 2154/2348/2154 2033/2204/2033 2035/2206/2035
f 2312/2542/2312 4807/6616/4807 4878/6863/4878
f 4765/6501/4765 245/254/245 1536/6502/1536
f 1443/1543/1443 2950/3360/2950 3413/3969/3413
f 3154/7825/3154 1079/1148/1079 4929/7102/4929
f 3789/4486/3789 4956/7584/4956 3790/4487/3790
f 1119/7826/1119 4501/7827/4501 1206/1291/1206
f 747/783/747 3433/3998/3433 370/381/370
f 4867/6827/4867 808/855/808 2102/2287/2102
f 74/81/74 282/291/282 2261/2477/2261
f 4923/7072/4923 3506/4090/3506 3583/4198/3583
f 1495/5617/1495 2285/7828/2285 4368/5466/4368
f 2713/3820/2713 458/474/458 457/473/457
f 4410/5546/4410 29/1299/29 1215/1301/1215
f 1618/7829/1618 4696/7830/4696 3682/7831/3682
f 1500/1601/1500 1502/1603/1502 3940/4710/3940
f 3442/4009/3442 1500/1601/1500 3940/4710/3940
f 768/807/768 841/889/841 766/805/766
f 2328/2561/2328 1897/2048/1897 2329/2562/2329
f 2279/4803/2279 1286/1377/1286 3304/6372/3304
f 4621/6055/4621 3875/4607/3875 4620/6053/4620
f 3302/3811/3302 542/562/542 3134/3594/3134
f 3932/4696/3932 2183/6024/2183 2561/2845/2561
f 2428/2673/2428 741/6995/741 228/237/228
f 931/985/931 2604/6033/2604 932/986/932
f 3392/3941/3392 2247/2460/2247 2388/2626/2388
f 893/947/893 3150/5079/3150 894/948/894
f 3800/4503/3800 4860/6797/4860 2846/7832/2846
f 1727/1855/1727 4534/5844/4534 1728/1856/1728
f 1007/6357/1007 4707/6308/4707 1364/6358/1364
f 106/113/106 105/112/105 4375/7833/4375
f 106/113/106 4375/7833/4375 777/817/777
f 2621/2916/2621 4563/5928/4563 2622/2917/2622
f 2989/5929/2989 4793/6585/4793 4126/5930/4126
f 4984/7558/4984 4161/5078/4161 4997/7762/4997
f 3639/4275/3639 2668/5604/2668 2013/6264/2013
f 1466/6608/1466 4431/5581/4431 1386/1483/1386
f 1232/1319/1232 955/1013/955 957/1015/957
f 4633/6185/4633 4696/6287/4696 3703/7834/3703
f 2175/7835/2175 3468/6602/3468 1707/1833/1707
f 4990/7696/4990 2526/7836/2526 1654/1770/1654
f 3940/4893/3940 1502/2940/1502 3483/4060/3483
f 2131/6354/2131 2132/5536/2132 4722/6355/4722
f 3031/3459/3031 3508/4092/3508 4369/5468/4369
f 2498/5307/2498 3439/4006/3439 1788/4005/1788
f 124/7683/124 2075/2253/2075 4485/7837/4485
f 4262/5250/4262 2575/2863/2575 2578/2866/2578
f 188/195/188 1371/1468/1371 1370/1467/1370
f 3709/4372/3709 1152/1227/1152 3252/3747/3252
f 4000/4812/4000 1405/7838/1405 3495/6624/3495
f 3040/3470/3040 1841/5619/1841 2194/2395/2194
f 4956/7584/4956 3969/5778/3969 4506/5777/4506
f 3618/4250/3618 4747/7325/4747 943/1001/943
f 1431/1531/1431 3325/3847/3325 1432/1532/1432
f 4366/5464/4366 4060/4912/4060 3914/6745/3914
f 4334/5387/4334 2092/2274/2092 3093/3539/3093
f 473/490/473 2504/7839/2504 2193/7840/2193
f 3735/4407/3735 3736/4408/3736 4797/6590/4797
f 2148/2342/2148 2734/3064/2734 3672/4322/3672
f 361/372/361 2999/3424/2999 3400/3955/3400
f 3289/3797/3289 3015/6947/3015 3014/5367/3014
f 1090/1159/1090 909/7270/909 205/214/205
f 4204/6164/4204 3331/6166/3331 4542/5866/4542
f 2078/2257/2078 3722/4390/3722 2079/2258/2079
f 2317/2548/2317 4935/7841/4935 2464/7282/2464
f 343/352/343 1151/1226/1151 344/353/344
f 4590/5986/4590 4591/5987/4591 4914/7021/4914
f 3789/6817/3789 1881/2029/1881 4952/7208/4952
f 3789/6817/3789 4952/7208/4952 4956/7238/4956
f 1857/2003/1857 1726/7370/1726 4880/6878/4880
f 2791/3130/2791 1518/1621/1518 1337/7842/1337
f 3936/4700/3936 4238/7843/4238 4661/6172/4661
f 4156/5069/4156 2189/2390/2189 4632/6079/4632
f 1116/3779/1116 4083/4957/4083 3278/3780/3278
f 3062/6003/3062 4598/6002/4598 3778/6688/3778
f 3676/4327/3676 763/802/763 2653/2955/2653
f 325/7101/325 3008/3435/3008 4665/6189/4665
f 1202/7548/1202 325/7101/325 4665/6189/4665
f 2186/7041/2186 1850/1996/1850 1849/1995/1849
f 3786/4482/3786 3990/4798/3990 3965/4797/3965
f 2166/2363/2166 4907/7314/4907 4919/7058/4919
f 3624/4587/3624 4389/5905/4389 3213/3696/3213
f 8/11/8 4859/6796/4859 78/85/78
f 1952/5245/1952 3718/4385/3718 1953/7348/1953
f 3665/4310/3665 3143/3605/3143 2531/2806/2531
f 4357/5435/4357 2383/2621/2383 2382/2620/2382
f 4907/7314/4907 1838/1981/1838 4317/5360/4317
f 483/500/483 482/499/482 1652/1768/1652
f 483/500/483 1652/1768/1652 3487/4065/3487
f 4056/4906/4056 3223/3710/3223 2868/4718/2868
f 456/472/456 2422/2666/2422 457/473/457
f 2678/7844/2678 4414/5553/4414 1709/1835/1709
f 4655/6149/4655 4219/7845/4219 1885/2841/1885
f 4469/6957/4469 4373/5478/4373 2391/7394/2391
f 4660/6171/4660 4349/7551/4349 4201/5141/4201
f 4201/5141/4201 4716/6342/4716 4202/5142/4202
f 2420/2664/2420 2646/2946/2646 219/228/219
f 1181/3418/1181 1182/5976/1182 4587/5975/4587
f 2989/3410/2989 4564/7846/4564 2973/7080/2973
f 4238/7843/4238 4821/6705/4821 4661/6172/4661
f 952/1010/952 4998/7768/4998 1126/1197/1126
f 3635/4270/3635 3637/4272/3637 2172/2372/2172
f 4896/6933/4896 2574/2862/2574 4212/5164/4212
f 2451/2707/2451 4466/5679/4466 922/976/922
f 3326/7847/3326 1916/5963/1916 461/5005/461
f 4607/7809/4607 3998/4808/3998 4004/4818/4004
f 2768/3102/2768 1507/1610/1507 2769/3103/2769
f 3402/4988/3402 4645/6536/4645 4104/4989/4104
f 3769/4449/3769 3089/7848/3089 1941/2096/1941
f 883/937/883 4865/6819/4865 3363/3901/3363
f 1731/1861/1731 2633/3649/2633 734/770/734
f 2186/2386/2186 3871/4599/3871 2187/2387/2187
f 2358/7093/2358 1785/1921/1785 1784/1920/1784
f 4391/6983/4391 3620/7652/3620 2332/3725/2332
f 3201/7849/3201 2586/7503/2586 4433/5585/4433
f 3201/7849/3201 4433/5585/4433 400/630/400
f 3281/7850/3281 4018/4839/4018 3042/5270/3042
f 1847/1993/1847 2103/2289/2103 3534/4130/3534
f 1080/1149/1080 1082/1151/1082 296/305/296
f 573/7748/573 4949/7194/4949 574/4162/574
f 1435/1535/1435 1514/1617/1514 1436/1536/1436
f 4359/7851/4359 4600/6364/4600 4240/5210/4240
f 3427/3988/3427 2585/2874/2585 2584/2873/2584
f 509/526/509 1428/1528/1428 3980/4778/3980
f 2490/2900/2490 2610/2899/2610 2491/7242/2491
f 570/590/570 3415/5784/3415 3416/5284/3416
f 513/530/513 1967/2127/1967 1966/2126/1966
f 4577/5961/4577 3440/7852/3440 618/5962/618
f 1827/1967/1827 3684/7360/3684 4195/7853/4195
f 2845/3209/2845 3041/3471/3041 2762/3094/2762
f 3994/5896/3994 4981/7532/4981 3585/4200/3585
f 4908/7854/4908 1558/7855/1558 1771/7856/1771
f 1722/1860/1722 2633/3649/2633 1731/1861/1731
f 1822/1962/1822 2117/7857/2117 1820/1960/1820
f 4583/5971/4583 4056/4906/4056 2491/2754/2491
f 4505/5776/4505 3161/3627/3161 2771/3105/2771
f 1295/3991/1295 3430/3993/3430 4939/7134/4939
f 4026/4850/4026 1575/1681/1575 1577/1683/1577
f 4790/6563/4790 4041/4876/4041 4761/6495/4761
f 3779/6458/3779 1919/2071/1919 1314/7858/1314
f 3144/7859/3144 3779/6458/3779 1314/7858/1314
f 1047/1111/1047 1049/1113/1049 2691/3005/2691
f 2690/3004/2690 1047/1111/1047 2691/3005/2691
f 4856/6786/4856 1541/1645/1541 2877/3258/2877
f 2787/4164/2787 734/770/734 2019/7860/2019
f 1185/1267/1185 3638/4273/3638 1186/1268/1186
f 2549/7203/2549 3305/3814/3305 3448/4017/3448
f 3818/4527/3818 3942/4712/3942 4286/5303/4286
f 4971/7396/4971 3818/4527/3818 4286/5303/4286
f 2813/3162/2813 3844/4568/3844 2932/7861/2932
f 98/105/98 3252/3747/3252 99/106/99
f 45/7862/45 47/5827/47 1880/2028/1880
f 2787/4164/2787 2019/7860/2019 1814/7863/1814
f 1443/1543/1443 3413/3969/3413 4247/5221/4247
f 4246/5220/4246 1443/1543/1443 4247/5221/4247
f 3768/7719/3768 200/209/200 199/208/199
f 4266/5257/4266 3326/7864/3326 461/478/461
f 4266/5257/4266 461/478/461 2208/2412/2208
f 2532/2807/2532 3508/4239/3508 690/2847/690
f 3494/4075/3494 1371/1468/1371 188/195/188
f 3882/4616/3882 382/3239/382 3099/3549/3099
f 2421/4152/2421 3460/4031/3460 2711/3031/2711
f 2048/7736/2048 2002/2171/2002 1164/7865/1164
f 2805/3150/2805 269/278/269 3218/3701/3218
f 4950/7793/4950 2805/3150/2805 3218/3701/3218
f 1713/1839/1713 1712/1838/1712 3857/4582/3857
f 3451/5399/3451 4437/7344/4437 3904/4650/3904
f 1393/1490/1393 3880/4612/3880 4376/5485/4376
f 2942/7310/2942 2727/3054/2727 2726/3053/2726
f 2588/2877/2588 4114/5006/4114 3907/5098/3907
f 1377/1474/1377 3452/4022/3452 2170/2370/2170
f 4806/6612/4806 4769/6508/4769 2004/2173/2004
f 4245/5216/4245 3227/3716/3227 3534/4130/3534
f 4245/5216/4245 3534/4130/3534 2103/2289/2103
f 3939/4707/3939 2481/6839/2481 4666/6601/4666
f 4008/4825/4008 2044/2215/2044 2046/2217/2046
f 922/976/922 4572/6370/4572 923/977/923
f 4939/7134/4939 3430/3993/3430 4940/7135/4940
f 1908/2060/1908 476/493/476 4219/5176/4219
f 741/777/741 247/256/247 706/7099/706
f 3632/4267/3632 2914/3311/2914 3633/4268/3633
f 4772/6517/4772 2043/2214/2043 4752/7293/4752
f 2453/2709/2453 1391/7700/1391 3847/6584/3847
f 2453/2709/2453 3847/6584/3847 4172/5100/4172
f 1600/1707/1600 3096/3543/3096 3392/3941/3392
f 724/760/724 1057/1124/1057 725/761/725
f 2892/3282/2892 1260/5622/1260 3810/4515/3810
f 2630/7866/2630 2632/4284/2632 2716/4283/2716
f 2409/5994/2409 3321/3837/3321 4014/5611/4014
f 1003/1262/1003 4490/5736/4490 3464/4036/3464
f 1877/2023/1877 3992/4801/3992 3381/3922/3381
f 657/687/657 4152/5061/4152 4151/5060/4151
f 658/688/658 657/687/657 4151/5060/4151
f 2362/2597/2362 2361/2596/2361 3886/4623/3886
f 4866/6823/4866 4357/5435/4357 4477/5710/4477
f 2135/2327/2135 2134/2326/2134 2380/7867/2380
f 2838/3200/2838 414/425/414 4529/5836/4529
f 3656/4299/3656 815/862/815 588/6334/588
f 1172/1249/1172 4121/7868/4121 4122/7788/4122
f 361/372/361 342/351/342 341/350/341
f 1643/1759/1643 375/386/375 1644/1760/1644
f 264/681/264 3154/3620/3154 654/682/654
f 4992/7869/4992 4860/6797/4860 4136/5039/4136
f 2934/3338/2934 2933/3337/2933 3193/3670/3193
f 984/1043/984 3913/4661/3913 1666/1784/1666
f 4411/7165/4411 274/4692/274 4968/7365/4968
f 273/282/273 272/281/272 2799/3140/2799
f 208/217/208 12/15/12 2397/2637/2397
f 1151/1226/1151 2551/2833/2551 2876/3255/2876
f 344/353/344 1151/1226/1151 2876/3255/2876
f 1036/1402/1036 1309/1404/1309 3053/3632/3053
f 3420/3977/3420 4996/7760/4996 4285/5302/4285
f 3625/5746/3625 2618/2908/2618 3626/6129/3626
f 2163/2360/2163 2162/2359/2162 4637/6904/4637
f 2163/2360/2163 4637/6904/4637 4923/7822/4923
f 4965/7336/4965 3597/4217/3597 1451/4353/1451
f 3621/4254/3621 4965/7336/4965 1451/4353/1451
f 3112/3567/3112 1233/1320/1233 3362/3900/3362
f 3508/4092/3508 2601/2890/2601 2600/2889/2600
f 3324/3841/3324 4509/5782/4509 4508/5781/4508
f 3870/4598/3870 3869/4597/3869 904/2635/904
f 2342/2575/2342 3645/4281/3645 2343/2576/2343
f 4012/4829/4012 4011/4828/4011 4863/6803/4863
f 232/241/232 1509/4287/1509 3102/3552/3102
f 3221/3708/3221 4899/6945/4899 4818/6678/4818
f 725/761/725 4313/5351/4313 4314/5353/4314
f 92/99/92 91/98/91 2539/2815/2539
f 1020/1081/1020 3540/4136/3540 3539/4135/3539
f 3750/4423/3750 3749/4422/3749 3502/5191/3502
f 2234/2446/2234 4446/5616/4446 4651/6141/4651
f 4922/7870/4922 539/7871/539 4270/5265/4270
f 4990/7696/4990 1654/1770/1654 1653/1769/1653
f 2427/7872/2427 2627/2924/2627 1343/1438/1343
f 4941/7136/4941 4940/7135/4940 4180/5111/4180
f 686/717/686 4511/5791/4511 2620/5793/2620
f 4683/6246/4683 816/7873/816 818/7874/818
f 796/7437/796 4183/5117/4183 3959/4740/3959
f 3251/7875/3251 2322/7876/2322 3844/7877/3844
f 818/865/818 817/864/817 4092/4969/4092
f 225/234/225 3219/7878/3219 223/232/223
f 2656/2959/2656 1106/1177/1106 1647/5159/1647
f 542/562/542 3135/3595/3135 3134/3594/3134
f 1215/1301/1215 1214/1300/1214 3039/3468/3039
f 3060/6294/3060 1833/7879/1833 4618/7326/4618
f 1202/7880/1202 1097/5632/1097 1203/3544/1203
f 3667/4314/3667 2178/2378/2178 4523/7881/4523
f 3668/4315/3668 3667/4314/3667 4523/7881/4523
f 734/770/734 736/772/736 2019/7860/2019
f 4758/6490/4758 2038/2209/2038 2644/7882/2644
f 2175/7835/2175 1707/1833/1707 1706/1832/1706
f 583/604/583 582/603/582 1992/2156/1992
f 3312/3825/3312 3311/3824/3311 2202/4771/2202
f 1165/1242/1165 2287/2511/2287 2077/2256/2077
f 3199/3679/3199 717/753/717 719/755/719
f 2290/2517/2290 403/414/403 4715/6341/4715
f 290/299/290 1926/2081/1926 3080/3520/3080
f 290/299/290 3080/3520/3080 291/300/291
f 4285/5302/4285 4996/7760/4996 4881/6880/4881
f 4841/6740/4841 1760/1895/1760 4958/7271/4958
f 4804/6607/4804 3687/4344/3687 4694/6283/4694
f 3550/4155/3550 854/903/854 1921/2074/1921
f 3594/7883/3594 3788/4485/3788 4458/5678/4458
f 3982/4783/3982 2229/7353/2229 4372/5476/4372
f 3172/3642/3172 4968/7365/4968 802/849/802
f 4584/5972/4584 4586/5974/4586 1107/1178/1107
f 3407/3962/3407 3406/3961/3406 4787/6557/4787
f 3407/3962/3407 4787/6557/4787 4371/5475/4371
f 399/410/399 4937/7128/4937 2179/2379/2179
f 399/410/399 2179/2379/2179 397/408/397
f 2992/3414/2992 426/437/426 425/436/425
f 4939/7134/4939 4941/7136/4941 4780/6539/4780
f 4939/7134/4939 4780/6539/4780 2926/3325/2926
f 4853/7055/4853 2424/2668/2424 1528/1631/1528
f 3261/4341/3261 3685/4340/3685 3262/7884/3262
f 7/10/7 968/1027/968 2399/5789/2399
f 3937/6054/3937 4620/6053/4620 3337/7885/3337
f 10/13/10 3870/4598/3870 12/15/12
f 4000/4812/4000 1404/3925/1404 1405/7838/1405
f 494/511/494 496/513/496 3397/3950/3397
f 687/718/687 494/511/494 3397/3950/3397
f 3528/4121/3528 3527/4120/3527 1251/4324/1251
f 4492/5739/4492 2997/7501/2997 2939/3344/2939
f 1547/1651/1547 2395/2633/2395 3617/4248/3617
f 3113/3570/3113 2800/3145/2800 470/487/470
f 3701/7886/3701 520/7887/520 723/759/723
f 3701/7886/3701 723/759/723 4314/5353/4314
f 1793/3266/1793 334/1056/334 996/1055/996
f 4046/4881/4046 3693/4351/3693 3125/3583/3125
f 2108/2296/2108 1999/7423/1999 1702/7888/1702
f 294/303/294 3715/7598/3715 4648/6133/4648
f 294/303/294 4648/6133/4648 292/301/292
f 4562/5925/4562 3075/7889/3075 3251/4567/3251
f 3705/6895/3705 3025/7890/3025 3027/6896/3027
f 3138/3598/3138 344/4860/344 3733/4405/3733
f 2315/2546/2315 3477/7891/3477 2316/2547/2316
f 2506/7892/2506 1884/7893/1884 1883/7894/1883
f 3205/3685/3205 2506/7892/2506 1883/7894/1883
f 670/701/670 3599/4220/3599 1519/1622/1519
f 1861/3659/1861 1078/7895/1078 4806/6612/4806
f 2004/2173/2004 1861/3659/1861 4806/6612/4806
f 5001/7896/5001 4884/6883/4884 1550/1654/1550
f 5001/7896/5001 1550/1654/1550 1549/1653/1549
f 3648/6541/3648 3157/4929/3157 3826/4547/3826
f 3715/7598/3715 2144/7897/2144 4648/6133/4648
f 2177/2377/2177 2414/7405/2414 2175/2375/2175
f 1895/2046/1895 4610/6035/4610 1896/2047/1896
f 3572/4187/3572 3571/4186/3571 4572/5950/4572
f 53/60/53 4420/5567/4420 54/61/54
f 3832/6623/3832 431/7898/431 433/6631/433
f 3832/6623/3832 433/6631/433 4027/4851/4027
f 1477/7172/1477 349/7899/349 3695/7173/3695
f 582/603/582 2963/4882/2963 3199/3679/3199
f 43/7900/43 42/3785/42 3281/3784/3281
f 1635/1749/1635 4319/5362/4319 3256/3751/3256
f 4729/6396/4729 2190/2391/2190 1794/1932/1794
f 2751/3083/2751 2750/3082/2750 890/944/890
f 4261/7901/4261 1882/2030/1882 1884/2032/1884
f 4261/5249/4261 1884/2767/1884 2503/2766/2503
f 1056/1123/1056 2943/3348/2943 1990/7902/1990
f 1056/7903/1056 1990/2153/1990 1419/1519/1419
f 2160/5209/2160 4241/5211/4241 350/7904/350
f 677/708/677 4350/5422/4350 799/845/799
f 1514/1617/1514 1513/1616/1513 3231/5473/3231
f 158/165/158 157/164/157 1329/7905/1329
f 3655/4298/3655 1587/1693/1587 4709/6313/4709
f 3115/3572/3115 4864/6809/4864 3469/4043/3469
f 2991/3412/2991 3617/4248/3617 1563/1668/1563
f 559/7761/559 331/340/331 560/7763/560
f 1099/1170/1099 827/874/827 1383/1480/1383
f 1382/1479/1382 1099/1170/1099 1383/1480/1383
f 3494/7906/3494 190/6301/190 2627/2924/2627
f 3818/4527/3818 1539/4528/1539 3943/4713/3943
f 2644/2943/2644 1396/1493/1396 3766/4444/3766
f 4758/7508/4758 2644/2943/2644 3766/4444/3766
f 4534/5844/4534 4915/7033/4915 4894/7907/4894
f 4251/5231/4251 4370/5472/4370 2392/2630/2392
f 3636/4936/3636 742/778/742 3637/5765/3637
f 843/891/843 3246/3740/3246 4473/5700/4473
f 1209/1294/1209 843/891/843 4473/5700/4473
f 104/1740/104 103/7908/103 1255/1741/1255
f 3975/5915/3975 1608/1717/1608 4540/5855/4540
f 3269/5978/3269 3975/5915/3975 4540/5855/4540
f 3104/3554/3104 4417/6238/4417 230/239/230
f 4150/5058/4150 4149/5057/4149 3726/4395/3726
f 3744/4417/3744 3109/3563/3109 561/581/561
f 4007/4824/4007 1090/4388/1090 1089/2421/1089
f 1902/2054/1902 3463/6156/3463 1903/2055/1903
f 2809/3157/2809 4808/6618/4808 4343/5407/4343
f 4278/5289/4278 107/7909/107 4279/5290/4279
f 2141/2333/2141 4424/5573/4424 4213/7910/4213
f 2235/2447/2235 687/6011/687 2236/2448/2236
f 2895/3512/2895 3862/5217/3862 2162/2359/2162
f 3791/4489/3791 2783/3122/2783 2923/3322/2923
f 2403/2646/2403 3791/4489/3791 2923/3322/2923
f 4196/7673/4196 2737/3137/2737 2796/3136/2796
f 2919/6322/2919 1238/1325/1238 396/407/396
f 2196/2397/2196 2472/2733/2472 2474/2735/2474
f 4333/7132/4333 134/7634/134 4230/5196/4230
f 2393/4789/2393 587/608/587 2394/7911/2394
f 3017/3445/3017 2445/2701/2445 3018/3446/3018
f 1419/1519/1419 916/1334/916 1248/1336/1248
f 2869/3247/2869 567/5417/567 4347/5418/4347
f 596/617/596 601/7546/601 3178/7912/3178
f 3755/4432/3755 4587/5975/4587 2157/2352/2157
f 4053/4899/4053 3692/5734/3692 873/4900/873
f 283/292/283 3760/7160/3760 4338/5397/4338
f 4427/5576/4427 4225/5185/4225 4631/6076/4631
f 988/1047/988 2309/2539/2309 2981/3400/2981
f 1303/1395/1303 1302/1394/1302 4320/5363/4320
f 3020/3448/3020 1303/1395/1303 4320/5363/4320
f 1711/1837/1711 169/176/169 171/178/171
f 3642/4278/3642 3641/4277/3641 4186/5121/4186
f 3642/4278/3642 4186/5121/4186 603/624/603
f 4668/7382/4668 3517/4108/3517 1602/7168/1602
f 4428/5578/4428 4155/5066/4155 4697/6395/4697
f 4108/4997/4108 2487/2749/2487 2242/2455/2242
f 2109/5893/2109 3272/5439/3272 446/459/446
f 4426/5575/4426 2167/5577/2167 4554/7913/4554
f 1126/1197/1126 4869/6833/4869 1127/1198/1127
f 4631/6259/4631 4689/6260/4689 2009/6846/2009
f 4546/5876/4546 3739/4412/3739 1425/1525/1425
f 1195/7371/1195 557/577/557 2785/3124/2785
f 4896/6933/4896 4212/5164/4212 4481/6931/4481
f 3998/4808/3998 3062/3498/3062 4005/4819/4005
f 25/30/25 29/34/29 4410/7914/4410
f 2440/2688/2440 683/7414/683 4849/6765/4849
f 1011/1072/1011 4667/6197/4667 1012/1073/1012
f 4426/7472/4426 4554/7915/4554 4553/7473/4553
f 4338/5397/4338 4141/5048/4141 284/293/284
f 283/292/283 4338/5397/4338 284/293/284
f 4192/5130/4192 4837/6731/4837 4193/5131/4193
f 4296/6874/4296 2106/2292/2106 3792/7617/3792
f 4081/5354/4081 1158/7916/1158 656/684/656
f 4556/5906/4556 3988/4793/3988 4549/5887/4549
f 4556/7917/4556 4549/5886/4549 4695/6890/4695
f 4284/5301/4284 3479/5300/3479 811/7363/811
f 4979/7510/4979 4210/5161/4210 1668/1786/1668
f 4762/6496/4762 4979/7510/4979 1668/1786/1668
f 422/433/422 626/650/626 285/294/285
f 2931/4381/2931 422/433/422 285/294/285
f 2400/2640/2400 4418/5560/4418 271/2641/271
f 3370/3909/3370 1312/1407/1312 3371/3910/3371
f 4705/6306/4705 3850/4575/3850 4910/7002/4910
f 4935/7918/4935 2058/3308/2058 2464/3307/2464
f 3704/6159/3704 1618/6161/1618 4988/7580/4988
f 3780/4470/3780 3704/6159/3704 4988/7580/4988
f 1906/2058/1906 3877/4760/3877 3879/5682/3879
f 1088/1157/1088 3493/4074/3493 4693/6282/4693
f 4785/7110/4785 4731/6403/4731 3349/3884/3349
f 2218/5910/2218 500/517/500 4579/6721/4579
f 4986/7573/4986 2214/2420/2214 3822/4538/3822
f 126/133/126 128/135/128 2797/3138/2797
f 1294/1386/1294 3436/4001/3436 3391/3939/3391
f 3654/4297/3654 3655/4298/3655 3189/3663/3189
f 663/693/663 2153/2347/2153 4861/6800/4861
f 3981/4782/3981 4787/6557/4787 2245/2458/2245
f 1742/1872/1742 1745/1875/1745 3561/4175/3561
f 2502/2765/2502 1742/1872/1742 3561/4175/3561
f 3020/3448/3020 3022/3450/3022 1303/1395/1303
f 2688/7560/2688 2687/6475/2687 4076/4944/4076
f 4473/5700/4473 1210/1295/1210 1209/1294/1209
f 1616/1727/1616 1615/1726/1615 2321/2553/2321
f 3741/4414/3741 2386/2624/2386 4556/5906/4556
f 2299/2527/2299 481/498/481 3033/6417/3033
f 2032/2203/2032 2031/2202/2031 4574/7668/4574
f 3133/7439/3133 3135/5214/3135 4156/5069/4156
f 4402/5530/4402 4562/5925/4562 3251/4567/3251
f 192/199/192 4734/6406/4734 3610/4237/3610
f 4896/6933/4896 889/7919/889 2574/2862/2574
f 4298/5324/4298 3509/4093/3509 3843/7800/3843
f 2095/2277/2095 2094/2276/2094 1766/1902/1766
f 2545/7920/2545 3677/4328/3677 3323/3839/3323
f 2126/7728/2126 3145/3607/3145 4969/7375/4969
f 4242/5212/4242 2790/3129/2790 2768/3102/2768
f 4597/6001/4597 3303/7921/3303 2756/3088/2756
f 2187/2387/2187 4472/6801/4472 4421/7922/4421
f 4961/7285/4961 346/355/346 1720/1846/1720
f 176/183/176 4961/7285/4961 1720/1846/1720
f 4470/7109/4470 4731/6403/4731 4785/7110/4785
f 1207/1292/1207 4713/6329/4713 4525/5823/4525
f 741/777/741 245/254/245 247/256/247
f 2430/2677/2430 2205/2408/2205 2369/2604/2369
f 983/1042/983 3913/4661/3913 984/1043/984
f 4011/4828/4011 3716/4901/3716 2457/2714/2457
f 1304/4540/1304 3823/4539/3823 3683/7923/3683
f 398/409/398 397/408/397 3140/3600/3140
f 2090/2272/2090 398/409/398 3140/3600/3140
f 4878/6863/4878 3177/3650/3177 679/710/679
f 678/709/678 4878/6863/4878 679/710/679
f 4991/7697/4991 1870/2016/1870 3879/4611/3879
f 1480/1580/1480 3588/7924/3588 908/962/908
f 3244/6432/3244 4745/6433/4745 3245/6281/3245
f 882/935/882 883/937/883 3363/3901/3363
f 265/7925/265 1638/4625/1638 4636/6100/4636
f 1947/7926/1947 4223/6397/4223 4560/5922/4560
f 1339/1434/1339 2860/3233/2860 1340/1435/1340
f 300/309/300 447/7713/447 4405/6509/4405
f 3318/3831/3318 2258/6339/2258 2060/2234/2060
f 2959/3370/2959 3363/3901/3363 4430/5580/4430
f 2175/2375/2175 1706/7927/1706 2176/2376/2176
f 4879/6864/4879 3916/4666/3916 1925/2080/1925
f 2223/4781/2223 669/699/669 772/812/772
f 4644/6673/4644 2084/2265/2084 2083/2264/2083
f 4424/7685/4424 1001/1062/1001 1183/7928/1183
f 4213/5166/4213 4424/7929/4424 1183/1263/1183
f 340/349/340 2365/2600/2365 331/340/331
f 4828/6708/4828 2628/2925/2628 3771/4454/3771
f 4586/5974/4586 3952/7671/3952 4235/5203/4235
f 4397/5523/4397 4819/6684/4819 4398/5524/4398
f 4856/6786/4856 3557/4169/3557 4857/6787/4857
f 419/6267/419 616/640/616 1971/2131/1971
f 4163/5081/4163 4162/5080/4162 368/379/368
f 425/436/425 1679/7017/1679 2992/3414/2992
f 2042/2213/2042 3758/4435/3758 2043/2214/2043
f 2592/2881/2592 2570/2857/2570 3156/3622/3156
f 1250/1338/1250 1249/1337/1249 2330/2563/2330
f 2870/3248/2870 4984/7558/4984 4997/7762/4997
f 2870/3248/2870 4997/7762/4997 3861/4586/3861
f 4103/4986/4103 177/184/177 176/183/176
f 4616/6045/4616 3053/4542/3053 3055/7930/3055
f 3353/4144/3353 3653/7703/3653 3351/7931/3351
f 4566/5937/4566 4685/6250/4685 3730/5938/3730
f 673/704/673 672/703/672 4415/5596/4415
f 4885/7181/4885 435/447/435 4886/7784/4886
f 4179/5110/4179 752/789/752 2967/6078/2967
f 2942/7310/2942 2726/3053/2726 3414/3970/3414
f 3654/4297/3654 3189/3663/3189 1116/1187/1116
f 527/5448/527 2505/2770/2505 4895/6930/4895
f 1659/1775/1659 2392/7932/2392 977/1776/977
f 260/6155/260 2847/3211/2847 4474/6997/4474
f 790/835/790 3707/4370/3707 2975/3388/2975
f 860/909/860 4908/6966/4908 861/910/861
f 3873/4605/3873 3872/4604/3872 4854/6780/4854
f 561/581/561 4622/6056/4622 4652/6142/4652
f 3744/4417/3744 561/581/561 4652/6142/4652
f 4680/6237/4680 4204/7933/4204 2292/7934/2292
f 4192/7935/4192 1612/7936/1612 4811/7937/4811
f 4192/5130/4192 4811/6732/4811 4837/6731/4837
f 1548/1652/1548 4122/7788/4122 698/7938/698
f 783/825/783 3505/4089/3505 2268/4311/2268
f 3400/3955/3400 3399/3954/3399 342/351/342
f 1349/7939/1349 3747/4420/3747 4684/6954/4684
f 4328/5379/4328 2855/7331/2855 96/103/96
f 95/102/95 4328/5379/4328 96/103/96
f 3706/4369/3706 3816/4525/3816 2486/2748/2486
f 3025/3453/3025 3706/4369/3706 2486/2748/2486
f 2294/6270/2294 3815/4522/3815 3948/6271/3948
f 3463/4035/3463 4249/5223/4249 868/919/868
f 459/2912/459 2028/2199/2028 836/4316/836
f 4066/7602/4066 3097/3547/3097 4496/5752/4496
f 4551/5897/4551 4742/6422/4742 138/145/138
f 3697/5568/3697 2187/7940/2187 4421/5569/4421
f 2767/3099/2767 4357/5435/4357 2382/2620/2382
f 4079/4948/4079 2213/2418/2213 4078/4946/4078
f 827/874/827 826/873/826 2960/3371/2960
f 4609/6034/4609 2784/3123/2784 3481/4058/3481
f 3051/3482/3051 3050/3481/3050 3680/4331/3680
f 774/5502/774 4022/4843/4022 3226/3715/3226
f 4205/6398/4205 4680/6237/4680 493/510/493
f 2075/7941/2075 2760/6865/2760 4486/5729/4486
f 4485/5728/4485 2075/7941/2075 4486/5729/4486
f 3129/3588/3129 3130/3589/3130 3626/7942/3626
f 1750/1881/1750 4136/7943/4136 4135/7944/4135
f 4771/6808/4771 2665/2973/2665 3418/3975/3418
f 44/51/44 562/582/562 2859/7745/2859
f 3767/4445/3767 65/72/65 66/73/66
f 4126/5025/4126 4698/7945/4698 4564/7946/4564
f 820/867/820 487/6499/487 1725/1852/1725
f 4264/5255/4264 4932/7116/4932 4265/5256/4265
f 621/4663/621 2993/4665/2993 2590/5471/2590
f 1447/1547/1447 4189/5127/4189 2588/2877/2588
f 4936/7711/4936 4216/7133/4216 4436/5589/4436
f 4936/7711/4936 4436/5589/4436 4311/5349/4311
f 4651/6141/4651 1135/1206/1135 1134/1205/1134
f 2234/2446/2234 4651/6141/4651 1134/1205/1134
f 4062/4915/4062 4006/4823/4006 1089/2421/1089
f 1490/1591/1490 4176/5105/4176 3250/3745/3250
f 1490/1591/1490 3250/3745/3250 1491/1592/1491
f 4961/7663/4961 3008/3435/3008 3010/3437/3010
f 4744/7947/4744 1975/2135/1975 2198/2399/2198
f 943/1001/943 4747/7325/4747 944/1002/944
f 985/1044/985 1200/1282/1200 4585/6202/4585
f 4585/6202/4585 983/1042/983 985/1044/985
f 3881/4613/3881 1104/1175/1104 2436/4614/2436
f 284/293/284 4141/5048/4141 4144/5051/4144
f 284/293/284 4144/5051/4144 3714/4379/3714
f 86/93/86 85/92/85 1269/1360/1269
f 4533/5840/4533 4067/4925/4067 4068/4926/4068
f 1157/3568/1157 2112/6960/2112 4551/5897/4551
f 4197/5136/4197 4218/7948/4218 1955/2115/1955
f 4592/7949/4592 4589/5985/4589 3525/4117/3525
f 4592/7949/4592 3525/4117/3525 2664/4118/2664
f 3095/7950/3095 2360/2595/2360 2362/2597/2362
f 3003/3430/3003 2217/2425/2217 2219/2427/2219
f 4068/4926/4068 258/267/258 4533/5840/4533
f 582/603/582 2780/3118/2780 1992/2156/1992
f 3859/4584/3859 3814/4520/3814 3868/4596/3868
f 3238/3732/3238 369/380/369 755/794/755
f 1790/7951/1790 4443/5608/4443 4687/6253/4687
f 3633/4268/3633 3663/6718/3663 1471/6547/1471
f 1797/1935/1797 1799/1937/1799 3839/4562/3839
f 1668/1786/1668 4210/5161/4210 4280/7006/4280
f 1947/7926/1947 4560/5922/4560 4482/7952/4482
f 3796/4498/3796 1947/6310/1947 4482/5723/4482
f 3868/4596/3868 3814/4520/3814 1196/6542/1196
f 229/238/229 232/241/232 3101/3551/3101
f 2392/2630/2392 4058/4909/4058 4251/5231/4251
f 689/6468/689 691/7953/691 223/7514/223
f 3528/4121/3528 1251/4324/1251 3801/7954/3801
f 3830/4552/3830 3528/4121/3528 3801/7954/3801
f 2082/2263/2082 2084/2265/2084 2472/7955/2472
f 2082/2263/2082 2472/7955/2472 3059/7956/3059
f 4803/6606/4803 3365/4457/3365 3772/4459/3772
f 1149/1223/1149 4930/7103/4930 148/1224/148
f 3943/4713/3943 4671/6221/4671 3944/4714/3944
f 1783/5328/1783 4297/5320/4297 3235/3728/3235
f 4665/6189/4665 4961/7663/4961 175/6186/175
f 465/843/465 4727/7957/4727 798/844/798
f 1118/6866/1118 3661/4305/3661 830/4304/830
f 2164/7958/2164 667/697/667 959/7502/959
f 3948/4723/3948 250/259/250 445/457/445
f 2808/7959/2808 3819/4529/3819 715/749/715
f 732/768/732 731/767/731 1140/1215/1140
f 732/768/732 1140/1215/1140 1142/1214/1142
f 2697/3011/2697 738/774/738 737/773/737
f 980/4727/980 3951/4726/3951 981/2840/981
f 1031/6218/1031 2126/2318/2126 1927/2082/1927
f 1897/3495/1897 1896/3906/1896 3060/3496/3060
f 2098/7339/2098 2097/7960/2097 178/185/178
f 4873/6844/4873 4863/6803/4863 4011/4828/4011
f 1660/1777/1660 4697/6289/4697 2638/2936/2638
f 2558/4375/2558 1885/2033/1885 3711/4376/3711
f 425/436/425 424/435/424 132/7961/132
f 2433/2680/2433 2435/2682/2435 3266/3762/3266
f 4427/5576/4427 2557/2839/2557 4225/5185/4225
f 2719/3039/2719 2087/2269/2087 3839/7742/3839
f 4198/5138/4198 4219/5176/4219 476/493/476
f 4533/5840/4533 258/267/258 3/3/3
f 2515/2788/2515 2389/2627/2389 1331/1426/1331
f 4325/7962/4325 4772/6679/4772 1763/6681/1763
f 4325/7962/4325 1763/6681/1763 3450/7204/3450
f 3617/4248/3617 2395/2633/2395 1617/1728/1617
f 4202/5142/4202 4716/6342/4716 4688/6255/4688
f 4909/6974/4909 3305/6798/3305 2549/2831/2549
f 4763/6497/4763 1667/1785/1667 3056/5177/3056
f 3267/3763/3267 4763/6497/4763 3056/5177/3056
f 2358/2593/2358 2357/2592/2357 1785/7963/1785
f 1096/5615/1096 1715/1841/1715 4450/5631/4450
f 383/394/383 3882/7067/3882 2795/3135/2795
f 975/1034/975 1913/2365/1913 973/1032/973
f 777/817/777 4719/7964/4719 778/818/778
f 2416/2659/2416 4626/6064/4626 4135/7944/4135
f 2604/6033/2604 931/985/931 2602/7965/2602
f 2392/2630/2392 2394/2632/2394 4058/4909/4058
f 2774/3110/2774 2773/3109/2773 2765/3097/2765
f 1152/1227/1152 99/106/99 3252/3747/3252
f 4318/5361/4318 4317/5360/4317 1149/1223/1149
f 4893/6916/4893 4376/5485/4376 3880/4612/3880
f 4673/6223/4673 3602/4223/3602 2542/2818/2542
f 2541/2817/2541 4673/6223/4673 2542/2818/2542
f 778/7966/778 4719/6351/4719 4718/6350/4718
f 4720/6352/4720 3696/4358/3696 453/468/453
f 4720/6352/4720 453/468/453 4345/5413/4345
f 3279/3782/3279 4129/5031/4129 1420/1520/1420
f 2569/2856/2569 2568/2855/2568 2824/3181/2824
f 2823/3180/2823 2569/2856/2569 2824/3181/2824
f 1931/2250/1931 2074/2252/2074 636/661/636
f 4481/5722/4481 4814/6667/4814 967/1025/967
f 296/305/296 1082/1151/1082 297/306/297
f 4744/7947/4744 1974/2134/1974 1975/2135/1975
f 1415/1513/1415 1579/1685/1579 1416/1514/1416
f 3403/3958/3403 3926/5287/3926 3986/4788/3986
f 3831/4553/3831 4154/5065/4154 3542/4138/3542
f 3526/4119/3526 3831/4553/3831 3542/4138/3542
f 973/1032/973 1446/1546/1446 974/1033/974
f 3694/4354/3694 1347/7474/1347 1520/1623/1520
f 4730/6402/4730 4148/7967/4148 658/688/658
f 4730/6402/4730 658/688/658 4569/5943/4569
f 1699/1823/1699 4980/7553/4980 3957/7243/3957
f 1940/2095/1940 1939/2094/1939 521/539/521
f 777/817/777 4375/7833/4375 4708/7968/4708
f 777/7969/777 4708/6312/4708 4719/6351/4719
f 2863/3240/2863 4385/5504/4385 2864/3241/2864
f 230/239/230 229/238/229 3101/3551/3101
f 1282/1373/1282 4539/7645/4539 1468/7970/1468
f 2019/2188/2019 2018/2187/2018 1814/5401/1814
f 3206/3686/3206 3388/7152/3388 4813/6654/4813
f 2655/2957/2655 1894/6431/1894 2653/2955/2653
f 4278/7971/4278 105/112/105 107/114/107
f 2691/3005/2691 1049/1113/1049 1738/5306/1738
f 3396/3949/3396 4168/7972/4168 3397/3950/3397
f 54/61/54 4420/5567/4420 2784/3123/2784
f 3234/3724/3234 3408/3964/3408 373/4898/373
f 969/1088/969 1473/1573/1473 4646/6122/4646
f 1936/2091/1936 3038/3467/3038 4758/6490/4758
f 3919/4670/3919 583/7408/583 1991/6971/1991
f 439/7183/439 3217/4524/3217 4947/7184/4947
f 4364/5456/4364 4725/6376/4725 4647/6380/4647
f 851/1000/851 942/999/942 3757/5511/3757
f 1915/2067/1915 2546/2827/2546 3907/4653/3907
f 4738/6415/4738 1619/1730/1619 1524/4863/1524
f 1807/1945/1807 4063/4916/4063 452/467/452
f 4202/5142/4202 4688/6255/4688 3047/3478/3047
f 3046/3477/3046 4202/5142/4202 3047/3478/3047
f 5001/7973/5001 1549/2645/1549 2402/2644/2402
f 3429/3990/3429 3069/5600/3069 3068/7197/3068
f 4047/4884/4047 602/5228/602 237/6456/237
f 1/1/1 650/676/650 4872/7974/4872
f 1/9/1 4872/6841/4872 4/4/4
f 1575/1681/1575 4027/4851/4027 1323/6632/1323
f 201/6735/201 200/7608/200 4650/6139/4650
f 2604/6033/2604 4672/6222/4672 3628/4262/3628
f 1524/4863/1524 4269/6383/4269 4034/4864/4034
f 4362/5454/4362 4364/5456/4364 3230/3719/3230
f 4407/5537/4407 1632/1746/1632 4950/7201/4950
f 1589/1696/1589 2237/2449/2237 2853/3219/2853
f 2139/2716/2139 3292/6062/3292 2457/2714/2457
f 2436/4614/2436 1104/1175/1104 1105/1176/1105
f 2436/4614/2436 1105/1176/1105 2437/7975/2437
f 1668/1786/1668 4280/7006/4280 1669/1787/1669
f 4367/5465/4367 1745/1875/1745 2220/2428/2220
f 126/133/126 2797/3138/2797 2269/2488/2269
f 301/310/301 303/312/303 4475/5907/4475
f 3436/4001/3436 3390/3937/3390 3391/3939/3391
f 4419/7265/4419 4783/6546/4783 1473/6548/1473
f 2847/5603/2847 262/271/262 3517/7976/3517
f 3506/4090/3506 3507/4091/3507 1444/1544/1444
f 2107/2293/2107 2297/2525/2297 4327/6434/4327
f 676/707/676 1144/1218/1144 4350/5422/4350
f 3918/4673/3918 2963/3374/2963 581/7977/581
f 482/499/482 1650/1766/1650 1652/1768/1652
f 2603/2892/2603 4773/6519/4773 4672/6860/4672
f 1801/1939/1801 2422/2666/2422 456/472/456
f 4830/6711/4830 2318/5365/2318 172/7069/172
f 3783/4476/3783 3782/4475/3782 4117/6147/4117
f 4045/4880/4045 4046/4881/4046 3061/3497/3061
f 3317/3830/3317 2854/6337/2854 3318/3831/3318
f 83/90/83 1789/7180/1789 84/91/84
f 1137/1208/1137 570/590/570 1138/1209/1138
f 2067/2242/2067 1345/1440/1345 4365/5460/4365
f 4301/5331/4301 2251/5330/2251 3327/3850/3327
f 2977/3392/2977 4841/6740/4841 4958/7271/4958
f 1122/1193/1122 2977/3392/2977 4958/7271/4958
f 4549/5886/4549 521/539/521 308/317/308
f 773/813/773 669/699/669 2255/2470/2255
f 1590/1697/1590 4175/5104/4175 1591/1698/1591
f 4867/6825/4867 3023/3451/3023 4868/6826/4868
f 1991/2155/1991 1992/2156/1992 1460/3525/1460
f 4054/4902/4054 4657/6615/4657 4055/4903/4055
f 4938/7130/4938 4726/7729/4726 4796/6588/4796
f 1282/7978/1282 1468/1568/1468 1470/1570/1470
f 298/307/298 4390/5529/4390 299/308/299
f 2888/3274/2888 4118/5011/4118 4454/5639/4454
f 4029/7979/4029 3761/4439/3761 3490/4070/3490
f 1662/1779/1662 875/928/875 4045/7079/4045
f 1662/1779/1662 4045/7079/4045 2826/4838/2826
f 2470/4922/2470 1757/1891/1757 484/501/484
f 1185/1267/1185 3298/3807/3298 3638/4273/3638
f 4571/5947/4571 3689/4347/3689 2074/2252/2074
f 440/452/440 439/451/439 4948/7980/4948
f 4739/6416/4739 4738/6415/4738 1524/4863/1524
f 4739/6416/4739 1524/4863/1524 1523/7981/1523
f 3226/7982/3226 775/815/775 774/814/774
f 775/819/775 778/818/778 776/7983/776
f 4433/5585/4433 940/994/940 533/996/533
f 2664/4118/2664 1150/1225/1150 1937/7984/1937
f 2655/2957/2655 2799/3140/2799 2849/6430/2849
f 2761/3093/2761 2566/2852/2566 4477/5710/4477
f 2567/7985/2567 4741/6420/4741 1743/6425/1743
f 927/981/927 926/980/926 1040/6565/1040
f 2319/2550/2319 4429/5579/4429 1279/1370/1279
f 2319/2550/2319 1279/1370/1279 2320/2551/2320
f 4076/4944/4076 3831/4553/3831 3830/4552/3830
f 320/329/320 2912/3306/2912 1054/3305/1054
f 547/567/547 4974/7986/4974 548/568/548
f 4873/6844/4873 1640/1756/1640 1639/1755/1639
f 903/7357/903 3432/3995/3432 3330/5865/3330
f 3329/3852/3329 903/957/903 3330/3853/3330
f 4988/7580/4988 4824/6698/4824 4072/4939/4072
f 3780/4470/3780 4988/7580/4988 4072/4939/4072
f 1873/2019/1873 2528/2803/2528 3333/3864/3333
f 3104/3554/3104 3103/3553/3103 4417/6238/4417
f 2317/5364/2317 1968/2128/1968 4935/7349/4935
f 1675/7987/1675 1700/7290/1700 4406/6938/4406
f 2862/3238/2862 4361/5451/4361 3136/3596/3136
f 382/3239/382 2862/3238/2862 3136/3596/3136
f 990/1049/990 992/1051/992 4518/7988/4518
f 1148/7989/1148 2537/2812/2537 2536/2811/2536
f 3877/4760/3877 4175/5104/4175 4475/5708/4475
f 1682/7990/1682 1536/1640/1536 1535/1639/1535
f 935/989/935 936/990/936 353/5030/353
f 962/1020/962 3313/3826/3313 184/191/184
f 2171/4531/2171 3671/4320/3671 1485/1585/1485
f 3415/3971/3415 3156/3622/3156 3155/3621/3155
f 2753/7991/2753 104/1740/104 4291/5310/4291
f 4753/6465/4753 4467/5681/4467 726/762/726
f 756/7992/756 1601/6369/1601 4133/7515/4133
f 4751/6460/4751 2373/2608/2373 1645/1761/1645
f 4310/5347/4310 1361/1458/1361 2542/7993/2542
f 121/128/121 2370/5443/2370 3969/5877/3969
f 3363/3901/3363 4865/6819/4865 4599/7994/4599
f 3363/7995/3363 4599/6004/4599 3364/4458/3364
f 3058/3492/3058 3057/3491/3057 4013/4832/4013
f 1052/1118/1052 1051/1117/1051 3832/4554/3832
f 1052/5175/1052 3832/6623/3832 4026/4850/4026
f 788/834/788 791/833/791 2725/3052/2725
f 664/694/664 4861/6800/4861 1290/1381/1290
f 1289/1380/1289 664/694/664 1290/1381/1290
f 1528/1631/1528 1465/1565/1465 1467/1567/1467
f 1628/1739/1628 3305/6798/3305 4909/6974/4909
f 3923/4680/3923 2270/2489/2270 4032/7411/4032
f 798/844/798 4727/7957/4727 2161/3043/2161
f 3091/3535/3091 2022/2192/2022 1613/1723/1613
f 1633/1747/1633 2871/3249/2871 1573/1679/1573
f 1706/1832/1706 4262/5250/4262 2578/2866/2578
f 3248/4998/3248 4108/4997/4108 2241/2454/2241
f 4143/5050/4143 2145/2337/2145 4144/5051/4144
f 5000/7823/5000 2318/5365/2318 4830/6711/4830
f 2933/6424/2933 2607/2896/2607 2096/6861/2096
f 2396/2634/2396 4995/7996/4995 4628/7997/4628
f 665/2780/665 666/899/666 850/898/850
f 2208/2412/2208 461/478/461 404/415/404
f 4932/7116/4932 3863/4590/3863 4265/5256/4265
f 4774/6523/4774 3152/3617/3152 3343/3876/3343
f 590/3050/590 791/833/791 2975/3388/2975
f 3648/7115/3648 3825/7410/3825 3863/4590/3863
f 298/307/298 4405/6509/4405 93/7774/93
f 3345/3878/3345 4525/5823/4525 2065/5824/2065
f 2252/3242/2252 2864/3241/2864 2277/2498/2277
f 3126/3584/3126 961/1019/961 2995/3420/2995
f 3401/3956/3401 4050/4891/4050 94/101/94
f 2698/4869/2698 2345/2578/2345 1144/1218/1144
f 1171/1248/1171 2722/3042/2722 3643/4279/3643
f 4960/7279/4960 402/413/402 2131/2323/2131
f 4847/6754/4847 4960/7279/4960 2131/2323/2131
f 2527/5561/2527 4649/7998/4649 4630/6072/4630
f 684/715/684 686/717/686 1512/6298/1512
f 253/262/253 3361/6278/3361 1767/1903/1767
f 4673/6223/4673 4356/5433/4356 3603/4224/3603
f 1700/7290/1700 4769/6508/4769 4806/6612/4806
f 2402/2644/2402 5002/7999/5002 5001/7973/5001
f 3803/8000/3803 4761/6495/4761 3804/7195/3804
f 1739/1869/1739 1860/2006/1860 18/21/18
f 4667/6197/4667 4774/6523/4774 3343/3876/3343
f 1905/2057/1905 1591/1698/1591 4175/5104/4175
f 912/966/912 1133/6898/1133 4638/6109/4638
f 4927/7096/4927 3455/7531/3455 4453/5638/4453
f 3459/4030/3459 4423/5571/4423 3460/4031/3460
f 862/911/862 861/910/861 1022/1083/1022
f 1407/6248/1407 3673/4323/3673 4228/5193/4228
f 4796/6588/4796 3275/7730/3275 4578/7406/4578
f 1840/4483/1840 1192/1274/1192 2194/2395/2194
f 3852/7522/3852 3359/3897/3359 4682/7523/4682
f 2915/8001/2915 3560/5818/3560 1654/6451/1654
f 2916/8002/2916 2915/8001/2915 1654/6451/1654
f 4474/6997/4474 4136/8003/4136 1750/8004/1750
f 3200/3680/3200 2584/2873/2584 2586/2875/2586
f 114/2779/114 4666/6601/4666 2356/8005/2356
f 2368/2603/2368 3851/8006/3851 3016/3443/3016
f 4524/5821/4524 1634/1748/1634 1154/1229/1154
f 3135/5214/3135 3575/4190/3575 4156/5069/4156
f 799/2078/799 3516/4107/3516 1676/1796/1676
f 3143/3605/3143 281/2642/281 3144/3606/3144
f 4669/6209/4669 1837/1980/1837 3437/4002/3437
f 4478/5715/4478 2173/2373/2173 4584/5972/4584
f 2776/8007/2776 2775/8008/2775 4604/6023/4604
f 4074/8009/4074 4495/5748/4495 4798/6592/4798
f 2756/8010/2756 2997/7501/2997 4492/5739/4492
f 3090/8011/3090 1752/1884/1752 85/92/85
f 3090/8011/3090 85/92/85 2710/3030/2710
f 3902/7345/3902 4231/5198/4231 3366/6344/3366
f 1956/5656/1956 3924/6019/3924 3258/3754/3258
f 2344/7030/2344 1489/1893/1489 1760/1895/1760
f 2086/3557/2086 3480/4057/3480 3482/4059/3482
f 2285/7828/2285 1495/5617/1495 2211/2415/2211
f 1372/1469/1372 2390/2628/2390 3176/3648/3176
f 560/580/560 333/6893/333 4622/6056/4622
f 3953/4730/3953 4577/6108/4577 891/945/891
f 753/791/753 754/793/754 4872/6841/4872
f 650/676/650 753/790/753 4872/7974/4872
f 1593/1700/1593 1595/1702/1595 1406/1503/1406
f 2401/2643/2401 3504/6439/3504 782/5457/782
f 654/7506/654 3154/7825/3154 4929/7102/4929
f 1002/1063/1002 3806/4510/3806 4490/7519/4490
f 2278/4446/2278 1287/1378/1287 1286/1377/1286
f 3495/4076/3495 4113/5004/4113 4403/7814/4403
f 2252/3242/2252 2279/2500/2279 3820/7416/3820
f 889/943/889 888/942/888 2574/8012/2574
f 1482/8013/1482 445/457/445 4820/6687/4820
f 1482/8013/1482 4820/6687/4820 1483/8014/1483
f 481/498/481 480/497/480 4738/6415/4738
f 3721/4389/3721 865/914/865 2903/3295/2903
f 3721/4389/3721 2903/3295/2903 3722/4390/3722
f 4948/7185/4948 4947/7184/4947 3900/5692/3900
f 4282/7462/4282 4948/7185/4948 3900/5692/3900
f 3360/3898/3360 3362/3900/3362 3536/6847/3536
f 4754/7643/4754 2687/3001/2687 4256/5239/4256
f 4953/7211/4953 4762/6496/4762 4763/6497/4763
f 2435/2682/2435 4953/7211/4953 4763/6497/4763
f 3978/4775/3978 4392/5516/4392 3979/4776/3979
f 4055/4903/4055 4657/6615/4657 4204/5144/4204
f 2767/3099/2767 3917/4668/3917 4476/5709/4476
f 752/789/752 877/930/877 3405/3960/3405
f 1748/8015/1748 1973/2692/1973 1448/2691/1448
f 2645/2945/2645 219/228/219 2646/2946/2646
f 3595/4213/3595 2280/2501/2280 4461/8016/4461
f 3196/3673/3196 3595/4213/3595 4461/8016/4461
f 4933/7117/4933 4363/5455/4363 4931/7111/4931
f 1282/1373/1282 1284/1375/1284 4539/7645/4539
f 3762/4440/3762 2686/3000/2686 3763/4441/3763
f 2726/3053/2726 1373/1470/1373 1375/1472/1375
f 2235/2447/2235 1134/1205/1134 1136/1207/1136
f 2235/2447/2235 1136/1207/1136 687/6011/687
f 2756/8010/2756 4492/5739/4492 1920/5738/1920
f 4995/7756/4995 4514/5800/4514 4628/6069/4628
f 535/556/535 3838/4561/3838 3837/4560/3837
f 535/553/535 3837/8017/3837 4686/6252/4686
f 3371/8018/3371 1312/8019/1312 3784/4477/3784
f 849/6196/849 3371/8018/3371 3784/4477/3784
f 3807/4511/3807 3809/4513/3809 5000/7823/5000
f 1956/5656/1956 4459/5655/4459 3569/7415/3569
f 4045/4880/4045 3061/3497/3061 2827/3184/2827
f 2826/3183/2826 4045/4880/4045 2827/3184/2827
f 5001/7896/5001 162/169/162 887/941/887
f 1212/1297/1212 1192/1274/1192 1191/1273/1191
f 2495/2758/2495 2934/3338/2934 2496/2759/2496
f 4744/6426/4744 950/1008/950 1974/6088/1974
f 1692/1814/1692 3212/8020/3212 2892/6220/2892
f 4628/6069/4628 4514/5800/4514 3106/3559/3106
f 2373/2608/2373 1646/1762/1646 1645/1761/1645
f 2705/3023/2705 1582/1688/1582 3249/3743/3249
f 4693/6282/4693 3493/4074/3493 3452/4022/3452
f 4298/5324/4298 3843/7800/3843 3991/8021/3991
f 1119/8022/1119 1118/7380/1118 4501/5762/4501
f 1724/1850/1724 1725/1852/1725 4764/6500/4764
f 1882/2030/1882 1469/1569/1469 1883/2031/1883
f 1007/6357/1007 2305/2533/2305 1008/8023/1008
f 2874/3253/2874 1933/6152/1933 1932/7555/1932
f 306/315/306 853/902/853 4020/5286/4020
f 1321/7255/1321 266/275/266 4957/7252/4957
f 4659/6169/4659 2495/6170/2495 3497/4078/3497
f 4739/6416/4739 1523/7981/1523 3033/6417/3033
f 4093/5956/4093 4967/7638/4967 1983/2145/1983
f 4565/5934/4565 3239/6591/3239 3761/5935/3761
f 1318/1413/1318 597/8024/597 1319/1414/1319
f 3662/4306/3662 3868/4596/3868 831/6807/831
f 3018/3446/3018 2445/2701/2445 4447/5618/4447
f 2652/5703/2652 1692/1814/1692 2364/2599/2364
f 1041/1105/1041 3618/4250/3618 3646/4282/3646
f 5002/7999/5002 2402/2644/2402 3514/8025/3514
f 4523/7881/4523 2178/2378/2178 2180/2380/2180
f 4523/5820/4523 2180/5542/2180 4408/5541/4408
f 4228/5193/4228 1721/1847/1721 1723/1849/1723
f 3119/3576/3119 3367/3905/3367 2407/2650/2407
f 4024/4846/4024 530/548/530 4687/7182/4687
f 144/2976/144 3301/3810/3301 3300/3809/3300
f 4048/4889/4048 951/1009/951 950/1008/950
f 2618/2908/2618 4846/6753/4846 3129/6128/3129
f 2243/2456/2243 2242/2455/2242 4885/7659/4885
f 2243/7286/2243 4885/6885/4885 639/664/639
f 4819/6684/4819 3950/7792/3950 980/1039/980
f 1130/1201/1130 1129/1200/1129 4777/8026/4777
f 1130/8027/1130 4777/6528/4777 4677/6229/4677
f 2146/2339/2146 1415/1513/1415 4977/7486/4977
f 464/481/464 2378/2614/2378 2766/6956/2766
f 4108/4997/4108 2242/2455/2242 2241/2454/2241
f 4075/4943/4075 4491/5737/4491 2896/6970/2896
f 4352/5429/4352 1727/6532/1727 1254/1342/1254
f 3869/5671/3869 2741/3100/2741 4464/5672/4464
f 3161/3627/3161 2772/3106/2772 2771/3105/2771
f 1127/1198/1127 82/5267/82 3607/4234/3607
f 1128/1199/1128 1127/1198/1127 3607/4234/3607
f 4697/6289/4697 3990/4798/3990 241/250/241
f 2975/3388/2975 791/833/791 790/835/790
f 307/316/307 4549/5886/4549 308/317/308
f 4214/5168/4214 1245/1332/1245 3169/3638/3169
f 874/4352/874 3693/4351/3693 4046/4881/4046
f 3005/3432/3005 3798/4501/3798 3006/3433/3006
f 4271/5268/4271 3042/5270/3042 4018/4839/4018
f 2458/4382/2458 3717/4384/3717 2366/2601/2366
f 4205/6398/4205 4204/7933/4204 4680/6237/4680
f 3224/5654/3224 3622/4256/3622 3222/8028/3222
f 1577/1683/1577 1143/1217/1143 1145/1219/1145
f 1751/4236/1751 1753/6920/1753 2848/3212/2848
f 391/402/391 4315/5355/4315 1207/1292/1207
f 259/268/259 2733/3060/2733 650/676/650
f 1205/1288/1205 1204/1287/1204 3555/4166/3555
f 1671/2954/1671 2652/2953/2652 1256/1344/1256
f 2787/3126/2787 1813/1953/1813 2068/2244/2068
f 4867/6827/4867 2102/2287/2102 3909/4655/3909
f 3095/7950/3095 3644/4280/3644 2978/6891/2978
f 2904/5869/2904 987/1046/987 986/1045/986
f 1342/2285/1342 2427/8029/2427 1343/8030/1343
f 4765/6501/4765 4526/5826/4526 246/255/246
f 4422/5570/4422 226/7126/226 1298/1390/1298
f 2158/2354/2158 990/2353/990 4518/8031/4518
f 4583/7241/4583 3094/5653/3094 3224/5654/3224
f 2315/8032/2315 2340/2573/2340 3477/4054/3477
f 1980/3428/1980 3121/3578/3121 4987/7576/4987
f 1609/8033/1609 703/737/703 1775/1911/1775
f 4697/6289/4697 4445/6239/4445 4428/8034/4428
f 3149/3612/3149 4387/5506/4387 3764/7073/3764
f 3147/3610/3147 3149/3612/3149 3764/7073/3764
f 2552/2834/2552 2555/2837/2555 3748/7483/3748
f 2552/2834/2552 3748/7483/3748 4901/8035/4901
f 3586/4201/3586 2183/2383/2183 3932/6084/3932
f 4804/6607/4804 181/188/181 3687/4344/3687
f 4300/7806/4300 4299/8036/4299 4456/5642/4456
f 4300/7806/4300 4456/5642/4456 1892/2041/1892
f 3485/5458/3485 1017/8037/1017 2401/2643/2401
f 129/136/129 471/6870/471 130/137/130
f 1539/4528/1539 3699/4361/3699 1540/4363/1540
f 765/804/765 764/803/764 3512/4096/3512
f 2462/5477/2462 227/8038/227 4422/5570/4422
f 365/376/365 2581/2869/2581 2752/3084/2752
f 1816/1956/1816 2030/2201/2030 2032/2203/2032
f 4220/6620/4220 1422/8039/1422 2348/6621/2348
f 869/920/869 1976/2136/1976 3785/8040/3785
f 696/729/696 4616/6045/4616 3055/7930/3055
f 696/729/696 3055/7930/3055 1764/7738/1764
f 2145/2337/2145 4273/5275/4273 2143/2335/2143
f 2776/5188/2776 1039/5187/1039 4145/5052/4145
f 1936/2091/1936 1935/2090/1935 3038/3467/3038
f 3855/4580/3855 4198/5138/4198 478/495/478
f 3855/8041/3855 478/3063/478 3749/4422/3749
f 4280/5292/4280 4736/8042/4736 2867/3872/2867
f 3340/3871/3340 4280/5292/4280 2867/3872/2867
f 4728/6393/4728 4697/6395/4697 4155/5066/4155
f 366/377/366 4162/5080/4162 3240/3734/3240
f 2256/2472/2256 911/965/911 2257/2473/2257
f 34/2662/34 30/6348/30 2419/2663/2419
f 2113/2302/2113 1530/1633/1530 1531/1635/1531
f 4913/7020/4913 2556/2838/2556 2067/2242/2067
f 832/879/832 4913/7020/4913 2067/2242/2067
f 87/94/87 86/93/86 4266/7693/4266
f 3985/5646/3985 4715/6341/4715 2559/7081/2559
f 3985/4787/3985 2559/2843/2559 2027/2197/2027
f 1046/1110/1046 1045/1109/1045 3340/3871/3340
f 3553/6082/3553 2858/3228/2858 1533/3230/1533
f 4708/6312/4708 4375/8043/4375 4538/5852/4538
f 3627/4261/3627 4695/6286/4695 307/6457/307
f 2003/2172/2003 2002/2171/2002 4165/5085/4165
f 2003/2172/2003 4165/5085/4165 3120/3577/3120
f 2278/4446/2278 3767/4445/3767 1287/1378/1287
f 4564/6292/4564 4699/6291/4699 4802/7586/4802
f 4147/7764/4147 4378/5487/4378 914/968/914
f 4145/5052/4145 1039/5187/1039 4234/5202/4234
f 2302/3565/2302 3112/3567/3112 3361/3899/3361
f 4802/7586/4802 4699/6291/4699 4352/5429/4352
f 113/120/113 112/119/112 3412/3968/3412
f 3885/4622/3885 4774/6523/4774 3180/3653/3180
f 1066/1133/1066 3171/4296/3171 4670/8044/4670
f 1303/7572/1303 4986/7573/4986 3822/4538/3822
f 1304/4540/1304 1303/7572/1303 3822/4538/3822
f 4245/5216/4245 2801/3143/2801 4954/7218/4954
f 2804/3149/2804 4245/5216/4245 4954/7218/4954
f 1778/1914/1778 3852/4577/3852 1776/1912/1776
f 3023/3451/3023 4867/6825/4867 3909/5591/3909
f 1332/1427/1332 685/5165/685 684/6617/684
f 1496/1597/1496 2040/2211/2040 1495/1596/1495
f 3576/4191/3576 3577/4192/3577 4516/6942/4516
f 1481/1581/1481 1403/1500/1403 3856/4581/3856
f 4255/5237/4255 156/163/156 1828/1968/1828
f 423/8045/423 293/302/293 4944/7174/4944
f 3309/6857/3309 423/8045/423 4944/7174/4944
f 4174/5102/4174 2072/3316/2072 3386/3932/3386
f 4756/6480/4756 4316/5357/4316 2314/2545/2314
f 2417/2660/2417 2416/2659/2416 4135/7944/4135
f 1551/6061/1551 594/5093/594 1640/1756/1640
f 2396/2634/2396 4628/7997/4628 2025/2195/2025
f 2024/2194/2024 2396/2634/2396 2025/2195/2025
f 1098/1169/1098 4664/6188/4664 2097/6187/2097
f 2372/2607/2372 3977/4773/3977 1755/1889/1755
f 58/65/58 4625/6059/4625 1496/1597/1496
f 1386/1483/1386 4431/5581/4431 1994/2158/1994
f 4734/6406/4734 4593/5991/4593 3610/4237/3610
f 2630/8046/2630 2716/8047/2716 2715/7372/2715
f 2719/3039/2719 2630/8046/2630 2715/7372/2715
f 4193/5131/4193 4837/6731/4837 4979/7510/4979
f 4193/5131/4193 4979/7510/4979 4762/6496/4762
f 3075/3515/3075 3074/3514/3074 3281/7850/3281
f 2672/5261/2672 2675/5274/2675 2145/2337/2145
f 4143/5050/4143 2672/5261/2672 2145/2337/2145
f 4819/6684/4819 980/1039/980 982/1041/982
f 423/8045/423 2930/3334/2930 293/302/293
f 4269/5264/4269 4401/5528/4401 3347/3880/3347
f 3857/7664/3857 2960/3371/2960 4071/7791/4071
f 1679/1799/1679 132/7493/132 1680/1800/1680
f 2817/3166/2817 2818/3168/2818 4068/4926/4068
f 1099/1170/1099 825/872/825 827/874/827
f 2805/3150/2805 2284/2505/2284 269/278/269
f 4657/6615/4657 3329/3852/3329 3331/3854/3331
f 2357/8048/2357 636/661/636 1785/5602/1785
f 2398/2638/2398 1153/1228/1153 4800/6596/4800
f 4163/5660/4163 1220/1306/1220 1219/1305/1219
f 1430/1530/1430 1043/1107/1043 2911/3304/2911
f 4273/8049/4273 2675/2987/2675 1818/1958/1818
f 329/8050/329 4019/4840/4019 3468/6602/3468
f 1636/1750/1636 4200/5140/4200 4304/5338/4304
f 1772/1908/1772 4929/7102/4929 1079/1148/1079
f 1741/1871/1741 1740/1870/1740 2047/2218/2047
f 2910/4993/2910 2256/4994/2256 4339/5403/4339
f 3625/4259/3625 3627/4261/3627 2936/3341/2936
f 2693/5733/2693 2696/8051/2696 3139/3599/3139
f 845/893/845 844/892/844 3652/6268/3652
f 329/8050/329 304/8052/304 306/8053/306
f 329/8050/329 306/8053/306 4019/4840/4019
f 156/163/156 1713/1839/1713 1828/1968/1828
f 4706/6307/4706 1819/1959/1819 1506/1607/1506
f 2541/2817/2541 4706/6307/4706 1506/1607/1506
f 4198/5138/4198 476/493/476 478/495/478
f 1385/1482/1385 4852/6777/4852 1386/1483/1386
f 563/583/563 1917/2069/1917 3159/3625/3159
f 4380/5492/4380 3588/4203/3588 3587/4202/3587
f 3853/8054/3853 4682/6242/4682 4519/7596/4519
f 3846/4570/3846 4516/5802/4516 3577/7583/3577
f 3926/8055/3926 4277/5785/4277 3927/8056/3927
f 911/4541/911 2640/2938/2640 4831/6713/4831
f 1686/1806/1686 3946/4716/3946 1365/1462/1365
f 2108/2296/2108 1702/7888/1702 2880/6659/2880
f 2439/7125/2439 3908/6689/3908 1701/1826/1701
f 4710/6317/4710 636/6318/636 2357/6935/2357
f 2312/2542/2312 1317/1412/1317 4807/6616/4807
f 879/932/879 2246/2459/2246 2245/2458/2245
f 316/325/316 1220/1306/1220 4163/5660/4163
f 1804/8057/1804 3899/4644/3899 2089/6274/2089
f 1812/8058/1812 4330/5381/4330 2133/2325/2133
f 1350/1446/1350 4289/5308/4289 1351/1447/1351
f 1244/1331/1244 1013/5186/1013 4226/5189/4226
f 1855/2001/1855 1954/2114/1954 2216/2424/2216
f 4168/6009/4168 687/6011/687 3397/8059/3397
f 1811/1951/1811 1437/1537/1437 1812/1952/1812
f 3472/7615/3472 4332/5384/4332 4803/6606/4803
f 2417/8060/2417 4137/5040/4137 4800/7199/4800
f 4203/5143/4203 2049/2221/2049 2051/2223/2051
f 2676/2988/2676 2535/2810/2535 3578/4193/3578
f 3691/4349/3691 1831/1971/1831 1830/1970/1830
f 4434/5586/4434 3436/4001/3436 1294/1386/1294
f 4815/6669/4815 945/1003/945 4158/5072/4158
f 2323/2555/2323 630/654/630 632/656/632
f 1869/8061/1869 3170/3639/3170 4678/8062/4678
f 2124/2315/2124 2708/3026/2708 3321/3837/3321
f 2878/3259/2878 187/6321/187 2831/8063/2831
f 601/8064/601 4206/7766/4206 1032/7767/1032
f 4880/6878/4880 1858/2004/1858 1857/2003/1857
f 8/11/8 2475/2736/2475 4859/6796/4859
f 4743/8065/4743 1242/8066/1242 847/8067/847
f 714/748/714 2808/7959/2808 715/749/715
f 3481/4058/3481 2786/3125/2786 4035/4866/4035
f 4035/7740/4035 1797/8068/1797 3839/7741/3839
f 4180/5111/4180 4601/8069/4601 4780/6539/4780
f 1276/1366/1276 1911/2063/1911 1170/4247/1170
f 4434/5586/4434 3215/3698/3215 3436/4001/3436
f 1585/1691/1585 2113/2302/2113 2114/2303/2114
f 3152/3617/3152 3884/4621/3884 2339/2572/2339
f 2543/8070/2543 1361/1458/1361 1364/1461/1364
f 115/122/115 2356/2591/2356 2358/2593/2358
f 4797/6590/4797 4972/7446/4972 1945/2104/1945
f 789/831/789 429/440/429 790/832/790
f 1553/1657/1553 1788/1924/1788 1554/1658/1554
f 4210/5161/4210 4065/5162/4065 4736/7007/4736
f 3203/3683/3203 4843/6750/4843 2156/2351/2156
f 1368/1465/1368 1369/1466/1369 4689/6260/4689
f 2882/4847/2882 1376/1473/1376 1793/1931/1793
f 2630/8046/2630 2719/3039/2719 2375/8071/2375
f 2630/8072/2630 2375/2610/2375 3824/8073/3824
f 3369/3908/3369 1544/1648/1544 1911/2063/1911
f 3862/4589/3862 295/304/295 3731/7813/3731
f 4774/6523/4774 1011/1072/1011 3180/3653/3180
f 3462/4034/3462 4789/6560/4789 4248/5222/4248
f 3871/4599/3871 3548/4601/3548 2690/3004/2690
f 4128/7039/4128 4683/8074/4683 4184/5119/4184
f 3287/3795/3287 3289/3797/3289 4510/7064/4510
f 3316/3829/3316 2696/3010/2696 2695/3009/2695
f 2900/8075/2900 1040/1104/1040 1042/1106/1042
f 1714/1840/1714 2661/2967/2661 4692/6275/4692
f 4689/6260/4689 1369/1466/1369 4412/5550/4412
f 1498/2168/1498 608/629/608 448/461/448
f 1451/4353/1451 3597/4217/3597 1155/1230/1155
f 1451/4353/1451 1155/1230/1155 137/1233/137
f 257/266/257 4489/6449/4489 1625/6530/1625
f 3056/3489/3056 1852/1998/1852 3209/3690/3209
f 1966/2126/1966 514/531/514 513/530/513
f 1716/1842/1716 1715/1841/1715 4971/7396/4971
f 3552/7050/3552 4923/7822/4923 3583/8076/3583
f 2552/2834/2552 4901/8035/4901 4329/5380/4329
f 3887/4624/3887 2552/2834/2552 4329/5380/4329
f 4329/7447/4329 4902/6952/4902 2213/2418/2213
f 2212/2417/2212 4329/7447/4329 2213/2418/2213
f 4925/8077/4925 4880/6878/4880 1726/7370/1726
f 1935/2090/1935 150/157/150 3036/3465/3036
f 1418/1517/1418 1614/4374/1614 4567/5939/4567
f 1418/1517/1418 4567/5939/4567 3372/3911/3372
f 525/543/525 524/542/524 2614/2904/2614
f 4945/7158/4945 2313/2543/2313 3149/3612/3149
f 2916/8078/2916 1654/1770/1654 2526/7836/2526
f 4334/5387/4334 3093/3539/3093 2610/5388/2610
f 3535/8079/3535 3490/4070/3490 1933/2088/1933
f 2729/3056/2729 3535/4131/3535 1933/8080/1933
f 1299/1391/1299 1301/1393/1301 1643/6564/1643
f 510/527/510 509/526/509 3980/4778/3980
f 2514/8081/2514 366/377/366 3240/3734/3240
f 4269/6383/4269 3347/5391/3347 4034/4864/4034
f 1367/1464/1367 1002/1063/1002 1001/1062/1001
f 1753/6747/1753 3800/4503/3800 2846/7832/2846
f 2972/3383/2972 4336/5390/4336 4541/5861/4541
f 2972/3383/2972 4541/5861/4541 4356/5433/4356
f 335/4532/335 1484/1584/1484 4077/7220/4077
f 769/7321/769 2538/2824/2538 4333/8082/4333
f 4250/5224/4250 776/816/776 2918/3315/2918
f 4250/5224/4250 2918/3315/2918 305/314/305
f 1486/1586/1486 2482/8083/2482 2481/7221/2481
f 3521/4112/3521 3522/4113/3522 2153/2347/2153
f 1307/1399/1307 1306/1398/1306 4869/6833/4869
f 4998/7768/4998 1307/1399/1307 4869/6833/4869
f 4319/5362/4319 1637/1751/1637 4416/5557/4416
f 4683/6246/4683 4098/6245/4098 816/7873/816
f 2336/8084/2336 1274/1364/1274 3712/7782/3712
f 2450/2706/2450 511/7593/511 510/4292/510
f 3904/4650/3904 4522/5813/4522 2446/5400/2446
f 1997/2161/1997 1996/2160/1996 2681/2994/2681
f 4898/6940/4898 2015/2184/2015 2334/2567/2334
f 3703/8085/3703 4696/8086/4696 1618/8087/1618
f 1539/1643/1539 4856/6786/4856 4671/6785/4671
f 4914/7021/4914 592/613/592 1550/1654/1550
f 2930/8088/2930 423/434/423 422/433/422
f 2930/8088/2930 422/433/422 2931/4381/2931
f 4911/7587/4911 4352/5429/4352 3615/5428/3615
f 2210/6799/2210 2040/8089/2040 2201/2402/2201
f 2667/2977/2667 144/2976/144 3300/3809/3300
f 3889/4627/3889 1687/1807/1687 1367/1464/1367
f 1777/1913/1777 3703/4366/3703 3702/4365/3702
f 1312/8019/1312 3550/4155/3550 3784/4477/3784
f 4245/5216/4245 2103/2289/2103 3141/3601/3141
f 4602/7112/4602 4245/5216/4245 3141/3601/3141
f 3358/3895/3358 3357/3894/3357 4059/7145/4059
f 3358/3895/3358 4059/7145/4059 4325/5373/4325
f 2581/2869/2581 102/109/102 2753/3085/2753
f 3886/4623/3886 4179/8090/4179 2966/3377/2966
f 3784/4477/3784 1921/2074/1921 3325/3847/3325
f 4970/7395/4970 3917/4668/3917 2671/7393/2671
f 4324/5372/4324 1578/5446/1578 4360/5445/4360
f 4706/6307/4706 2541/2817/2541 2543/2819/2543
f 4706/6307/4706 2543/2819/2543 4707/6308/4707
f 2606/2895/2606 4833/8091/4833 4153/5062/4153
f 4152/5061/4152 2606/2895/2606 4153/5062/4153
f 4798/6592/4798 4531/6594/4531 4388/8092/4388
f 2890/3278/2890 3646/4282/3646 4815/6669/4815
f 2890/3278/2890 4815/6669/4815 2891/3279/2891
f 4945/7158/4945 4680/8093/4680 2292/7631/2292
f 4945/7158/4945 2292/7631/2292 2313/2543/2313
f 1936/2091/1936 4758/6490/4758 3417/3974/3417
f 3257/5815/3257 4934/8094/4934 1990/2153/1990
f 1426/1526/1426 1632/1746/1632 4407/5537/4407
f 2201/2402/2201 2040/8089/2040 2039/6124/2039
f 2776/5188/2776 4145/5052/4145 101/108/101
f 1730/1858/1730 1729/1857/1729 4404/7540/4404
f 4600/6364/4600 4639/6110/4639 4240/5210/4240
f 4237/5206/4237 4229/5194/4229 4821/6692/4821
f 4238/5207/4238 4237/5206/4237 4821/6692/4821
f 216/225/216 2511/2778/2511 3457/4027/3457
f 4355/6132/4355 1081/1150/1081 1080/1149/1080
f 1456/8095/1456 2332/3725/2332 3619/5860/3619
f 1713/1839/1713 2699/3017/2699 1829/1969/1829
f 106/113/106 4757/6484/4757 2467/5853/2467
f 3761/4439/3761 3931/4695/3931 3491/4071/3491
f 4097/4978/4097 4413/5552/4413 2070/2246/2070
f 1010/5024/1010 4698/7945/4698 4126/5025/4126
f 2376/2611/2376 2377/2613/2377 3976/4770/3976
f 895/7401/895 692/723/692 4768/6507/4768
f 3513/6506/3513 895/7401/895 4768/6507/4768
f 4784/6647/4784 2494/2757/2494 4481/5722/4481
f 3682/4334/3682 4735/6409/4735 4268/6204/4268
f 3962/8096/3962 380/8097/380 4993/7704/4993
f 3962/8096/3962 4993/7704/4993 4942/8098/4942
f 2404/2647/2404 2403/2646/2403 2923/3322/2923
f 2547/3220/2547 2549/8099/2549 2854/3221/2854
f 2828/3185/2828 2830/3187/2830 3849/4574/3849
f 755/8100/755 1823/4214/1823 1601/6369/1601
f 3978/4775/3978 4581/5968/4581 4392/5516/4392
f 1484/1584/1484 1486/1586/1486 4077/7220/4077
f 4511/5791/4511 685/716/685 2609/6628/2609
f 4876/6856/4876 4645/6536/4645 3309/6857/3309
f 1824/1964/1824 2759/3091/2759 1825/1965/1825
f 4854/6780/4854 3991/6703/3991 3873/4605/3873
f 1989/2152/1989 1317/1412/1317 2311/2541/2311
f 2923/3322/2923 2783/3122/2783 1951/2111/1951
f 782/824/782 3505/4089/3505 783/825/783
f 3246/3740/3246 3248/3742/3248 1210/1295/1210
f 449/462/449 607/628/607 532/550/532
f 3161/3627/3161 2448/6712/2448 2772/3106/2772
f 994/1053/994 2433/2680/2433 3266/3762/3266
f 4592/6695/4592 2664/8101/2664 2493/2756/2493
f 4592/6695/4592 2493/2756/2493 2492/2755/2492
f 4375/8043/4375 2845/3209/2845 4538/5852/4538
f 4051/4895/4051 3396/5091/3396 4335/5389/4335
f 2683/2996/2683 1124/1195/1124 1123/1194/1123
f 3285/6571/3285 3903/7389/3903 319/8102/319
f 4927/7096/4927 2064/2238/2064 3456/6769/3456
f 349/8103/349 2160/5209/2160 350/7904/350
f 2852/3217/2852 3414/3970/3414 2623/2918/2623
f 4780/6539/4780 4601/8069/4601 1769/7581/1769
f 4588/5983/4588 4589/5985/4589 4592/7949/4592
f 2101/8104/2101 695/727/695 1292/1383/1292
f 1378/1475/1378 1380/1477/1380 4344/5410/4344
f 2614/2904/2614 497/4490/497 499/3832/499
f 856/905/856 569/589/569 4573/5952/4573
f 856/905/856 4573/5952/4573 4634/6086/4634
f 197/8105/197 180/187/180 179/186/179
f 4270/5265/4270 539/7871/539 83/5266/83
f 706/2686/706 228/237/228 741/6995/741
f 4388/5507/4388 4531/8106/4531 4389/5508/4389
f 4518/5806/4518 4994/7724/4994 4380/6463/4380
f 2762/3094/2762 3041/3471/3041 2763/3095/2763
f 4474/6997/4474 2847/3211/2847 4992/7698/4992
f 2637/8107/2637 4728/6393/4728 4075/4943/4075
f 2620/5793/2620 4130/5792/4130 1137/8108/1137
f 3697/8109/3697 4499/5759/4499 4498/5758/4498
f 3698/7433/3698 3697/8109/3697 4498/5758/4498
f 1112/1183/1112 1114/1185/1114 817/864/817
f 4933/7117/4933 4104/7520/4104 4876/7488/4876
f 3282/3787/3282 3703/4366/3703 1777/1913/1777
f 991/1050/991 3416/3972/3416 992/1051/992
f 2921/3320/2921 1184/1266/1184 885/939/885
f 2472/2733/2472 2765/3097/2765 2473/2734/2473
f 4214/5168/4214 4920/7063/4920 428/6459/428
f 1098/6319/1098 1552/1656/1552 1096/1659/1096
f 764/803/764 72/79/72 74/81/74
f 1867/2013/1867 2539/2815/2539 2538/2814/2538
f 3890/4629/3890 18/26/18 21/25/21
f 1890/2039/1890 1889/2038/1889 3234/3726/3234
f 1859/2005/1859 202/211/202 204/213/204
f 301/5356/301 1592/1699/1592 302/8110/302
f 2144/7897/2144 2143/2612/2143 4648/6133/4648
f 2506/7892/2506 3205/3685/3205 3207/3687/3207
f 2506/8111/2506 3207/6510/3207 2507/3179/2507
f 2556/2838/2556 4913/7020/4913 2557/2839/2557
f 549/569/549 4683/6246/4683 4128/5028/4128
f 3919/4670/3919 3918/4669/3918 581/7407/581
f 2216/2424/2216 1954/2114/1954 3568/4183/3568
f 3009/8112/3009 327/6087/327 835/882/835
f 3884/4621/3884 3179/3652/3179 4326/5375/4326
f 1307/1399/1307 4998/7768/4998 951/1009/951
f 2610/2899/2610 3093/8113/3093 4583/7241/4583
f 3809/4513/3809 4831/6713/4831 2317/5364/2317
f 2608/2897/2608 2953/3363/2953 1553/1657/1553
f 2608/2897/2608 1553/1657/1553 1552/1656/1552
f 507/524/507 1178/6742/1178 508/525/508
f 3709/4372/3709 4786/6555/4786 3710/4373/3710
f 3591/4209/3591 3378/3917/3378 3317/5497/3317
f 3622/4256/3622 1450/4255/1450 3222/8028/3222
f 2942/3347/2942 2899/3290/2899 2727/3292/2727
f 2004/2173/2004 1316/1411/1316 2275/2495/2275
f 1917/2069/1917 1918/2070/1918 3160/3626/3160
f 4830/6711/4830 3738/6822/3738 3084/3526/3084
f 4399/5525/4399 4398/5524/4398 4537/5849/4537
f 4399/5525/4399 4537/5849/4537 4088/8114/4088
f 1178/8115/1178 1180/1518/1180 4419/7265/4419
f 3590/4208/3590 2388/2626/2388 2282/2503/2282
f 4684/6954/4684 3746/4419/3746 3273/3774/3273
f 3106/3559/3106 4369/5468/4369 1161/3560/1161
f 529/547/529 531/549/531 4302/5452/4302
f 3259/3755/3259 1905/2057/1905 1907/2059/1907
f 133/140/133 153/8116/153 134/141/134
f 2761/3093/2761 2462/5477/2462 4422/5570/4422
f 149/156/149 3019/3447/3019 3036/3465/3036
f 150/157/150 149/156/149 3036/3465/3036
f 1323/1418/1323 1322/1417/1322 336/345/336
f 1575/5927/1575 1323/1418/1323 336/345/336
f 3286/5624/3286 4127/5026/4127 4281/5293/4281
f 3562/4176/3562 4050/4891/4050 3401/3956/3401
f 4904/6959/4904 4227/5190/4227 4844/6751/4844
f 725/761/725 1057/1124/1057 3489/4069/3489
f 2657/2960/2657 193/2962/193 4980/7553/4980
f 4331/5383/4331 2983/3403/2983 2369/2604/2369
f 4843/6750/4843 4795/6587/4795 1181/3418/1181
f 4843/6750/4843 1181/3418/1181 3755/4432/3755
f 2623/2918/2623 2927/3328/2927 2221/6717/2221
f 1414/1512/1414 3277/3778/3277 1508/1611/1508
f 1853/6755/1853 1792/3591/1792 3132/3592/3132
f 1741/1871/1741 3997/4807/3997 1859/2005/1859
f 4588/8117/4588 2254/2469/2254 3955/4733/3955
f 3094/5653/3094 4583/7241/4583 3093/8113/3093
f 1859/2005/1859 1338/1433/1338 202/211/202
f 1218/1304/1218 127/134/127 126/133/126
f 4868/6826/4868 4232/5200/4232 934/988/934
f 3503/4087/3503 3988/4793/3988 2386/2624/2386
f 594/615/594 593/614/593 4169/6335/4169
f 3532/7029/3532 3531/5073/3531 4965/7336/4965
f 3621/4254/3621 3532/7029/3532 4965/7336/4965
f 2093/2275/2093 133/140/133 135/142/135
f 4559/5921/4559 4090/4967/4090 3915/6762/3915
f 4265/5256/4265 3863/4590/3863 4794/6586/4794
f 1680/1800/1680 131/7494/131 4849/7239/4849
f 1481/1581/1481 3856/4581/3856 2295/2522/2295
f 230/239/230 240/249/240 231/240/231
f 2682/2995/2682 4559/5921/4559 2680/2993/2680
f 1890/2039/1890 373/5526/373 372/2037/372
f 3810/4515/3810 4889/6901/4889 3669/4516/3669
f 901/955/901 903/957/903 3329/3852/3329
f 1894/2044/1894 2849/3213/2849 4731/6403/4731
f 707/7019/707 247/256/247 246/255/246
f 4768/6507/4768 694/725/694 343/352/343
f 4610/6035/4610 4768/6507/4768 343/352/343
f 146/153/146 2254/2469/2254 4588/8117/4588
f 2500/2763/2500 1734/1864/1734 1733/1863/1733
f 4946/7179/4946 4489/6449/4489 256/265/256
f 1307/1401/1307 649/675/649 648/674/648
f 1014/1075/1014 2669/2980/2669 2129/2321/2129
f 1014/1075/1014 2129/2321/2129 1015/1076/1015
f 670/701/670 483/5913/483 1071/1140/1071
f 2012/2181/2012 2013/2182/2013 2669/2980/2669
f 3512/4096/3512 2261/2477/2261 273/282/273
f 1994/2158/1994 622/646/622 2589/8118/2589
f 4860/6797/4860 4859/6796/4859 4137/5040/4137
f 4860/6797/4860 4137/5040/4137 4136/5039/4136
f 359/370/359 95/102/95 4050/4891/4050
f 3276/3777/3276 2507/3179/2507 3207/6510/3207
f 776/8119/776 778/7966/778 4718/6350/4718
f 723/759/723 725/761/725 4314/5353/4314
f 2749/7432/2749 4685/6250/4685 4566/5937/4566
f 4854/6780/4854 4084/4960/4084 2871/3249/2871
f 3740/4413/3740 4854/6780/4854 2871/3249/2871
f 1473/1573/1473 1472/1572/1472 4646/6122/4646
f 4425/5574/4425 4476/5709/4476 4970/7395/4970
f 925/979/925 3513/4097/3513 2328/6576/2328
f 3467/4040/3467 2432/8120/2432 3283/3788/3283
f 1551/1655/1551 1550/1654/1550 592/613/592
f 4691/6877/4691 4995/7996/4995 2396/2634/2396
f 1305/1397/1305 4999/7815/4999 1306/1398/1306
f 694/725/694 2550/2832/2550 2415/2658/2415
f 4604/6023/4604 968/1027/968 4552/5901/4552
f 4586/5974/4586 1200/7322/1200 3952/7671/3952
f 3547/7305/3547 2366/2601/2366 505/522/505
f 3897/5192/3897 3783/4476/3783 3950/4725/3950
f 1560/1665/1560 25/30/25 4410/7914/4410
f 4132/5035/4132 4134/5037/4134 2924/3326/2924
f 4132/5035/4132 2924/3326/2924 1327/1422/1327
f 634/659/634 633/658/633 703/737/703
f 605/626/605 265/6792/265 4636/6413/4636
f 4934/7118/4934 3257/5702/3257 709/743/709
f 4004/4818/4004 4005/4819/4005 3813/7770/3813
f 2673/2985/2673 4004/6029/4004 3813/4519/3813
f 4922/7870/4922 4270/5265/4270 4999/7815/4999
f 1305/1400/1305 4922/7071/4922 4999/8121/4999
f 1753/8122/1753 1752/3533/1752 3089/3532/3089
f 1914/2066/1914 2117/2307/2117 1915/2067/1915
f 1659/1775/1659 2393/4789/2393 2392/7932/2392
f 2799/3140/2799 3512/4096/3512 273/282/273
f 1072/1141/1072 3118/3575/3118 4874/6852/4874
f 3236/5857/3236 2384/5859/2384 4962/7287/4962
f 2906/3299/2906 3600/8123/3600 2907/3300/2907
f 4808/6982/4808 179/186/179 4804/6607/4804
f 4808/6982/4808 4804/6607/4804 261/270/261
f 802/849/802 1960/2120/1960 3172/3642/3172
f 4883/6882/4883 4882/6881/4882 1661/1778/1661
f 2333/2566/2333 4898/6940/4898 2334/2567/2334
f 1651/1767/1651 3486/4064/3486 1652/1768/1652
f 1178/1255/1178 3616/4246/3616 1179/1256/1179
f 2798/8124/2798 4379/5491/4379 3021/3449/3021
f 1761/1897/1761 254/1811/254 1691/1813/1691
f 4594/8125/4594 79/86/79 81/88/81
f 2503/2766/2503 3561/4175/3561 4864/6809/4864
f 1009/1070/1009 3335/7171/3335 4835/6724/4835
f 4826/6702/4826 1009/1070/1009 4835/6724/4835
f 3679/4330/3679 1664/1781/1664 3383/3927/3383
f 3679/4330/3679 3383/3927/3383 3048/3479/3048
f 3090/6948/3090 2710/8126/2710 4444/5610/4444
f 2748/3080/2748 2135/8127/2135 2380/2618/2380
f 3643/4279/3643 2722/3042/2722 1779/1915/1779
f 4252/5233/4252 2345/7604/2345 4233/5234/4233
f 3553/4160/3553 1533/1637/1533 1532/1636/1532
f 2427/2860/2427 2463/2723/2463 2627/6288/2627
f 840/888/840 839/887/839 3577/4192/3577
f 1509/4287/1509 388/399/388 3102/3552/3102
f 3685/4340/3685 4761/6495/4761 3803/8000/3803
f 3262/7884/3262 3685/4340/3685 3803/8000/3803
f 637/662/637 1330/5933/1330 1332/8128/1332
f 635/660/635 637/662/637 1332/8128/1332
f 4673/6223/4673 3603/4224/3603 3602/4223/3602
f 975/1034/975 1779/1915/1779 2722/3042/2722
f 2123/2314/2123 27/32/27 24/29/24
f 886/8129/886 179/186/179 4808/6982/4808
f 1222/1308/1222 2872/7469/2872 4085/5103/4085
f 1342/2285/1342 2428/4691/2428 2427/8029/2427
f 611/635/611 2429/2674/2429 1834/1976/1834
f 612/636/612 611/635/611 1834/1976/1834
f 4158/6776/4158 1990/2153/1990 4934/8094/4934
f 2000/2165/2000 1934/2167/1934 391/402/391
f 643/668/643 2082/7283/2082 3059/3493/3059
f 4064/4918/4064 453/468/453 452/467/452
f 3374/3913/3374 2810/3159/2810 960/1018/960
f 3374/3913/3374 960/1018/960 531/6814/531
f 325/334/325 327/336/327 3009/8130/3009
f 4124/7025/4124 1987/2150/1987 4627/6889/4627
f 2304/2532/2304 1363/8131/1363 963/1021/963
f 859/2781/859 2512/2783/2512 4643/6118/4643
f 821/868/821 606/1851/606 608/8132/608
f 696/729/696 119/728/119 4616/6045/4616
f 2733/3060/2733 507/524/507 506/523/506
f 4046/4881/4046 3125/3583/3125 3061/3497/3061
f 3652/6268/3652 3355/3892/3355 2577/2865/2577
f 116/123/116 115/122/115 4323/5371/4323
f 1459/1559/1459 1991/6971/1991 1460/1560/1460
f 1286/1377/1286 1288/1379/1288 4734/6406/4734
f 2954/3364/2954 2670/2981/2670 249/258/249
f 2955/3365/2955 2954/3364/2954 249/258/249
f 4088/8114/4088 4537/5849/4537 4089/7632/4089
f 4959/7280/4959 2956/3366/2956 2955/3365/2955
f 373/7043/373 2788/3127/2788 374/7686/374
f 73/80/73 72/79/72 764/803/764
f 763/802/763 73/80/73 764/803/764
f 1676/1796/1676 3516/4107/3516 1677/1797/1677
f 4231/5198/4231 3799/4502/3799 4717/6343/4717
f 97/5562/97 3816/4525/3816 3706/4369/3706
f 2089/2271/2089 398/409/398 2090/2272/2090
f 4303/5450/4303 2429/2674/2429 611/635/611
f 4303/5450/4303 611/635/611 4982/7538/4982
f 1892/2041/1892 4457/5643/4457 1893/2042/1893
f 4128/7039/4128 4184/5119/4184 2587/7040/2587
f 4561/5923/4561 4562/5925/4562 4402/5530/4402
f 3429/3990/3429 1697/6700/1697 3069/5600/3069
f 1403/1500/1403 2440/2688/2440 674/705/674
f 1077/6610/1077 4806/6612/4806 1078/7895/1078
f 4882/6881/4882 3745/4418/3745 2628/2925/2628
f 4272/5272/4272 492/509/492 491/508/491
f 4950/7201/4950 1632/1746/1632 546/566/546
f 4950/7201/4950 546/566/546 4951/7202/4951
f 3000/3425/3000 3594/4212/3594 4458/8133/4458
f 3000/3425/3000 4458/8133/4458 2048/7557/2048
f 3629/4264/3629 2333/2566/2333 2335/2568/2335
f 828/875/828 364/375/364 363/374/363
f 2488/5771/2488 828/1384/828 363/8134/363
f 406/417/406 2980/7589/2980 3002/7236/3002
f 1946/2105/1946 628/652/628 1947/2106/1947
f 2076/2254/2076 2081/2260/2081 311/2262/311
f 3934/4698/3934 3933/4697/3933 4452/5634/4452
f 4993/7704/4993 3499/7216/3499 2800/3145/2800
f 3776/4466/3776 1274/1364/1274 2336/8084/2336
f 4344/5410/4344 4576/5959/4576 530/548/530
f 1412/1510/1412 1414/1512/1414 1507/1610/1507
f 1412/1510/1412 1507/1610/1507 2768/3102/2768
f 4925/8077/4925 3421/6879/3421 4880/6878/4880
f 4098/4979/4098 3122/3580/3122 1271/1361/1271
f 4098/4979/4098 1271/1361/1271 1273/1363/1273
f 625/4427/625 2863/3240/2863 2252/3242/2252
f 207/216/207 3296/3805/3296 4117/5009/4117
f 1765/1901/1765 3054/3487/3054 3263/3759/3263
f 2587/7040/2587 4185/5120/4185 4451/5633/4451
f 2953/3363/2953 631/655/631 1788/1924/1788
f 4895/6930/4895 4874/6851/4874 4887/6887/4887
f 4173/5101/4173 4172/5100/4172 4793/6585/4793
f 4173/5101/4173 4793/6585/4793 4928/7552/4928
f 4968/7365/4968 3930/4694/3930 803/850/803
f 4968/7365/4968 803/850/803 802/849/802
f 4421/5569/4421 2692/5699/2692 860/909/860
f 2958/3369/2958 938/992/938 937/991/937
f 4887/6887/4887 4874/6851/4874 4084/4960/4084
f 4928/7552/4928 4793/6585/4793 2989/5929/2989
f 775/819/775 3226/8135/3226 2468/6485/2468
f 3241/3735/3241 4038/4870/4038 3931/4695/3931
f 2956/3366/2956 4548/5884/4548 2954/3364/2954
f 41/3048/41 2859/3231/2859 1237/1324/1237
f 41/3048/41 1237/1324/1237 2071/2247/2071
f 3306/8136/3306 2816/3165/2816 2815/3164/2815
f 2970/5463/2970 3622/4256/3622 3094/5653/3094
f 1627/1738/1627 1628/1739/1628 4909/6974/4909
f 4495/5748/4495 640/665/640 4973/7453/4973
f 3954/5370/3954 4318/5361/4318 3525/4117/3525
f 205/214/205 207/216/207 4117/5009/4117
f 4963/7296/4963 4897/6937/4897 3574/4189/3574
f 3573/4188/3573 4963/7296/4963 3574/4189/3574
f 59/4904/59 1495/5617/1495 2666/2974/2666
f 4275/5279/4275 966/6932/966 317/5280/317
f 3488/4067/3488 3163/4956/3163 4729/6396/4729
f 2901/3293/2901 3434/3999/3434 2902/3294/2902
f 1119/7826/1119 1206/1291/1206 313/1290/313
f 3228/3717/3228 3229/3718/3229 4437/5593/4437
f 5001/7896/5001 5002/8137/5002 162/169/162
f 4828/6708/4828 3771/4454/3771 2929/4453/2929
f 586/6333/586 3255/3750/3255 4513/8138/4513
f 881/3840/881 4726/7729/4726 4938/7130/4938
f 2158/8139/2158 4380/5492/4380 4379/5491/4379
f 2928/3329/2928 4563/5928/4563 4550/6906/4550
f 4390/5529/4390 298/307/298 4858/6789/4858
f 4884/6883/4884 5001/7896/5001 887/941/887
f 3171/4296/3171 1065/1132/1065 3965/4797/3965
f 4242/5212/4242 4985/7559/4985 2941/3346/2941
f 3823/8140/3823 1310/1405/1310 3683/4336/3683
f 4432/5583/4432 1358/1455/1358 3228/3717/3228
f 3315/5695/3315 3707/4370/3707 4920/7063/4920
f 4884/6883/4884 4590/5986/4590 4914/7021/4914
f 45/52/45 4582/5969/4582 46/53/46
f 1042/7027/1042 1100/1171/1100 1987/2150/1987
f 2416/2659/2416 1153/1228/1153 3710/4373/3710
f 1059/2921/1059 3711/4376/3711 2626/2922/2626
f 1821/1961/1821 4686/6252/4686 3837/8017/3837
f 1821/1961/1821 3837/8017/3837 1822/1962/1822
f 2793/3132/2793 2136/2328/2136 3797/6968/3797
f 3474/4050/3474 4594/5992/4594 2128/4051/2128
f 2099/2281/2099 2061/4338/2061 2100/2282/2100
f 2587/7040/2587 4184/5119/4184 4185/5120/4185
f 2093/2275/2093 4608/6031/4608 133/140/133
f 87/94/87 4266/7693/4266 2207/3029/2207
f 2756/8141/2756 3303/3812/3303 2997/3422/2997
f 727/8142/727 4493/5741/4493 4432/5583/4432
f 1658/1774/1658 4455/5641/4455 251/260/251
f 3178/8143/3178 1031/6218/1031 4696/6580/4696
f 1505/1606/1505 2033/2204/2033 2668/5604/2668
f 388/2310/388 3883/4620/3883 1326/5856/1326
f 965/1023/965 2304/2532/2304 963/1021/963
f 2255/2470/2255 669/699/669 668/698/668
f 2255/8144/2255 668/5359/668 3954/5370/3954
f 1171/1248/1171 3642/4278/3642 603/624/603
f 3712/4377/3712 1171/1248/1171 603/624/603
f 679/710/679 3177/3650/3177 4633/6185/4633
f 716/750/716 715/749/715 937/991/937
f 4716/6674/4716 4349/5421/4349 3604/4227/3604
f 4102/4985/4102 954/1012/954 953/1011/953
f 4654/6144/4654 2156/2351/2156 2155/2350/2155
f 3159/6145/3159 4654/6144/4654 2155/2350/2155
f 4030/4857/4030 959/7479/959 958/6482/958
f 2118/2308/2118 4975/7459/4975 2119/2309/2119
f 591/612/591 805/852/805 4608/6031/4608
f 697/730/697 699/732/699 3743/4416/3743
f 1027/1089/1027 998/1059/998 997/1058/997
f 1378/1475/1378 4302/5452/4302 2660/2966/2660
f 1655/1771/1655 1654/1770/1654 4712/6326/4712
f 340/349/340 559/7761/559 3108/5621/3108
f 967/1025/967 4814/6667/4814 318/6666/318
f 1193/1275/1193 849/6196/849 1194/1276/1194
f 1048/1112/1048 3167/3635/3167 4438/6795/4438
f 1767/8145/1767 3360/4738/3360 4244/5215/4244
f 159/166/159 1024/1085/1024 3729/4399/3729
f 3989/4795/3989 4346/5416/4346 4123/5021/4123
f 2685/2999/2685 4803/6606/4803 4332/5384/4332
f 3972/4764/3972 2152/7267/2152 1995/5721/1995
f 4075/4943/4075 2896/6970/2896 2637/8107/2637
f 3180/3653/3180 1011/1072/1011 1010/1071/1010
f 3544/4140/3544 4777/6528/4777 4177/5106/4177
f 1486/6224/1486 2814/3163/2814 2482/2744/2482
f 1588/7450/1588 1221/4391/1221 3724/4393/3724
f 1588/7450/1588 3724/4393/3724 3389/7443/3389
f 4962/7287/4962 2384/5859/2384 2160/2356/2160
f 3382/6704/3382 239/248/239 238/247/238
f 3613/4242/3613 3215/3698/3215 3596/4216/3596
f 4505/5776/4505 2771/3105/2771 4277/5288/4277
f 3471/4045/3471 4505/5776/4505 4277/5288/4277
f 517/8146/517 514/531/514 2509/2776/2509
f 517/535/517 2509/7392/2509 4028/4854/4028
f 4710/6317/4710 1928/2083/1928 1931/2086/1931
f 1055/1122/1055 1054/1121/1054 742/778/742
f 4711/6323/4711 1704/1830/1704 1703/1829/1703
f 2527/8147/2527 2526/7836/2526 4990/7696/4990
f 2527/8147/2527 4990/7696/4990 4649/6136/4649
f 2720/4721/2720 2715/3035/2715 2714/3034/2714
f 1010/7032/1010 1012/8148/1012 4915/7033/4915
f 1779/1915/1779 2791/3130/2791 4187/5122/4187
f 1386/1483/1386 4853/6778/4853 1467/6609/1467
f 4994/7721/4994 4932/7116/4932 4264/5255/4264
f 4015/6788/4015 653/679/653 4858/6789/4858
f 4983/7556/4983 4896/6933/4896 966/6932/966
f 4518/5806/4518 3648/5808/3648 4932/7753/4932
f 4493/5741/4493 4614/6042/4614 1359/1456/1359
f 657/687/657 1159/1236/1159 2606/2895/2606
f 657/687/657 2606/2895/2606 4152/5061/4152
f 4347/5418/4347 4984/7558/4984 2870/3248/2870
f 2869/3247/2869 4347/5418/4347 2870/3248/2870
f 4670/6210/4670 3171/3640/3171 1510/1613/1510
f 2781/3120/2781 1735/3119/1735 1737/8149/1737
f 1729/5533/1729 4333/5385/4333 91/98/91
f 1962/2122/1962 1964/2124/1964 2368/2603/2368
f 4883/6882/4883 1664/1781/1664 3759/4436/3759
f 4881/6880/4881 4883/6882/4883 3759/4436/3759
f 824/871/824 4194/5132/4194 4674/6226/4674
f 691/722/691 4452/5634/4452 4067/8150/4067
f 2789/3128/2789 1412/1510/1412 2768/3102/2768
f 2417/2660/2417 4135/7944/4135 4137/8151/4137
f 1234/1321/1234 2937/3342/2937 1235/1322/1235
f 4859/6796/4859 4800/7199/4800 4137/5040/4137
f 1449/2471/1449 2257/2473/2257 4890/6909/4890
f 4189/6912/4189 1449/2471/1449 4890/6909/4890
f 1610/1720/1610 1612/1722/1612 4192/5130/4192
f 2821/8152/2821 4487/5730/4487 3015/3442/3015
f 1053/6214/1053 1577/1683/1577 1145/1219/1145
f 3233/5092/3233 1053/6214/1053 1145/1219/1145
f 744/780/744 2306/2535/2306 3829/4550/3829
f 3295/6756/3295 3866/4593/3866 4871/7757/4871
f 813/860/813 3065/3637/3065 3168/3636/3168
f 4267/5814/4267 4463/5668/4463 4243/7619/4243
f 4612/6040/4612 1019/2103/1019 1068/7089/1068
f 2910/4993/2910 4339/5403/4339 1448/1548/1448
f 2763/8153/2763 4827/6706/4827 4822/6694/4822
f 2763/8153/2763 4822/6694/4822 4955/8154/4955
f 4534/5844/4534 4894/7907/4894 4535/5845/4535
f 2142/2334/2142 374/385/374 1527/1630/1527
f 3674/4325/3674 4652/6142/4652 4446/5616/4446
f 4076/4944/4076 4754/6474/4754 1624/1735/1624
f 2980/8155/2980 2982/5674/2982 3003/3430/3003
f 454/469/454 3984/4786/3984 278/470/278
f 3324/3841/3324 4508/5781/4508 1308/3842/1308
f 2354/6913/2354 4893/6916/4893 3880/4612/3880
f 478/3063/478 1185/3062/1185 1187/7578/1187
f 2820/7780/2820 2819/4161/2819 3554/4163/3554
f 2820/7780/2820 3554/4163/3554 3011/3438/3011
f 4971/7396/4971 4286/5303/4286 3649/4288/3649
f 3430/3993/3430 4181/5112/4181 4940/7135/4940
f 4073/4940/4073 3967/4753/3967 3966/4752/3966
f 1095/8156/1095 4073/4940/4073 3966/4752/3966
f 46/53/46 1401/1498/1401 47/54/47
f 3504/4088/3504 3290/7816/3290 3505/4089/3505
f 3562/4176/3562 359/370/359 4050/4891/4050
f 22/27/22 1420/1520/1420 21/25/21
f 2842/3204/2842 105/5484/105 4278/5289/4278
f 2856/3223/2856 2842/3204/2842 4278/5289/4278
f 3229/3718/3229 2904/3296/2904 4897/6937/4897
f 4437/5593/4437 3229/3718/3229 4897/6937/4897
f 3457/4027/3457 2511/2778/2511 665/2780/665
f 1563/1668/1563 1562/1667/1562 4513/5798/4513
f 3268/5828/3268 122/4777/122 1880/2028/1880
f 4904/6959/4904 3750/4423/3750 4227/5190/4227
f 2022/2192/2022 4679/6236/4679 1613/1723/1613
f 2434/2681/2434 2743/3075/2743 3765/4443/3765
f 4244/8157/4244 492/509/492 4272/5272/4272
f 4986/7573/4986 4062/4915/4062 2214/2420/2214
f 4384/5704/4384 2364/2599/2364 2363/2598/2363
f 3418/3975/3418 3417/3974/3417 4759/6491/4759
f 3852/7522/3852 1778/2669/1778 3359/3897/3359
f 4474/6997/4474 4992/7698/4992 4136/8003/4136
f 752/789/752 751/788/751 877/930/877
f 3497/4078/3497 2495/6170/2495 75/2794/75
f 4770/6514/4770 3422/5694/3422 3169/3638/3169
f 4601/8069/4601 4180/5111/4180 3675/5113/3675
f 3697/5568/3697 860/909/860 917/971/917
f 1899/3604/1899 2645/2945/2645 2248/6875/2248
f 4255/5237/4255 154/161/154 156/163/156
f 864/913/864 4022/4843/4022 2903/3295/2903
f 2238/2450/2238 131/6766/131 130/2451/130
f 824/871/824 4674/6226/4674 3589/4207/3589
f 4698/7031/4698 4915/7033/4915 4534/5844/4534
f 1783/5328/1783 3235/3728/3235 4105/4991/4105
f 437/5924/437 2807/8158/2807 4562/5925/4562
f 949/3368/949 1596/1703/1596 2958/3369/2958
f 2491/2754/2491 4056/4906/4056 2593/5462/2593
f 2340/8159/2340 2315/2546/2315 3985/5646/3985
f 2340/2573/2340 3985/4787/3985 2341/2574/2341
f 528/546/528 3072/3511/3072 3841/4564/3841
f 3748/4421/3748 3750/4423/3750 4904/6959/4904
f 3253/3748/3253 3252/3747/3252 98/105/98
f 4234/5202/4234 3253/3748/3253 98/105/98
f 2434/2681/2434 3765/4443/3765 4953/7211/4953
f 2434/2681/2434 4953/7211/4953 2435/2682/2435
f 3668/5819/3668 4408/5541/4408 2777/3115/2777
f 2265/5157/2265 3668/5819/3668 2777/3115/2777
f 4667/6197/4667 3343/3876/3343 859/908/859
f 2878/5960/2878 2831/3188/2831 2832/3190/2832
f 4304/5338/4304 3543/4139/3543 4305/5339/4305
f 2208/2412/2208 404/415/404 403/414/403
f 4275/5279/4275 4276/5282/4276 4591/8160/4591
f 4983/7556/4983 4275/5279/4275 4591/8160/4591
f 4717/6343/4717 3005/3432/3005 60/67/60
f 302/311/302 4112/6030/4112 804/851/804
f 302/311/302 804/851/804 303/312/303
f 878/3942/878 2246/2462/2246 879/8161/879
f 118/125/118 2747/3079/2747 119/126/119
f 2508/6927/2508 4658/6926/4658 1742/8162/1742
f 2502/2765/2502 2508/8163/2508 1742/1872/1742
f 1279/5926/1279 1281/3252/1281 2873/3251/2873
f 3108/3562/3108 559/579/559 3109/3563/3109
f 1617/1728/1617 4619/6051/4619 1615/1726/1615
f 896/950/896 1903/2055/1903 897/951/897
f 2470/2731/2470 2469/2730/2469 2866/3270/2866
f 4736/6411/4736 2470/8164/2470 2866/6412/2866
f 4685/6250/4685 2749/7432/2749 3683/7431/3683
f 4685/8165/4685 3683/4336/3683 848/896/848
f 3910/4658/3910 3068/3507/3068 2962/3373/2962
f 2288/2512/2288 479/2514/479 3359/3897/3359
f 4835/7561/4835 3336/3867/3336 4557/5918/4557
f 3536/6847/3536 3362/3900/3362 1233/1320/1233
f 2724/7209/2724 4711/6323/4711 1703/1829/1703
f 2712/6986/2712 2917/3314/2917 2713/3820/2713
f 2156/2351/2156 4843/6750/4843 3755/4432/3755
f 2705/8166/2705 713/747/713 1580/7802/1580
f 1789/1926/1789 341/350/341 3108/5621/3108
f 3493/4074/3493 4301/5331/4301 3327/3850/3327
f 911/4541/911 4831/6713/4831 3808/4512/3808
f 3435/6832/3435 3434/6446/3434 2794/3176/2794
f 4683/8074/4683 818/865/818 4184/5119/4184
f 4977/7486/4977 1415/1513/1415 1333/2497/1333
f 279/7489/279 4977/7486/4977 1333/2497/1333
f 2915/3312/2915 1695/1819/1695 3560/4174/3560
f 4815/6669/4815 4158/5072/4158 2891/3279/2891
f 584/605/584 2648/7511/2648 585/606/585
f 4554/6194/4554 2169/2368/2169 1526/1947/1526
f 4389/5905/4389 4530/8167/4530 3894/4634/3894
f 4227/5190/4227 2385/6581/2385 4845/6752/4845
f 3876/4608/3876 3875/4607/3875 4621/6055/4621
f 3876/4608/3876 4621/6055/4621 4378/5487/4378
f 796/7437/796 3959/4740/3959 4733/6405/4733
f 2363/5501/2363 3861/4586/3861 4997/7762/4997
f 4383/5499/4383 2363/5501/2363 4997/7762/4997
f 4885/7181/4885 4400/6899/4400 4817/6677/4817
f 3002/7236/3002 3004/6976/3004 407/418/407
f 1772/1908/1772 1079/1148/1079 1773/1909/1773
f 947/2144/947 1982/2143/1982 948/6977/948
f 1320/6728/1320 434/446/434 1321/7255/1321
f 780/8168/780 2303/6032/2303 252/261/252
f 1724/1850/1724 4852/6777/4852 1075/6782/1075
f 4290/5309/4290 1455/1555/1455 1457/1557/1457
f 12/15/12 208/217/208 210/219/210
f 3439/4006/3439 1703/1829/1703 1705/1831/1705
f 2812/3161/2812 3844/4568/3844 2813/3162/2813
f 4626/6064/4626 1750/1881/1750 4135/7944/4135
f 1683/8169/1683 1571/1677/1571 1572/1678/1572
f 2034/2205/2034 1504/1605/1504 4825/6701/4825
f 2703/4504/2703 3017/3445/3017 4907/6965/4907
f 1518/4934/1518 1517/5514/1517 1338/1433/1338
f 4855/6784/4855 1796/6359/1796 2676/2988/2676
f 4855/6784/4855 2676/2988/2676 1986/2149/1986
f 1963/2123/1963 4878/6863/4878 678/709/678
f 3866/6815/3866 1985/2148/1985 3753/4430/3753
f 440/8170/440 4948/8171/4948 4282/7023/4282
f 4741/6420/4741 2942/7310/2942 3414/3970/3414
f 4250/5224/4250 305/314/305 304/313/304
f 4023/4844/4023 4250/5503/4250 304/4848/304
f 1211/1296/1211 1192/1274/1192 1212/1297/1212
f 4525/5823/4525 3345/3878/3345 1207/1292/1207
f 3800/4503/3800 78/85/78 4859/6796/4859
f 2079/2258/2079 328/337/328 330/339/330
f 1694/1816/1694 3350/3885/3350 1849/1995/1849
f 2250/2465/2250 597/618/597 1318/8172/1318
f 2250/2465/2250 1318/8172/1318 1988/2850/1988
f 1723/6987/1723 1594/1701/1594 1593/1700/1593
f 2897/3288/2897 588/609/588 587/608/587
f 1265/1353/1265 4751/6845/4751 900/954/900
f 1682/7990/1682 1535/1639/1535 1571/1677/1571
f 2966/3377/2966 4179/8090/4179 2967/3378/2967
f 1468/8173/1468 4539/5854/4539 2467/5853/2467
f 448/464/448 220/229/220 2901/3293/2901
f 1570/1676/1570 1569/1675/1569 2293/2520/2293
f 3155/8174/3155 3157/4929/3157 3648/6541/3648
f 2910/4993/2910 1131/4975/1131 912/4974/912
f 1085/1154/1085 4779/6534/4779 1086/1155/1086
f 3669/4317/3669 3270/3770/3270 1353/1450/1353
f 2680/6441/2680 2070/2246/2070 4413/5552/4413
f 4989/7627/4989 4254/5851/4254 1610/1720/1610
f 4989/7627/4989 1610/1720/1610 2743/3075/2743
f 4974/7986/4974 4912/7009/4912 548/568/548
f 1767/8145/1767 4244/5215/4244 4272/8175/4272
f 1611/5238/1611 2353/2588/2353 1612/3232/1612
f 2588/2877/2588 1748/1878/1748 1447/1547/1447
f 4206/6737/4206 3997/4807/3997 1434/7451/1434
f 26/6686/26 4756/6480/4756 29/1299/29
f 1093/8176/1093 4842/6746/4842 746/782/746
f 2171/4531/2171 1485/1585/1485 1484/1584/1484
f 3983/4785/3983 4977/7486/4977 279/7489/279
f 1983/2145/1983 4967/7638/4967 2798/3139/2798
f 1965/2125/1965 2816/5434/2816 3306/6098/3306
f 3561/4175/3561 1745/1875/1745 4367/5465/4367
f 1457/5199/1457 1456/8095/1456 3619/5860/3619
f 930/1818/930 2560/7786/2560 3559/4173/3559
f 4991/7697/4991 3879/4611/3879 3878/4610/3878
f 1871/2017/1871 4991/7697/4991 3878/4610/3878
f 4613/6041/4613 627/651/627 629/653/629
f 1460/3525/1460 1992/2156/1992 598/619/598
f 4580/5967/4580 3986/5966/3986 3949/4724/3949
f 2567/7985/2567 4906/7309/4906 4741/6420/4741
f 235/244/235 393/404/393 248/257/248
f 3571/4186/3571 1493/1594/1493 4572/5950/4572
f 4768/6507/4768 692/723/692 694/725/694
f 2849/6430/2849 2799/3140/2799 4702/8177/4702
f 1646/1762/1646 2656/6953/2656 1647/1763/1647
f 1623/3790/1623 2585/3789/2585 3426/8178/3426
f 1016/4100/1016 3514/4099/3514 2402/8179/2402
f 1673/7022/1673 440/8170/440 4282/7023/4282
f 2935/3340/2935 2937/3342/2937 1234/1321/1234
f 1605/1714/1605 4087/4964/4087 595/616/595
f 4408/5541/4408 4409/5543/4409 2778/3116/2778
f 3723/4392/3723 1627/1738/1627 3724/4393/3724
f 2579/2867/2579 3737/5547/3737 768/6853/768
f 4912/7575/4912 2266/3579/2266 3122/3580/3122
f 869/920/869 3785/8040/3785 4049/4890/4049
f 3221/3708/3221 1261/1349/1261 4899/6945/4899
f 4840/7338/4840 3020/3448/3020 4978/7497/4978
f 1982/7690/1982 4840/7338/4840 4978/7497/4978
f 4476/5709/4476 3917/4668/3917 4970/7395/4970
f 3801/4505/3801 1250/1338/1250 1455/1555/1455
f 3802/4506/3802 3801/4505/3801 1455/1555/1455
f 1958/2118/1958 1859/2005/1859 3997/4807/3997
f 1094/1165/1094 1093/1164/1093 4792/6575/4792
f 1109/1180/1109 4592/5989/4592 4527/5830/4527
f 1109/1180/1109 4527/5830/4527 1110/1181/1110
f 4927/7096/4927 3456/6769/3456 3455/7531/3455
f 2182/2382/2182 2989/3410/2989 2973/7080/2973
f 4526/5826/4526 1682/1802/1682 1681/1801/1681
f 4593/5991/4593 577/597/577 3610/4237/3610
f 3163/4956/3163 3165/7037/3165 4916/7036/4916
f 4729/6396/4729 3163/4956/3163 4916/7036/4916
f 568/588/568 4089/4966/4089 516/533/516
f 1339/7684/1339 1341/4703/1341 4376/5485/4376
f 4893/6916/4893 1339/7684/1339 4376/5485/4376
f 378/6770/378 347/356/347 379/8180/379
f 4964/7324/4964 463/480/463 797/5817/797
f 4382/8181/4382 2164/8182/2164 618/8183/618
f 4641/6356/4641 2922/7035/2922 4639/8184/4639
f 1685/1805/1685 3352/3888/3352 3351/3887/3351
f 1756/1890/1756 1685/1805/1685 3351/3887/3351
f 1047/1111/1047 3166/3633/3166 1048/1112/1048
f 3611/4238/3611 4868/6826/4868 3023/3451/3023
f 4756/6480/4756 2314/2545/2314 1214/1300/1214
f 1403/1500/1403 683/7414/683 2440/2688/2440
f 3689/8185/3689 4519/7596/4519 3690/7250/3690
f 749/786/749 1344/5555/1344 748/784/748
f 2696/8051/2696 3515/4722/3515 3139/3599/3139
f 2907/3300/2907 784/826/784 2908/3301/2908
f 3492/8186/3492 488/505/488 1934/2167/1934
f 816/4980/816 1273/1363/1273 2583/7755/2583
f 2647/2947/2647 2106/2292/2106 4296/6874/4296
f 1384/3692/1384 1076/1145/1076 1385/1882/1385
f 4778/6533/4778 4173/5101/4173 4928/7552/4928
f 3782/7594/3782 205/214/205 4117/5009/4117
f 196/204/196 562/582/562 44/51/44
f 4668/6199/4668 1602/1710/1602 1270/1709/1270
f 2848/3212/2848 4668/6199/4668 1270/1709/1270
f 1363/8131/1363 2304/2532/2304 1364/6358/1364
f 1964/2124/1964 3467/5012/3467 2368/2603/2368
f 1135/1206/1135 2450/2706/2450 510/4292/510
f 3315/5695/3315 4920/7063/4920 3169/3638/3169
f 2475/2736/2475 2398/5790/2398 4859/6796/4859
f 4014/4833/4014 2289/2516/2289 2291/2518/2291
f 2836/3198/2836 4213/5166/4213 1183/1263/1183
f 5000/7823/5000 3809/4513/3809 2318/5365/2318
f 500/517/500 598/619/598 714/751/714
f 500/517/500 714/751/714 4823/6697/4823
f 3026/3454/3026 2485/2747/2485 3728/4398/3728
f 3026/3454/3026 3728/4398/3728 3685/8187/3685
f 4360/8188/4360 2146/2339/2146 3983/4785/3983
f 2443/6783/2443 4855/6784/4855 1986/2149/1986
f 1985/2148/1985 2443/6783/2443 1986/2149/1986
f 3979/8189/3979 3594/4212/3594 3593/4211/3593
f 4617/6046/4617 3280/3783/3280 2724/7209/2724
f 569/589/569 516/533/516 4573/5952/4573
f 4894/6929/4894 907/961/907 906/960/906
f 4809/6643/4809 4080/4952/4080 4381/7052/4381
f 2962/3373/2962 3071/3510/3071 2748/4253/2748
f 2468/8190/2468 3226/3715/3226 2466/3714/2466
f 5/5/5 563/583/563 562/582/562
f 3368/6036/3368 343/352/343 345/354/345
f 2251/2466/2251 2250/2465/2250 2565/2851/2565
f 2164/7958/2164 2166/8191/2166 667/697/667
f 1700/7290/1700 2952/3362/2952 4769/6508/4769
f 3151/3616/3151 2641/2939/2641 4002/4814/4002
f 1716/1842/1716 4971/7396/4971 3649/4288/3649
f 942/999/942 4360/5445/4360 3757/5511/3757
f 4393/6300/4393 1009/1070/1009 4826/6702/4826
f 4825/6701/4825 4393/6300/4393 4826/6702/4826
f 889/7919/889 4896/6933/4896 4983/7556/4983
f 698/2508/698 633/658/633 551/657/551
f 2282/2503/2282 2388/2626/2388 878/3942/878
f 2948/3943/2948 3200/3680/3200 3393/3944/3393
f 2462/2722/2462 1371/1468/1371 2463/2723/2463
f 3691/4349/3691 3368/3907/3368 345/8192/345
f 3691/4349/3691 345/8192/345 3137/3597/3137
f 3301/3810/3301 4740/6419/4740 2452/2708/2452
f 17/599/17 580/601/580 4543/5872/4543
f 4488/5955/4488 17/599/17 4543/5872/4543
f 4359/7851/4359 4240/5210/4240 2160/5209/2160
f 4495/5748/4495 4973/7453/4973 4799/6593/4799
f 2615/4772/2615 3558/4172/3558 3035/5015/3035
f 2159/2355/2159 2158/2354/2158 4379/6894/4379
f 3874/4606/3874 1833/1973/1833 1832/1975/1832
f 3838/4561/3838 1973/2133/1973 1747/5474/1747
f 564/6081/564 3159/6145/3159 2155/2350/2155
f 3367/3905/3367 3902/4647/3902 3366/3904/3366
f 1889/2038/1889 372/2037/372 4391/6983/4391
f 181/188/181 1325/1420/1325 3687/4344/3687
f 2977/3392/2977 3095/6140/3095 2978/3393/2978
f 697/730/697 1548/7666/1548 698/731/698
f 3690/7250/3690 2298/2526/2298 2515/2788/2515
f 4620/6053/4620 2226/6868/2226 3337/7885/3337
f 369/8193/369 371/4215/371 1823/4214/1823
f 972/1031/972 971/1030/971 3044/3474/3044
f 1934/2089/1934 1933/2088/1933 3492/4072/3492
f 392/403/392 1207/1292/1207 3344/3877/3344
f 3878/8194/3878 3877/4760/3877 4475/5708/4475
f 1636/1750/1636 4199/5139/4199 4200/5140/4200
f 599/620/599 2781/3120/2781 600/621/600
f 4628/6069/4628 1160/3558/1160 3220/6070/3220
f 2401/2643/2401 1017/8037/1017 2402/2644/2402
f 1076/1145/1076 4433/6492/4433 533/551/533
f 4562/5925/4562 2807/8158/2807 3075/7889/3075
f 1623/1734/1623 1622/1733/1622 3284/5064/3284
f 2444/7528/2444 2381/8195/2381 1435/7376/1435
f 3711/4376/3711 3854/4579/3854 2553/2835/2553
f 1546/1650/1546 2396/2634/2396 2395/2633/2395
f 4548/5884/4548 2956/3366/2956 1678/1798/1678
f 3377/3916/3377 3378/3917/3378 3591/4209/3591
f 4757/6484/4757 777/817/777 775/819/775
f 3598/8196/3598 3319/3835/3319 2752/6022/2752
f 3598/4218/3598 2752/8197/2752 2754/4219/2754
f 536/554/536 1815/1955/1815 537/555/537
f 45/7862/45 1880/2028/1880 1879/2027/1879
f 4582/5969/4582 45/52/45 1879/5970/1879
f 4828/6708/4828 2929/4453/2929 1662/1779/1662
f 511/528/511 924/7001/924 1030/1092/1030
f 512/529/512 511/528/511 1030/1092/1030
f 2688/3002/2688 3830/5481/3830 2689/3003/2689
f 4788/6559/4788 4692/6275/4692 4767/7121/4767
f 768/807/768 767/806/767 4926/7087/4926
f 1573/1679/1573 543/563/543 546/566/546
f 1633/1747/1633 1573/1679/1573 546/566/546
f 4696/8198/4696 289/8199/289 3682/8200/3682
f 455/6619/455 4614/6042/4614 4493/5741/4493
f 431/2147/431 1984/2146/1984 432/8201/432
f 850/898/850 851/900/851 3614/4244/3614
f 1328/7565/1328 4780/8202/4780 1768/1904/1768
f 3984/4786/3984 279/7489/279 278/470/278
f 4766/6503/4766 800/847/800 2998/6578/2998
f 1141/1212/1141 4766/6503/4766 2998/6578/2998
f 4124/7025/4124 1042/7027/1042 1987/2150/1987
f 1166/4853/1166 1607/1716/1607 4386/7077/4386
f 4998/7768/4998 952/1010/952 951/1009/951
f 2537/2812/2537 79/86/79 1599/2813/1599
f 572/3846/572 2489/2752/2489 2592/6263/2592
f 572/8203/572 2592/2881/2592 3415/3971/3415
f 4750/6450/4750 4844/6751/4844 4846/6753/4846
f 4750/6450/4750 4846/6753/4846 2618/2908/2618
f 3394/3945/3394 3393/3944/3393 4847/6754/4847
f 4471/5696/4471 1893/2042/1893 722/8204/722
f 566/5321/566 3274/5323/3274 4159/5076/4159
f 4788/6559/4788 4450/5631/4450 1714/1840/1714
f 3399/3954/3399 1226/1312/1226 4570/5945/4570
f 4178/8205/4178 855/904/855 854/903/854
f 3545/4141/3545 4178/5107/4178 854/8206/854
f 4287/5304/4287 3651/4290/3651 3650/4289/3650
f 1402/1499/1402 3978/4775/3978 3338/4774/3338
f 3153/6092/3153 473/490/473 2193/7840/2193
f 3447/7244/3447 3957/7243/3957 3956/8207/3956
f 4641/6356/4641 661/7094/661 1291/7034/1291
f 3074/3514/3074 4018/4839/4018 3281/7850/3281
f 4190/7438/4190 4189/6912/4189 4892/6911/4892
f 4190/7438/4190 4892/6911/4892 4183/5117/4183
f 2189/2390/2189 408/6888/408 4632/6079/4632
f 1924/2079/1924 575/595/575 574/594/574
f 1924/2079/1924 574/594/574 2819/3169/2819
f 1812/1952/1812 1437/1537/1437 4330/5719/4330
f 1241/1328/1241 1354/1451/1354 4566/7480/4566
f 1374/3500/1374 154/6201/154 4255/7097/4255
f 1374/3500/1374 4255/7097/4255 3063/3501/3063
f 291/300/291 3080/3520/3080 3028/4146/3028
f 3219/7878/3219 225/234/225 2648/2949/2648
f 3110/3564/3110 3744/4417/3744 3674/4325/3674
f 2706/3024/2706 2124/2315/2124 2659/2964/2659
f 2728/3055/2728 4675/6227/4675 4555/5904/4555
f 2728/3055/2728 4555/5904/4555 3058/3492/3058
f 2474/2735/2474 1388/1485/1388 2196/2397/2196
f 3433/8208/3433 3613/4242/3613 371/4215/371
f 370/381/370 3433/3998/3433 371/382/371
f 1453/1553/1453 4789/6560/4789 296/305/296
f 2044/2215/2044 3138/3598/3138 2045/2216/2045
f 3970/4756/3970 1978/2139/1978 2833/3192/2833
f 4185/5120/4185 415/426/415 417/428/417
f 3131/3590/3131 2911/3304/2911 2912/3306/2912
f 1483/8014/1483 4820/6687/4820 681/712/681
f 1483/1583/1483 681/8209/681 683/7414/683
f 2991/3412/2991 1547/1651/1547 3617/4248/3617
f 2331/2564/2331 2330/2563/2330 1249/1337/1249
f 2450/2706/2450 922/976/922 924/978/924
f 3956/4736/3956 880/933/880 243/252/243
f 2197/2398/2197 1975/2135/1975 3534/4130/3534
f 2379/2615/2379 3635/5027/3635 2172/2616/2172
f 445/457/445 1482/8013/1482 3948/4723/3948
f 3444/6562/3444 3446/4874/3446 4790/6563/4790
f 4101/4984/4101 4929/8210/4929 182/189/182
f 3095/7950/3095 2362/2597/2362 3644/4280/3644
f 2808/3154/2808 1737/3156/1737 3819/8211/3819
f 1629/1743/1629 2024/2194/2024 1630/1744/1630
f 1240/1327/1240 1354/1451/1354 1241/1328/1241
f 5002/7999/5002 3514/8025/3514 160/8212/160
f 4660/6171/4660 2878/3259/2878 4349/7551/4349
f 1356/7455/1356 1355/2485/1355 4912/7445/4912
f 1406/1503/1406 4017/4837/4017 2331/2564/2331
f 4340/5544/4340 2497/2760/2497 630/654/630
f 4873/6844/4873 1639/1755/1639 4863/6803/4863
f 3378/3917/3378 2854/3221/2854 3317/5497/3317
f 3455/4025/3455 2912/3306/2912 320/329/320
f 4571/5947/4571 3851/8213/3851 3853/5809/3853
f 1227/5419/1227 4110/5000/4110 1228/2493/1228
f 1640/1756/1640 4873/6844/4873 3292/6062/3292
f 3425/4480/3425 3287/3795/3287 2302/4481/2302
f 1694/1816/1694 1693/1815/1693 3350/3885/3350
f 4901/6951/4901 3748/4421/3748 4904/6959/4904
f 4933/7117/4933 4875/7155/4875 4662/6174/4662
f 4232/5200/4232 4233/5201/4233 2697/3011/2697
f 489/4679/489 3931/4695/3931 490/6761/490
f 3769/4449/3769 1753/6747/1753 3089/7848/3089
f 2726/3053/2726 2595/2884/2595 1373/1470/1373
f 3525/4117/3525 4318/5361/4318 1149/1223/1149
f 2757/3089/2757 1427/1527/1427 1429/1529/1429
f 2452/2708/2452 4918/7057/4918 2601/2890/2601
f 3686/4343/3686 2452/2708/2452 2601/2890/2601
f 4363/5455/4363 4662/6174/4662 4725/6376/4725
f 425/8214/425 132/7493/132 1679/1799/1679
f 717/753/717 2380/2618/2380 718/754/718
f 2681/2994/2681 4090/4967/4090 2682/2995/2682
f 2589/6090/2589 2591/8215/2591 4635/6091/4635
f 2609/6628/2609 3775/4465/3775 2610/5388/2610
f 507/524/507 2348/6621/2348 1178/6742/1178
f 4041/4876/4041 4917/7056/4917 4949/7194/4949
f 1303/1395/1303 3022/3450/3022 4062/7384/4062
f 546/566/546 545/565/545 4951/7202/4951
f 3828/4549/3828 2018/2187/2018 4903/6955/4903
f 1430/1530/1430 2911/3304/2911 1851/1997/1851
f 4309/5345/4309 2377/2613/2377 1817/5770/1817
f 2126/2318/2126 2125/2317/2125 4879/6864/4879
f 713/747/713 2705/8166/2705 2704/5879/2704
f 2545/7920/2545 1021/6691/1021 3677/4328/3677
f 2560/7786/2560 353/362/353 352/361/352
f 2469/2730/2469 484/700/484 671/702/671
f 3754/6215/3754 547/8216/547 3298/6216/3298
f 234/3918/234 3379/3920/3379 4959/7633/4959
f 2118/2308/2118 3849/5315/3849 4975/7459/4975
f 3138/3598/3138 3733/4405/3733 2045/2216/2045
f 4125/6065/4125 4627/6067/4627 3634/8217/3634
f 2818/3168/2818 2562/3167/2562 2731/3058/2731
f 2365/2600/2365 4570/5945/4570 331/340/331
f 4155/5066/4155 3543/4139/3543 3542/4138/3542
f 1795/1933/1795 2191/2392/2191 4832/6714/4832
f 3405/3960/3405 3407/3962/3407 3453/6207/3453
f 2840/7425/2840 3405/3960/3405 3453/6207/3453
f 1485/1585/1485 2430/2677/2430 1486/1586/1486
f 4785/7110/4785 3349/3884/3349 2055/8218/2055
f 4661/6172/4661 4827/6706/4827 3041/6173/3041
f 1691/1813/1691 3995/7302/3995 4311/5349/4311
f 2612/4411/2612 4607/6028/4607 2673/2985/2673
f 941/997/941 939/993/939 4889/6901/4889
f 4448/5623/4448 941/997/941 4889/6901/4889
f 926/4249/926 2329/6293/2329 3618/4250/3618
f 1019/2103/1019 1069/5747/1069 1068/7089/1068
f 751/8219/751 2280/2501/2280 2283/2504/2283
f 693/8220/693 1229/1315/1229 2413/7312/2413
f 3865/4592/3865 4499/5759/4499 167/174/167
f 3354/8221/3354 757/7228/757 931/7227/931
f 916/970/916 915/969/915 1247/6473/1247
f 4704/6305/4704 2829/3186/2829 2828/3185/2828
f 3435/4000/3435 1999/7423/1999 2902/3294/2902
f 2490/2753/2490 2489/2752/2489 571/3845/571
f 3149/3612/3149 1167/1244/1167 4387/5506/4387
f 1658/1774/1658 3386/3932/3386 4455/5641/4455
f 4159/5076/4159 3274/5323/3274 4160/5077/4160
f 4919/7058/4919 4317/5360/4317 668/5359/668
f 4760/6627/4760 1600/1707/1600 4346/5416/4346
f 3989/4795/3989 4760/6627/4760 4346/5416/4346
f 911/965/911 3808/7646/3808 2257/2473/2257
f 2983/3403/2983 1962/2122/1962 2369/2604/2369
f 638/663/638 4495/5748/4495 4074/8009/4074
f 3123/3581/3123 638/663/638 4074/8009/4074
f 2775/8008/2775 100/8222/100 4524/6661/4524
f 2775/8008/2775 4524/6661/4524 4604/6023/4604
f 3467/4040/3467 1776/1912/1776 3851/4576/3851
f 2096/6861/2096 2607/2896/2607 3322/3838/3322
f 2180/5542/2180 1234/1321/1234 4409/5543/4409
f 4028/4854/4028 3182/3655/3182 1923/2076/1923
f 4499/7143/4499 3697/5568/3697 917/971/917
f 4499/7143/4499 917/971/917 919/973/919
f 545/565/545 2805/7200/2805 4951/7202/4951
f 1687/1807/1687 1365/1462/1365 1367/1464/1367
f 3324/3841/3324 4938/7130/4938 4509/5782/4509
f 3420/3977/3420 3745/4418/3745 4996/7760/4996
f 4875/6855/4875 3309/6857/3309 4944/7174/4944
f 2583/2872/2583 1236/4081/1236 1112/1183/1112
f 255/7320/255 4754/7643/4754 4256/5239/4256
f 3977/4773/3977 2683/2996/2683 1123/1194/1123
f 4470/7109/4470 4732/6404/4732 4731/6403/4731
f 1094/1165/1094 4792/6575/4792 4370/5472/4370
f 35/40/35 2339/2572/2339 2297/5377/2297
f 4177/5106/4177 4260/6212/4260 4267/5259/4267
f 4177/5106/4177 4267/5259/4267 4178/5107/4178
f 1216/1302/1216 2836/3198/2836 1217/1303/1217
f 3634/4269/3634 4627/6889/4627 1382/1479/1382
f 4758/6490/4758 3038/3467/3038 2038/2209/2038
f 3078/3675/3078 3737/5547/3737 4058/4909/4058
f 1638/7429/1638 654/8223/654 4101/4984/4101
f 4589/5985/4589 3954/5370/3954 3525/4117/3525
f 1384/3692/1384 1994/6089/1994 3211/3693/3211
f 4277/5785/4277 4644/6120/4644 3927/8056/3927
f 1633/1747/1633 1425/1525/1425 3740/4413/3740
f 1795/1933/1795 4832/6714/4832 4723/6716/4723
f 2424/2668/2424 487/504/487 2110/2298/2110
f 4714/6340/4714 2299/2527/2299 2298/2526/2298
f 1403/1500/1403 673/704/673 3856/4581/3856
f 4836/6730/4836 4635/6091/4635 3186/7248/3186
f 4836/6730/4836 3186/7248/3186 4308/5343/4308
f 2290/2517/2290 2289/2516/2289 2209/2413/2209
f 2046/2217/2046 2045/2216/2045 1264/1352/1264
f 4831/6713/4831 2640/2938/2640 1968/2128/1968
f 186/8224/186 2831/8225/2831 187/8226/187
f 1760/1895/1760 3323/3839/3323 3677/4328/3677
f 1120/1191/1120 1760/1895/1760 3677/4328/3677
f 2452/2708/2452 1083/1152/1083 4918/7057/4918
f 22/4068/22 1057/1124/1057 1056/1123/1056
f 1419/1519/1419 22/27/22 1056/7903/1056
f 3141/3601/3141 2103/2289/2103 1846/1992/1846
f 3141/3601/3141 1846/1992/1846 1842/3602/1842
f 3403/3958/3403 3469/4043/3469 3471/4045/3471
f 1611/5238/1611 1828/1968/1828 2353/2588/2353
f 3929/4686/3929 2141/2333/2141 4213/7910/4213
f 1898/2050/1898 1900/2052/1900 3519/4110/3519
f 4678/8062/4678 3170/3639/3170 1244/1331/1244
f 1710/1836/1710 169/176/169 1711/1837/1711
f 1310/1405/1310 4677/6229/4677 1311/1406/1311
f 3259/3755/3259 4643/6118/4643 2512/2783/2512
f 3848/4573/3848 3719/4386/3719 3457/4027/3457
f 687/6011/687 1136/1207/1136 688/4291/688
f 2287/2511/2287 4182/5115/4182 2077/2256/2077
f 367/5440/367 4207/8227/4207 3657/4300/3657
f 4947/7184/4947 3117/3574/3117 3900/5692/3900
f 2664/8101/2664 2665/6515/2665 2493/2756/2493
f 4910/7002/4910 1511/1614/1511 4575/5958/4575
f 3030/3458/3030 3774/4462/3774 16/19/16
f 3030/3458/3030 16/19/16 4924/7075/4924
f 219/228/219 2645/2945/2645 1899/3604/1899
f 3570/4185/3570 4680/8093/4680 4945/7158/4945
f 4183/5117/4183 4892/6911/4892 4829/7436/4829
f 3753/4430/3753 1985/2148/1985 1357/1454/1357
f 1911/2063/1911 1913/2065/1913 1170/4247/1170
f 1464/1564/1464 3506/4090/3506 4923/7072/4923
f 4461/5658/4461 2280/8228/2280 751/788/751
f 902/956/902 901/955/901 3770/6922/3770
f 2461/7441/2461 1512/1615/1512 1514/1617/1514
f 2299/2527/2299 3033/6417/3033 1538/7127/1538
f 3168/3636/3168 2510/7162/2510 814/861/814
f 3844/7877/3844 2322/7876/2322 2932/8229/2932
f 3756/4433/3756 3952/7671/3952 2796/3136/2796
f 2209/2413/2209 403/414/403 2290/2517/2290
f 2252/3242/2252 2277/2498/2277 2279/2500/2279
f 1361/1458/1361 2543/8070/2543 2542/7993/2542
f 2753/7991/2753 4291/5310/4291 2754/4219/2754
f 4265/5256/4265 1567/5713/1567 1758/5254/1758
f 1347/1442/1347 1346/1441/1346 4426/5575/4426
f 2471/2732/2471 4002/4814/4002 33/38/33
f 1046/2534/1046 3341/4551/3341 2306/2535/2306
f 4635/6091/4635 2591/8215/2591 3186/7248/3186
f 3806/5204/3806 4235/5203/4235 4490/5736/4490
f 4468/5687/4468 3441/4008/3441 3440/4007/3440
f 2050/2436/2050 2225/2435/2225 899/953/899
f 4545/5875/4545 4546/5876/4546 4456/7131/4456
f 4831/6713/4831 1968/2128/1968 2317/5364/2317
f 3653/5116/3653 504/521/504 4182/5115/4182
f 4955/7230/4955 3332/5124/3332 2518/2791/2518
f 2517/2790/2517 4955/7230/4955 2518/2791/2518
f 3824/8073/3824 2375/2610/2375 2206/2410/2206
f 3182/7613/3182 3824/8073/3824 2206/2410/2206
f 4723/6360/4723 1672/1792/1672 2533/2808/2533
f 4737/7015/4737 2683/2996/2683 3977/4773/3977
f 1114/1185/1114 1532/1636/1532 4091/4968/4091
f 2560/7786/2560 352/361/352 3559/4173/3559
f 4975/7459/4975 3849/5315/3849 3567/4181/3567
f 4358/5442/4358 4976/7476/4976 2371/7720/2371
f 3690/7250/3690 4519/7596/4519 2298/2526/2298
f 4618/6050/4618 3874/4606/3874 3876/4608/3876
f 81/8230/81 3962/8231/3962 4942/8232/4942
f 4919/7058/4919 4907/7314/4907 4317/5360/4317
f 2883/3267/2883 2885/3269/2885 4102/4985/4102
f 3118/3575/3118 1074/1143/1074 3367/3905/3367
f 3118/3575/3118 3367/3905/3367 3119/3576/3119
f 4973/7453/4973 4561/7709/4561 4402/8233/4402
f 4294/7454/4294 4973/7453/4973 4402/8233/4402
f 3041/6173/3041 4827/6706/4827 2763/8153/2763
f 3356/7577/3356 2964/8234/2964 519/5415/519
f 4380/6463/4380 4994/7724/4994 3588/7723/3588
f 2091/2273/2091 2970/3381/2970 3094/3540/3094
f 751/788/751 2283/8235/2283 877/930/877
f 2412/2655/2412 693/724/693 2413/2656/2413
f 4955/8154/4955 4822/6694/4822 1874/2020/1874
f 4955/8154/4955 1874/2020/1874 3332/3863/3332
f 4080/4952/4080 2120/2311/2120 2122/2313/2122
f 1724/1850/1724 4764/6500/4764 4852/6777/4852
f 1273/1363/1273 2779/3117/2779 2583/7755/2583
f 1372/1469/1372 4469/5689/4469 2390/2628/2390
f 4829/6710/4829 3807/4511/3807 5000/7823/5000
f 3037/3466/3037 4447/5618/4447 2036/2207/2036
f 321/4935/321 320/1120/320 1055/1122/1055
f 1280/1371/1280 2729/3056/2729 1281/1372/1281
f 2913/3309/2913 2057/2229/2057 4775/6709/4775
f 3554/4163/3554 4949/7194/4949 4917/7056/4917
f 3554/4163/3554 4917/7056/4917 3012/3439/3012
f 4980/7553/4980 576/8236/576 3957/7243/3957
f 4226/5900/4226 2776/8007/2776 4604/6023/4604
f 2125/2317/2125 1932/2166/1932 2000/2165/2000
f 3967/4753/3967 4798/6988/4798 4388/5507/4388
f 1782/3694/1782 1308/3842/1308 4508/5781/4508
f 4355/5432/4355 4354/5431/4354 1081/1928/1081
f 1060/1127/1060 1059/1126/1059 1948/2108/1948
f 4709/8237/4709 1585/1691/1585 1584/1690/1584
f 3192/3666/3192 4709/6313/4709 1584/3667/1584
f 380/8097/380 3499/7216/3499 4993/7704/4993
f 3610/4237/3610 577/597/577 576/596/576
f 1331/1426/1331 2389/2627/2389 685/5165/685
f 4015/4834/4015 298/8238/298 92/99/92
f 184/191/184 183/190/183 2996/3421/2996
f 160/167/160 162/169/162 5002/8137/5002
f 3765/4443/3765 4193/5131/4193 4953/7211/4953
f 4964/7324/4964 2697/3011/2697 675/3013/675
f 4993/7704/4993 2800/3145/2800 3113/3570/3113
f 176/183/176 1720/1846/1720 1719/1845/1719
f 2722/3042/2722 1170/1247/1170 1913/2365/1913
f 4966/8239/4966 4678/8062/4678 1244/1331/1244
f 4900/6946/4900 2660/4029/2660 3460/4031/3460
f 4842/6746/4842 1095/8156/1095 3966/4752/3966
f 4645/6536/4645 4876/6856/4876 4104/4989/4104
f 520/7887/520 2964/3375/2964 723/759/723
f 1659/1775/1659 3162/3628/3162 2393/4789/2393
f 1081/1928/1081 1792/1930/1792 1082/8240/1082
f 2762/3094/2762 2517/2790/2517 2516/2789/2516
f 4532/5839/4532 2762/3094/2762 2516/2789/2516
f 2538/2824/2538 769/7321/769 4256/5239/4256
f 760/799/760 2102/8241/2102 4253/5235/4253
f 2230/6849/2230 4672/6860/4672 4773/6519/4773
f 3326/3848/3326 1914/2066/1914 1916/2068/1916
f 3428/3989/3428 2476/2737/2476 2478/2739/2478
f 3247/4996/3247 4274/5276/4274 1006/1067/1006
f 587/5662/587 4513/8242/4513 1562/5663/1562
f 300/458/300 299/4426/299 446/459/446
f 4292/5311/4292 2112/2300/2112 2111/2299/2111
f 4293/5312/4293 4292/5311/4292 2111/2299/2111
f 1338/1433/1338 1517/5514/1517 202/211/202
f 1549/1653/1549 1551/1655/1551 3291/8243/3291
